date,day,week,month,quarter,year,day_of_week,day_name,week_of_year,day_of_year,weekend_flag,holiday_name,holiday_flag,festival_flag,festival_name,season,financial_month,financial_year,financial_quarter
2023-01-01,1,52,1,1,2023,6,Sunday,52,1,True,New Year,True,False,,Winter,10,2022,4
2023-01-02,2,1,1,1,2023,0,Monday,1,2,False,,False,False,,Winter,10,2022,4
2023-01-03,3,1,1,1,2023,1,Tuesday,1,3,False,,False,False,,Winter,10,2022,4
2023-01-04,4,1,1,1,2023,2,Wednesday,1,4,False,,False,False,,Winter,10,2022,4
2023-01-05,5,1,1,1,2023,3,Thursday,1,5,False,,False,False,,Winter,10,2022,4
2023-01-06,6,1,1,1,2023,4,Friday,1,6,False,,False,False,,Winter,10,2022,4
2023-01-07,7,1,1,1,2023,5,Saturday,1,7,True,,False,False,,Winter,10,2022,4
2023-01-08,8,1,1,1,2023,6,Sunday,1,8,True,,False,False,,Winter,10,2022,4
2023-01-09,9,2,1,1,2023,0,Monday,2,9,False,,False,False,,Winter,10,2022,4
2023-01-10,10,2,1,1,2023,1,Tuesday,2,10,False,,False,False,,Winter,10,2022,4
2023-01-11,11,2,1,1,2023,2,Wednesday,2,11,False,,False,False,,Winter,10,2022,4
2023-01-12,12,2,1,1,2023,3,Thursday,2,12,False,,False,False,,Winter,10,2022,4
2023-01-13,13,2,1,1,2023,4,Friday,2,13,False,,False,False,,Winter,10,2022,4
2023-01-14,14,2,1,1,2023,5,Saturday,2,14,True,,False,False,,Winter,10,2022,4
2023-01-15,15,2,1,1,2023,6,Sunday,2,15,True,,False,False,,Winter,10,2022,4
2023-01-16,16,3,1,1,2023,0,Monday,3,16,False,,False,False,,Winter,10,2022,4
2023-01-17,17,3,1,1,2023,1,Tuesday,3,17,False,,False,False,,Winter,10,2022,4
2023-01-18,18,3,1,1,2023,2,Wednesday,3,18,False,,False,False,,Winter,10,2022,4
2023-01-19,19,3,1,1,2023,3,Thursday,3,19,False,,False,False,,Winter,10,2022,4
2023-01-20,20,3,1,1,2023,4,Friday,3,20,False,,False,False,,Winter,10,2022,4
2023-01-21,21,3,1,1,2023,5,Saturday,3,21,True,,False,False,,Winter,10,2022,4
2023-01-22,22,3,1,1,2023,6,Sunday,3,22,True,,False,False,,Winter,10,2022,4
2023-01-23,23,4,1,1,2023,0,Monday,4,23,False,,False,False,,Winter,10,2022,4
2023-01-24,24,4,1,1,2023,1,Tuesday,4,24,False,,False,False,,Winter,10,2022,4
2023-01-25,25,4,1,1,2023,2,Wednesday,4,25,False,,False,False,,Winter,10,2022,4
2023-01-26,26,4,1,1,2023,3,Thursday,4,26,False,Republic Day,True,False,,Winter,10,2022,4
2023-01-27,27,4,1,1,2023,4,Friday,4,27,False,,False,False,,Winter,10,2022,4
2023-01-28,28,4,1,1,2023,5,Saturday,4,28,True,,False,False,,Winter,10,2022,4
2023-01-29,29,4,1,1,2023,6,Sunday,4,29,True,,False,False,,Winter,10,2022,4
2023-01-30,30,5,1,1,2023,0,Monday,5,30,False,,False,False,,Winter,10,2022,4
2023-01-31,31,5,1,1,2023,1,Tuesday,5,31,False,,False,False,,Winter,10,2022,4
2023-02-01,1,5,2,1,2023,2,Wednesday,5,32,False,,False,False,,Winter,11,2022,4
2023-02-02,2,5,2,1,2023,3,Thursday,5,33,False,,False,False,,Winter,11,2022,4
2023-02-03,3,5,2,1,2023,4,Friday,5,34,False,,False,False,,Winter,11,2022,4
2023-02-04,4,5,2,1,2023,5,Saturday,5,35,True,,False,False,,Winter,11,2022,4
2023-02-05,5,5,2,1,2023,6,Sunday,5,36,True,,False,False,,Winter,11,2022,4
2023-02-06,6,6,2,1,2023,0,Monday,6,37,False,,False,False,,Winter,11,2022,4
2023-02-07,7,6,2,1,2023,1,Tuesday,6,38,False,,False,False,,Winter,11,2022,4
2023-02-08,8,6,2,1,2023,2,Wednesday,6,39,False,,False,False,,Winter,11,2022,4
2023-02-09,9,6,2,1,2023,3,Thursday,6,40,False,,False,False,,Winter,11,2022,4
2023-02-10,10,6,2,1,2023,4,Friday,6,41,False,,False,False,,Winter,11,2022,4
2023-02-11,11,6,2,1,2023,5,Saturday,6,42,True,,False,False,,Winter,11,2022,4
2023-02-12,12,6,2,1,2023,6,Sunday,6,43,True,,False,False,,Winter,11,2022,4
2023-02-13,13,7,2,1,2023,0,Monday,7,44,False,,False,False,,Winter,11,2022,4
2023-02-14,14,7,2,1,2023,1,Tuesday,7,45,False,,False,False,,Winter,11,2022,4
2023-02-15,15,7,2,1,2023,2,Wednesday,7,46,False,,False,False,,Winter,11,2022,4
2023-02-16,16,7,2,1,2023,3,Thursday,7,47,False,,False,False,,Winter,11,2022,4
2023-02-17,17,7,2,1,2023,4,Friday,7,48,False,,False,False,,Winter,11,2022,4
2023-02-18,18,7,2,1,2023,5,Saturday,7,49,True,,False,False,,Winter,11,2022,4
2023-02-19,19,7,2,1,2023,6,Sunday,7,50,True,,False,False,,Winter,11,2022,4
2023-02-20,20,8,2,1,2023,0,Monday,8,51,False,,False,False,,Winter,11,2022,4
2023-02-21,21,8,2,1,2023,1,Tuesday,8,52,False,,False,False,,Winter,11,2022,4
2023-02-22,22,8,2,1,2023,2,Wednesday,8,53,False,,False,False,,Winter,11,2022,4
2023-02-23,23,8,2,1,2023,3,Thursday,8,54,False,,False,False,,Winter,11,2022,4
2023-02-24,24,8,2,1,2023,4,Friday,8,55,False,,False,False,,Winter,11,2022,4
2023-02-25,25,8,2,1,2023,5,Saturday,8,56,True,,False,False,,Winter,11,2022,4
2023-02-26,26,8,2,1,2023,6,Sunday,8,57,True,,False,False,,Winter,11,2022,4
2023-02-27,27,9,2,1,2023,0,Monday,9,58,False,,False,False,,Winter,11,2022,4
2023-02-28,28,9,2,1,2023,1,Tuesday,9,59,False,,False,False,,Winter,11,2022,4
2023-03-01,1,9,3,1,2023,2,Wednesday,9,60,False,,False,False,,Spring,12,2022,4
2023-03-02,2,9,3,1,2023,3,Thursday,9,61,False,,False,True,Holi,Spring,12,2022,4
2023-03-03,3,9,3,1,2023,4,Friday,9,62,False,,False,True,Holi,Spring,12,2022,4
2023-03-04,4,9,3,1,2023,5,Saturday,9,63,True,,False,True,Holi,Spring,12,2022,4
2023-03-05,5,9,3,1,2023,6,Sunday,9,64,True,,False,True,Holi,Spring,12,2022,4
2023-03-06,6,10,3,1,2023,0,Monday,10,65,False,,False,True,Holi,Spring,12,2022,4
2023-03-07,7,10,3,1,2023,1,Tuesday,10,66,False,,False,True,Holi,Spring,12,2022,4
2023-03-08,8,10,3,1,2023,2,Wednesday,10,67,False,,False,True,Holi,Spring,12,2022,4
2023-03-09,9,10,3,1,2023,3,Thursday,10,68,False,,False,False,,Spring,12,2022,4
2023-03-10,10,10,3,1,2023,4,Friday,10,69,False,,False,False,,Spring,12,2022,4
2023-03-11,11,10,3,1,2023,5,Saturday,10,70,True,,False,False,,Spring,12,2022,4
2023-03-12,12,10,3,1,2023,6,Sunday,10,71,True,,False,False,,Spring,12,2022,4
2023-03-13,13,11,3,1,2023,0,Monday,11,72,False,,False,False,,Spring,12,2022,4
2023-03-14,14,11,3,1,2023,1,Tuesday,11,73,False,,False,False,,Spring,12,2022,4
2023-03-15,15,11,3,1,2023,2,Wednesday,11,74,False,,False,False,,Spring,12,2022,4
2023-03-16,16,11,3,1,2023,3,Thursday,11,75,False,,False,False,,Spring,12,2022,4
2023-03-17,17,11,3,1,2023,4,Friday,11,76,False,,False,False,,Spring,12,2022,4
2023-03-18,18,11,3,1,2023,5,Saturday,11,77,True,,False,False,,Spring,12,2022,4
2023-03-19,19,11,3,1,2023,6,Sunday,11,78,True,,False,False,,Spring,12,2022,4
2023-03-20,20,12,3,1,2023,0,Monday,12,79,False,,False,False,,Spring,12,2022,4
2023-03-21,21,12,3,1,2023,1,Tuesday,12,80,False,,False,False,,Spring,12,2022,4
2023-03-22,22,12,3,1,2023,2,Wednesday,12,81,False,,False,False,,Spring,12,2022,4
2023-03-23,23,12,3,1,2023,3,Thursday,12,82,False,,False,False,,Spring,12,2022,4
2023-03-24,24,12,3,1,2023,4,Friday,12,83,False,,False,False,,Spring,12,2022,4
2023-03-25,25,12,3,1,2023,5,Saturday,12,84,True,,False,False,,Spring,12,2022,4
2023-03-26,26,12,3,1,2023,6,Sunday,12,85,True,,False,False,,Spring,12,2022,4
2023-03-27,27,13,3,1,2023,0,Monday,13,86,False,,False,False,,Spring,12,2022,4
2023-03-28,28,13,3,1,2023,1,Tuesday,13,87,False,,False,False,,Spring,12,2022,4
2023-03-29,29,13,3,1,2023,2,Wednesday,13,88,False,,False,False,,Spring,12,2022,4
2023-03-30,30,13,3,1,2023,3,Thursday,13,89,False,,False,False,,Spring,12,2022,4
2023-03-31,31,13,3,1,2023,4,Friday,13,90,False,,False,False,,Spring,12,2022,4
2023-04-01,1,13,4,2,2023,5,Saturday,13,91,True,,False,False,,Summer,1,2023,1
2023-04-02,2,13,4,2,2023,6,Sunday,13,92,True,,False,False,,Summer,1,2023,1
2023-04-03,3,14,4,2,2023,0,Monday,14,93,False,,False,False,,Summer,1,2023,1
2023-04-04,4,14,4,2,2023,1,Tuesday,14,94,False,,False,False,,Summer,1,2023,1
2023-04-05,5,14,4,2,2023,2,Wednesday,14,95,False,,False,False,,Summer,1,2023,1
2023-04-06,6,14,4,2,2023,3,Thursday,14,96,False,,False,False,,Summer,1,2023,1
2023-04-07,7,14,4,2,2023,4,Friday,14,97,False,,False,False,,Summer,1,2023,1
2023-04-08,8,14,4,2,2023,5,Saturday,14,98,True,,False,False,,Summer,1,2023,1
2023-04-09,9,14,4,2,2023,6,Sunday,14,99,True,,False,False,,Summer,1,2023,1
2023-04-10,10,15,4,2,2023,0,Monday,15,100,False,,False,False,,Summer,1,2023,1
2023-04-11,11,15,4,2,2023,1,Tuesday,15,101,False,,False,False,,Summer,1,2023,1
2023-04-12,12,15,4,2,2023,2,Wednesday,15,102,False,,False,False,,Summer,1,2023,1
2023-04-13,13,15,4,2,2023,3,Thursday,15,103,False,,False,False,,Summer,1,2023,1
2023-04-14,14,15,4,2,2023,4,Friday,15,104,False,,False,False,,Summer,1,2023,1
2023-04-15,15,15,4,2,2023,5,Saturday,15,105,True,,False,False,,Summer,1,2023,1
2023-04-16,16,15,4,2,2023,6,Sunday,15,106,True,,False,True,Eid al-Fitr,Summer,1,2023,1
2023-04-17,17,16,4,2,2023,0,Monday,16,107,False,,False,True,Eid al-Fitr,Summer,1,2023,1
2023-04-18,18,16,4,2,2023,1,Tuesday,16,108,False,,False,True,Eid al-Fitr,Summer,1,2023,1
2023-04-19,19,16,4,2,2023,2,Wednesday,16,109,False,,False,True,Eid al-Fitr,Summer,1,2023,1
2023-04-20,20,16,4,2,2023,3,Thursday,16,110,False,,False,True,Eid al-Fitr,Summer,1,2023,1
2023-04-21,21,16,4,2,2023,4,Friday,16,111,False,,False,True,Eid al-Fitr,Summer,1,2023,1
2023-04-22,22,16,4,2,2023,5,Saturday,16,112,True,,False,True,Eid al-Fitr,Summer,1,2023,1
2023-04-23,23,16,4,2,2023,6,Sunday,16,113,True,,False,False,,Summer,1,2023,1
2023-04-24,24,17,4,2,2023,0,Monday,17,114,False,,False,False,,Summer,1,2023,1
2023-04-25,25,17,4,2,2023,1,Tuesday,17,115,False,,False,False,,Summer,1,2023,1
2023-04-26,26,17,4,2,2023,2,Wednesday,17,116,False,,False,False,,Summer,1,2023,1
2023-04-27,27,17,4,2,2023,3,Thursday,17,117,False,,False,False,,Summer,1,2023,1
2023-04-28,28,17,4,2,2023,4,Friday,17,118,False,,False,False,,Summer,1,2023,1
2023-04-29,29,17,4,2,2023,5,Saturday,17,119,True,,False,False,,Summer,1,2023,1
2023-04-30,30,17,4,2,2023,6,Sunday,17,120,True,,False,False,,Summer,1,2023,1
2023-05-01,1,18,5,2,2023,0,Monday,18,121,False,Labour Day,True,False,,Summer,2,2023,1
2023-05-02,2,18,5,2,2023,1,Tuesday,18,122,False,,False,False,,Summer,2,2023,1
2023-05-03,3,18,5,2,2023,2,Wednesday,18,123,False,,False,False,,Summer,2,2023,1
2023-05-04,4,18,5,2,2023,3,Thursday,18,124,False,,False,False,,Summer,2,2023,1
2023-05-05,5,18,5,2,2023,4,Friday,18,125,False,,False,False,,Summer,2,2023,1
2023-05-06,6,18,5,2,2023,5,Saturday,18,126,True,,False,False,,Summer,2,2023,1
2023-05-07,7,18,5,2,2023,6,Sunday,18,127,True,,False,False,,Summer,2,2023,1
2023-05-08,8,19,5,2,2023,0,Monday,19,128,False,,False,False,,Summer,2,2023,1
2023-05-09,9,19,5,2,2023,1,Tuesday,19,129,False,,False,False,,Summer,2,2023,1
2023-05-10,10,19,5,2,2023,2,Wednesday,19,130,False,,False,False,,Summer,2,2023,1
2023-05-11,11,19,5,2,2023,3,Thursday,19,131,False,,False,False,,Summer,2,2023,1
2023-05-12,12,19,5,2,2023,4,Friday,19,132,False,,False,False,,Summer,2,2023,1
2023-05-13,13,19,5,2,2023,5,Saturday,19,133,True,,False,False,,Summer,2,2023,1
2023-05-14,14,19,5,2,2023,6,Sunday,19,134,True,,False,False,,Summer,2,2023,1
2023-05-15,15,20,5,2,2023,0,Monday,20,135,False,,False,False,,Summer,2,2023,1
2023-05-16,16,20,5,2,2023,1,Tuesday,20,136,False,,False,False,,Summer,2,2023,1
2023-05-17,17,20,5,2,2023,2,Wednesday,20,137,False,,False,False,,Summer,2,2023,1
2023-05-18,18,20,5,2,2023,3,Thursday,20,138,False,,False,False,,Summer,2,2023,1
2023-05-19,19,20,5,2,2023,4,Friday,20,139,False,,False,False,,Summer,2,2023,1
2023-05-20,20,20,5,2,2023,5,Saturday,20,140,True,,False,False,,Summer,2,2023,1
2023-05-21,21,20,5,2,2023,6,Sunday,20,141,True,,False,False,,Summer,2,2023,1
2023-05-22,22,21,5,2,2023,0,Monday,21,142,False,,False,False,,Summer,2,2023,1
2023-05-23,23,21,5,2,2023,1,Tuesday,21,143,False,,False,False,,Summer,2,2023,1
2023-05-24,24,21,5,2,2023,2,Wednesday,21,144,False,,False,False,,Summer,2,2023,1
2023-05-25,25,21,5,2,2023,3,Thursday,21,145,False,,False,False,,Summer,2,2023,1
2023-05-26,26,21,5,2,2023,4,Friday,21,146,False,,False,False,,Summer,2,2023,1
2023-05-27,27,21,5,2,2023,5,Saturday,21,147,True,,False,False,,Summer,2,2023,1
2023-05-28,28,21,5,2,2023,6,Sunday,21,148,True,,False,False,,Summer,2,2023,1
2023-05-29,29,22,5,2,2023,0,Monday,22,149,False,,False,False,,Summer,2,2023,1
2023-05-30,30,22,5,2,2023,1,Tuesday,22,150,False,,False,False,,Summer,2,2023,1
2023-05-31,31,22,5,2,2023,2,Wednesday,22,151,False,,False,False,,Summer,2,2023,1
2023-06-01,1,22,6,2,2023,3,Thursday,22,152,False,,False,False,,Summer,3,2023,1
2023-06-02,2,22,6,2,2023,4,Friday,22,153,False,,False,False,,Summer,3,2023,1
2023-06-03,3,22,6,2,2023,5,Saturday,22,154,True,,False,False,,Summer,3,2023,1
2023-06-04,4,22,6,2,2023,6,Sunday,22,155,True,,False,False,,Summer,3,2023,1
2023-06-05,5,23,6,2,2023,0,Monday,23,156,False,,False,False,,Summer,3,2023,1
2023-06-06,6,23,6,2,2023,1,Tuesday,23,157,False,,False,False,,Summer,3,2023,1
2023-06-07,7,23,6,2,2023,2,Wednesday,23,158,False,,False,False,,Summer,3,2023,1
2023-06-08,8,23,6,2,2023,3,Thursday,23,159,False,,False,False,,Summer,3,2023,1
2023-06-09,9,23,6,2,2023,4,Friday,23,160,False,,False,False,,Summer,3,2023,1
2023-06-10,10,23,6,2,2023,5,Saturday,23,161,True,,False,False,,Summer,3,2023,1
2023-06-11,11,23,6,2,2023,6,Sunday,23,162,True,,False,False,,Summer,3,2023,1
2023-06-12,12,24,6,2,2023,0,Monday,24,163,False,,False,False,,Summer,3,2023,1
2023-06-13,13,24,6,2,2023,1,Tuesday,24,164,False,,False,False,,Summer,3,2023,1
2023-06-14,14,24,6,2,2023,2,Wednesday,24,165,False,,False,False,,Summer,3,2023,1
2023-06-15,15,24,6,2,2023,3,Thursday,24,166,False,,False,False,,Summer,3,2023,1
2023-06-16,16,24,6,2,2023,4,Friday,24,167,False,,False,False,,Summer,3,2023,1
2023-06-17,17,24,6,2,2023,5,Saturday,24,168,True,,False,False,,Summer,3,2023,1
2023-06-18,18,24,6,2,2023,6,Sunday,24,169,True,,False,False,,Summer,3,2023,1
2023-06-19,19,25,6,2,2023,0,Monday,25,170,False,,False,False,,Summer,3,2023,1
2023-06-20,20,25,6,2,2023,1,Tuesday,25,171,False,,False,False,,Summer,3,2023,1
2023-06-21,21,25,6,2,2023,2,Wednesday,25,172,False,,False,False,,Summer,3,2023,1
2023-06-22,22,25,6,2,2023,3,Thursday,25,173,False,,False,False,,Summer,3,2023,1
2023-06-23,23,25,6,2,2023,4,Friday,25,174,False,,False,False,,Summer,3,2023,1
2023-06-24,24,25,6,2,2023,5,Saturday,25,175,True,,False,False,,Summer,3,2023,1
2023-06-25,25,25,6,2,2023,6,Sunday,25,176,True,,False,False,,Summer,3,2023,1
2023-06-26,26,26,6,2,2023,0,Monday,26,177,False,,False,False,,Summer,3,2023,1
2023-06-27,27,26,6,2,2023,1,Tuesday,26,178,False,,False,False,,Summer,3,2023,1
2023-06-28,28,26,6,2,2023,2,Wednesday,26,179,False,,False,False,,Summer,3,2023,1
2023-06-29,29,26,6,2,2023,3,Thursday,26,180,False,,False,False,,Summer,3,2023,1
2023-06-30,30,26,6,2,2023,4,Friday,26,181,False,,False,False,,Summer,3,2023,1
2023-07-01,1,26,7,3,2023,5,Saturday,26,182,True,,False,False,,Monsoon,4,2023,2
2023-07-02,2,26,7,3,2023,6,Sunday,26,183,True,,False,False,,Monsoon,4,2023,2
2023-07-03,3,27,7,3,2023,0,Monday,27,184,False,,False,False,,Monsoon,4,2023,2
2023-07-04,4,27,7,3,2023,1,Tuesday,27,185,False,,False,False,,Monsoon,4,2023,2
2023-07-05,5,27,7,3,2023,2,Wednesday,27,186,False,,False,False,,Monsoon,4,2023,2
2023-07-06,6,27,7,3,2023,3,Thursday,27,187,False,,False,False,,Monsoon,4,2023,2
2023-07-07,7,27,7,3,2023,4,Friday,27,188,False,,False,False,,Monsoon,4,2023,2
2023-07-08,8,27,7,3,2023,5,Saturday,27,189,True,,False,False,,Monsoon,4,2023,2
2023-07-09,9,27,7,3,2023,6,Sunday,27,190,True,,False,False,,Monsoon,4,2023,2
2023-07-10,10,28,7,3,2023,0,Monday,28,191,False,,False,False,,Monsoon,4,2023,2
2023-07-11,11,28,7,3,2023,1,Tuesday,28,192,False,,False,False,,Monsoon,4,2023,2
2023-07-12,12,28,7,3,2023,2,Wednesday,28,193,False,,False,False,,Monsoon,4,2023,2
2023-07-13,13,28,7,3,2023,3,Thursday,28,194,False,,False,False,,Monsoon,4,2023,2
2023-07-14,14,28,7,3,2023,4,Friday,28,195,False,,False,False,,Monsoon,4,2023,2
2023-07-15,15,28,7,3,2023,5,Saturday,28,196,True,,False,False,,Monsoon,4,2023,2
2023-07-16,16,28,7,3,2023,6,Sunday,28,197,True,,False,False,,Monsoon,4,2023,2
2023-07-17,17,29,7,3,2023,0,Monday,29,198,False,,False,False,,Monsoon,4,2023,2
2023-07-18,18,29,7,3,2023,1,Tuesday,29,199,False,,False,False,,Monsoon,4,2023,2
2023-07-19,19,29,7,3,2023,2,Wednesday,29,200,False,,False,False,,Monsoon,4,2023,2
2023-07-20,20,29,7,3,2023,3,Thursday,29,201,False,,False,False,,Monsoon,4,2023,2
2023-07-21,21,29,7,3,2023,4,Friday,29,202,False,,False,False,,Monsoon,4,2023,2
2023-07-22,22,29,7,3,2023,5,Saturday,29,203,True,,False,False,,Monsoon,4,2023,2
2023-07-23,23,29,7,3,2023,6,Sunday,29,204,True,,False,False,,Monsoon,4,2023,2
2023-07-24,24,30,7,3,2023,0,Monday,30,205,False,,False,False,,Monsoon,4,2023,2
2023-07-25,25,30,7,3,2023,1,Tuesday,30,206,False,,False,False,,Monsoon,4,2023,2
2023-07-26,26,30,7,3,2023,2,Wednesday,30,207,False,,False,False,,Monsoon,4,2023,2
2023-07-27,27,30,7,3,2023,3,Thursday,30,208,False,,False,False,,Monsoon,4,2023,2
2023-07-28,28,30,7,3,2023,4,Friday,30,209,False,,False,False,,Monsoon,4,2023,2
2023-07-29,29,30,7,3,2023,5,Saturday,30,210,True,,False,False,,Monsoon,4,2023,2
2023-07-30,30,30,7,3,2023,6,Sunday,30,211,True,,False,False,,Monsoon,4,2023,2
2023-07-31,31,31,7,3,2023,0,Monday,31,212,False,,False,False,,Monsoon,4,2023,2
2023-08-01,1,31,8,3,2023,1,Tuesday,31,213,False,,False,False,,Monsoon,5,2023,2
2023-08-02,2,31,8,3,2023,2,Wednesday,31,214,False,,False,False,,Monsoon,5,2023,2
2023-08-03,3,31,8,3,2023,3,Thursday,31,215,False,,False,False,,Monsoon,5,2023,2
2023-08-04,4,31,8,3,2023,4,Friday,31,216,False,,False,False,,Monsoon,5,2023,2
2023-08-05,5,31,8,3,2023,5,Saturday,31,217,True,,False,False,,Monsoon,5,2023,2
2023-08-06,6,31,8,3,2023,6,Sunday,31,218,True,,False,False,,Monsoon,5,2023,2
2023-08-07,7,32,8,3,2023,0,Monday,32,219,False,,False,False,,Monsoon,5,2023,2
2023-08-08,8,32,8,3,2023,1,Tuesday,32,220,False,,False,False,,Monsoon,5,2023,2
2023-08-09,9,32,8,3,2023,2,Wednesday,32,221,False,,False,False,,Monsoon,5,2023,2
2023-08-10,10,32,8,3,2023,3,Thursday,32,222,False,,False,False,,Monsoon,5,2023,2
2023-08-11,11,32,8,3,2023,4,Friday,32,223,False,,False,False,,Monsoon,5,2023,2
2023-08-12,12,32,8,3,2023,5,Saturday,32,224,True,,False,False,,Monsoon,5,2023,2
2023-08-13,13,32,8,3,2023,6,Sunday,32,225,True,,False,False,,Monsoon,5,2023,2
2023-08-14,14,33,8,3,2023,0,Monday,33,226,False,,False,False,,Monsoon,5,2023,2
2023-08-15,15,33,8,3,2023,1,Tuesday,33,227,False,Independence Day,True,False,,Monsoon,5,2023,2
2023-08-16,16,33,8,3,2023,2,Wednesday,33,228,False,,False,False,,Monsoon,5,2023,2
2023-08-17,17,33,8,3,2023,3,Thursday,33,229,False,,False,False,,Monsoon,5,2023,2
2023-08-18,18,33,8,3,2023,4,Friday,33,230,False,,False,False,,Monsoon,5,2023,2
2023-08-19,19,33,8,3,2023,5,Saturday,33,231,True,,False,False,,Monsoon,5,2023,2
2023-08-20,20,33,8,3,2023,6,Sunday,33,232,True,,False,False,,Monsoon,5,2023,2
2023-08-21,21,34,8,3,2023,0,Monday,34,233,False,,False,False,,Monsoon,5,2023,2
2023-08-22,22,34,8,3,2023,1,Tuesday,34,234,False,,False,False,,Monsoon,5,2023,2
2023-08-23,23,34,8,3,2023,2,Wednesday,34,235,False,,False,False,,Monsoon,5,2023,2
2023-08-24,24,34,8,3,2023,3,Thursday,34,236,False,,False,False,,Monsoon,5,2023,2
2023-08-25,25,34,8,3,2023,4,Friday,34,237,False,,False,True,Raksha Bandhan,Monsoon,5,2023,2
2023-08-26,26,34,8,3,2023,5,Saturday,34,238,True,,False,True,Raksha Bandhan,Monsoon,5,2023,2
2023-08-27,27,34,8,3,2023,6,Sunday,34,239,True,,False,True,Raksha Bandhan,Monsoon,5,2023,2
2023-08-28,28,35,8,3,2023,0,Monday,35,240,False,,False,True,Raksha Bandhan,Monsoon,5,2023,2
2023-08-29,29,35,8,3,2023,1,Tuesday,35,241,False,,False,True,Raksha Bandhan,Monsoon,5,2023,2
2023-08-30,30,35,8,3,2023,2,Wednesday,35,242,False,,False,True,Raksha Bandhan,Monsoon,5,2023,2
2023-08-31,31,35,8,3,2023,3,Thursday,35,243,False,,False,True,Raksha Bandhan,Monsoon,5,2023,2
2023-09-01,1,35,9,3,2023,4,Friday,35,244,False,,False,False,,Monsoon,6,2023,2
2023-09-02,2,35,9,3,2023,5,Saturday,35,245,True,,False,False,,Monsoon,6,2023,2
2023-09-03,3,35,9,3,2023,6,Sunday,35,246,True,,False,False,,Monsoon,6,2023,2
2023-09-04,4,36,9,3,2023,0,Monday,36,247,False,,False,False,,Monsoon,6,2023,2
2023-09-05,5,36,9,3,2023,1,Tuesday,36,248,False,,False,False,,Monsoon,6,2023,2
2023-09-06,6,36,9,3,2023,2,Wednesday,36,249,False,,False,False,,Monsoon,6,2023,2
2023-09-07,7,36,9,3,2023,3,Thursday,36,250,False,,False,False,,Monsoon,6,2023,2
2023-09-08,8,36,9,3,2023,4,Friday,36,251,False,,False,False,,Monsoon,6,2023,2
2023-09-09,9,36,9,3,2023,5,Saturday,36,252,True,,False,False,,Monsoon,6,2023,2
2023-09-10,10,36,9,3,2023,6,Sunday,36,253,True,,False,False,,Monsoon,6,2023,2
2023-09-11,11,37,9,3,2023,0,Monday,37,254,False,,False,False,,Monsoon,6,2023,2
2023-09-12,12,37,9,3,2023,1,Tuesday,37,255,False,,False,False,,Monsoon,6,2023,2
2023-09-13,13,37,9,3,2023,2,Wednesday,37,256,False,,False,True,Ganesh Chaturthi,Monsoon,6,2023,2
2023-09-14,14,37,9,3,2023,3,Thursday,37,257,False,,False,True,Ganesh Chaturthi,Monsoon,6,2023,2
2023-09-15,15,37,9,3,2023,4,Friday,37,258,False,,False,True,Ganesh Chaturthi,Monsoon,6,2023,2
2023-09-16,16,37,9,3,2023,5,Saturday,37,259,True,,False,True,Ganesh Chaturthi,Monsoon,6,2023,2
2023-09-17,17,37,9,3,2023,6,Sunday,37,260,True,,False,True,Ganesh Chaturthi,Monsoon,6,2023,2
2023-09-18,18,38,9,3,2023,0,Monday,38,261,False,,False,True,Ganesh Chaturthi,Monsoon,6,2023,2
2023-09-19,19,38,9,3,2023,1,Tuesday,38,262,False,,False,True,Ganesh Chaturthi,Monsoon,6,2023,2
2023-09-20,20,38,9,3,2023,2,Wednesday,38,263,False,,False,False,,Monsoon,6,2023,2
2023-09-21,21,38,9,3,2023,3,Thursday,38,264,False,,False,False,,Monsoon,6,2023,2
2023-09-22,22,38,9,3,2023,4,Friday,38,265,False,,False,False,,Monsoon,6,2023,2
2023-09-23,23,38,9,3,2023,5,Saturday,38,266,True,,False,False,,Monsoon,6,2023,2
2023-09-24,24,38,9,3,2023,6,Sunday,38,267,True,,False,False,,Monsoon,6,2023,2
2023-09-25,25,39,9,3,2023,0,Monday,39,268,False,,False,False,,Monsoon,6,2023,2
2023-09-26,26,39,9,3,2023,1,Tuesday,39,269,False,,False,False,,Monsoon,6,2023,2
2023-09-27,27,39,9,3,2023,2,Wednesday,39,270,False,,False,False,,Monsoon,6,2023,2
2023-09-28,28,39,9,3,2023,3,Thursday,39,271,False,,False,False,,Monsoon,6,2023,2
2023-09-29,29,39,9,3,2023,4,Friday,39,272,False,,False,False,,Monsoon,6,2023,2
2023-09-30,30,39,9,3,2023,5,Saturday,39,273,True,,False,False,,Monsoon,6,2023,2
2023-10-01,1,39,10,4,2023,6,Sunday,39,274,True,,False,False,,Autumn,7,2023,3
2023-10-02,2,40,10,4,2023,0,Monday,40,275,False,Gandhi Jayanti,True,False,,Autumn,7,2023,3
2023-10-03,3,40,10,4,2023,1,Tuesday,40,276,False,,False,False,,Autumn,7,2023,3
2023-10-04,4,40,10,4,2023,2,Wednesday,40,277,False,,False,False,,Autumn,7,2023,3
2023-10-05,5,40,10,4,2023,3,Thursday,40,278,False,,False,False,,Autumn,7,2023,3
2023-10-06,6,40,10,4,2023,4,Friday,40,279,False,,False,False,,Autumn,7,2023,3
2023-10-07,7,40,10,4,2023,5,Saturday,40,280,True,,False,False,,Autumn,7,2023,3
2023-10-08,8,40,10,4,2023,6,Sunday,40,281,True,,False,False,,Autumn,7,2023,3
2023-10-09,9,41,10,4,2023,0,Monday,41,282,False,,False,False,,Autumn,7,2023,3
2023-10-10,10,41,10,4,2023,1,Tuesday,41,283,False,,False,False,,Autumn,7,2023,3
2023-10-11,11,41,10,4,2023,2,Wednesday,41,284,False,,False,False,,Autumn,7,2023,3
2023-10-12,12,41,10,4,2023,3,Thursday,41,285,False,,False,False,,Autumn,7,2023,3
2023-10-13,13,41,10,4,2023,4,Friday,41,286,False,,False,False,,Autumn,7,2023,3
2023-10-14,14,41,10,4,2023,5,Saturday,41,287,True,,False,False,,Autumn,7,2023,3
2023-10-15,15,41,10,4,2023,6,Sunday,41,288,True,,False,False,,Autumn,7,2023,3
2023-10-16,16,42,10,4,2023,0,Monday,42,289,False,,False,False,,Autumn,7,2023,3
2023-10-17,17,42,10,4,2023,1,Tuesday,42,290,False,,False,False,,Autumn,7,2023,3
2023-10-18,18,42,10,4,2023,2,Wednesday,42,291,False,,False,True,Dussehra,Autumn,7,2023,3
2023-10-19,19,42,10,4,2023,3,Thursday,42,292,False,,False,True,Dussehra,Autumn,7,2023,3
2023-10-20,20,42,10,4,2023,4,Friday,42,293,False,,False,True,Dussehra,Autumn,7,2023,3
2023-10-21,21,42,10,4,2023,5,Saturday,42,294,True,,False,True,Dussehra,Autumn,7,2023,3
2023-10-22,22,42,10,4,2023,6,Sunday,42,295,True,,False,True,Dussehra,Autumn,7,2023,3
2023-10-23,23,43,10,4,2023,0,Monday,43,296,False,,False,True,Dussehra,Autumn,7,2023,3
2023-10-24,24,43,10,4,2023,1,Tuesday,43,297,False,,False,True,Dussehra,Autumn,7,2023,3
2023-10-25,25,43,10,4,2023,2,Wednesday,43,298,False,,False,False,,Autumn,7,2023,3
2023-10-26,26,43,10,4,2023,3,Thursday,43,299,False,,False,False,,Autumn,7,2023,3
2023-10-27,27,43,10,4,2023,4,Friday,43,300,False,,False,False,,Autumn,7,2023,3
2023-10-28,28,43,10,4,2023,5,Saturday,43,301,True,,False,False,,Autumn,7,2023,3
2023-10-29,29,43,10,4,2023,6,Sunday,43,302,True,,False,False,,Autumn,7,2023,3
2023-10-30,30,44,10,4,2023,0,Monday,44,303,False,,False,False,,Autumn,7,2023,3
2023-10-31,31,44,10,4,2023,1,Tuesday,44,304,False,,False,False,,Autumn,7,2023,3
2023-11-01,1,44,11,4,2023,2,Wednesday,44,305,False,,False,False,,Autumn,8,2023,3
2023-11-02,2,44,11,4,2023,3,Thursday,44,306,False,,False,False,,Autumn,8,2023,3
2023-11-03,3,44,11,4,2023,4,Friday,44,307,False,,False,False,,Autumn,8,2023,3
2023-11-04,4,44,11,4,2023,5,Saturday,44,308,True,,False,False,,Autumn,8,2023,3
2023-11-05,5,44,11,4,2023,6,Sunday,44,309,True,,False,False,,Autumn,8,2023,3
2023-11-06,6,45,11,4,2023,0,Monday,45,310,False,,False,True,Diwali,Autumn,8,2023,3
2023-11-07,7,45,11,4,2023,1,Tuesday,45,311,False,,False,True,Diwali,Autumn,8,2023,3
2023-11-08,8,45,11,4,2023,2,Wednesday,45,312,False,,False,True,Diwali,Autumn,8,2023,3
2023-11-09,9,45,11,4,2023,3,Thursday,45,313,False,,False,True,Diwali,Autumn,8,2023,3
2023-11-10,10,45,11,4,2023,4,Friday,45,314,False,,False,True,Diwali,Autumn,8,2023,3
2023-11-11,11,45,11,4,2023,5,Saturday,45,315,True,,False,True,Diwali,Autumn,8,2023,3
2023-11-12,12,45,11,4,2023,6,Sunday,45,316,True,,False,True,Diwali,Autumn,8,2023,3
2023-11-13,13,46,11,4,2023,0,Monday,46,317,False,,False,False,,Autumn,8,2023,3
2023-11-14,14,46,11,4,2023,1,Tuesday,46,318,False,,False,False,,Autumn,8,2023,3
2023-11-15,15,46,11,4,2023,2,Wednesday,46,319,False,,False,False,,Autumn,8,2023,3
2023-11-16,16,46,11,4,2023,3,Thursday,46,320,False,,False,False,,Autumn,8,2023,3
2023-11-17,17,46,11,4,2023,4,Friday,46,321,False,,False,False,,Autumn,8,2023,3
2023-11-18,18,46,11,4,2023,5,Saturday,46,322,True,,False,False,,Autumn,8,2023,3
2023-11-19,19,46,11,4,2023,6,Sunday,46,323,True,,False,False,,Autumn,8,2023,3
2023-11-20,20,47,11,4,2023,0,Monday,47,324,False,,False,False,,Autumn,8,2023,3
2023-11-21,21,47,11,4,2023,1,Tuesday,47,325,False,,False,False,,Autumn,8,2023,3
2023-11-22,22,47,11,4,2023,2,Wednesday,47,326,False,,False,False,,Autumn,8,2023,3
2023-11-23,23,47,11,4,2023,3,Thursday,47,327,False,,False,False,,Autumn,8,2023,3
2023-11-24,24,47,11,4,2023,4,Friday,47,328,False,,False,False,,Autumn,8,2023,3
2023-11-25,25,47,11,4,2023,5,Saturday,47,329,True,,False,False,,Autumn,8,2023,3
2023-11-26,26,47,11,4,2023,6,Sunday,47,330,True,,False,False,,Autumn,8,2023,3
2023-11-27,27,48,11,4,2023,0,Monday,48,331,False,,False,False,,Autumn,8,2023,3
2023-11-28,28,48,11,4,2023,1,Tuesday,48,332,False,,False,False,,Autumn,8,2023,3
2023-11-29,29,48,11,4,2023,2,Wednesday,48,333,False,,False,False,,Autumn,8,2023,3
2023-11-30,30,48,11,4,2023,3,Thursday,48,334,False,,False,False,,Autumn,8,2023,3
2023-12-01,1,48,12,4,2023,4,Friday,48,335,False,,False,False,,Winter,9,2023,3
2023-12-02,2,48,12,4,2023,5,Saturday,48,336,True,,False,False,,Winter,9,2023,3
2023-12-03,3,48,12,4,2023,6,Sunday,48,337,True,,False,False,,Winter,9,2023,3
2023-12-04,4,49,12,4,2023,0,Monday,49,338,False,,False,False,,Winter,9,2023,3
2023-12-05,5,49,12,4,2023,1,Tuesday,49,339,False,,False,False,,Winter,9,2023,3
2023-12-06,6,49,12,4,2023,2,Wednesday,49,340,False,,False,False,,Winter,9,2023,3
2023-12-07,7,49,12,4,2023,3,Thursday,49,341,False,,False,False,,Winter,9,2023,3
2023-12-08,8,49,12,4,2023,4,Friday,49,342,False,,False,False,,Winter,9,2023,3
2023-12-09,9,49,12,4,2023,5,Saturday,49,343,True,,False,False,,Winter,9,2023,3
2023-12-10,10,49,12,4,2023,6,Sunday,49,344,True,,False,False,,Winter,9,2023,3
2023-12-11,11,50,12,4,2023,0,Monday,50,345,False,,False,False,,Winter,9,2023,3
2023-12-12,12,50,12,4,2023,1,Tuesday,50,346,False,,False,False,,Winter,9,2023,3
2023-12-13,13,50,12,4,2023,2,Wednesday,50,347,False,,False,False,,Winter,9,2023,3
2023-12-14,14,50,12,4,2023,3,Thursday,50,348,False,,False,False,,Winter,9,2023,3
2023-12-15,15,50,12,4,2023,4,Friday,50,349,False,,False,False,,Winter,9,2023,3
2023-12-16,16,50,12,4,2023,5,Saturday,50,350,True,,False,False,,Winter,9,2023,3
2023-12-17,17,50,12,4,2023,6,Sunday,50,351,True,,False,False,,Winter,9,2023,3
2023-12-18,18,51,12,4,2023,0,Monday,51,352,False,,False,False,,Winter,9,2023,3
2023-12-19,19,51,12,4,2023,1,Tuesday,51,353,False,,False,False,,Winter,9,2023,3
2023-12-20,20,51,12,4,2023,2,Wednesday,51,354,False,,False,False,,Winter,9,2023,3
2023-12-21,21,51,12,4,2023,3,Thursday,51,355,False,,False,False,,Winter,9,2023,3
2023-12-22,22,51,12,4,2023,4,Friday,51,356,False,,False,False,,Winter,9,2023,3
2023-12-23,23,51,12,4,2023,5,Saturday,51,357,True,,False,False,,Winter,9,2023,3
2023-12-24,24,51,12,4,2023,6,Sunday,51,358,True,,False,False,,Winter,9,2023,3
2023-12-25,25,52,12,4,2023,0,Monday,52,359,False,Christmas,True,False,,Winter,9,2023,3
2023-12-26,26,52,12,4,2023,1,Tuesday,52,360,False,,False,False,,Winter,9,2023,3
2023-12-27,27,52,12,4,2023,2,Wednesday,52,361,False,,False,False,,Winter,9,2023,3
2023-12-28,28,52,12,4,2023,3,Thursday,52,362,False,,False,False,,Winter,9,2023,3
2023-12-29,29,52,12,4,2023,4,Friday,52,363,False,,False,False,,Winter,9,2023,3
2023-12-30,30,52,12,4,2023,5,Saturday,52,364,True,,False,False,,Winter,9,2023,3
2023-12-31,31,52,12,4,2023,6,Sunday,52,365,True,,False,False,,Winter,9,2023,3
2024-01-01,1,1,1,1,2024,0,Monday,1,1,False,New Year,True,False,,Winter,10,2023,4
2024-01-02,2,1,1,1,2024,1,Tuesday,1,2,False,,False,False,,Winter,10,2023,4
2024-01-03,3,1,1,1,2024,2,Wednesday,1,3,False,,False,False,,Winter,10,2023,4
2024-01-04,4,1,1,1,2024,3,Thursday,1,4,False,,False,False,,Winter,10,2023,4
2024-01-05,5,1,1,1,2024,4,Friday,1,5,False,,False,False,,Winter,10,2023,4
2024-01-06,6,1,1,1,2024,5,Saturday,1,6,True,,False,False,,Winter,10,2023,4
2024-01-07,7,1,1,1,2024,6,Sunday,1,7,True,,False,False,,Winter,10,2023,4
2024-01-08,8,2,1,1,2024,0,Monday,2,8,False,,False,False,,Winter,10,2023,4
2024-01-09,9,2,1,1,2024,1,Tuesday,2,9,False,,False,False,,Winter,10,2023,4
2024-01-10,10,2,1,1,2024,2,Wednesday,2,10,False,,False,False,,Winter,10,2023,4
2024-01-11,11,2,1,1,2024,3,Thursday,2,11,False,,False,False,,Winter,10,2023,4
2024-01-12,12,2,1,1,2024,4,Friday,2,12,False,,False,False,,Winter,10,2023,4
2024-01-13,13,2,1,1,2024,5,Saturday,2,13,True,,False,False,,Winter,10,2023,4
2024-01-14,14,2,1,1,2024,6,Sunday,2,14,True,,False,False,,Winter,10,2023,4
2024-01-15,15,3,1,1,2024,0,Monday,3,15,False,,False,False,,Winter,10,2023,4
2024-01-16,16,3,1,1,2024,1,Tuesday,3,16,False,,False,False,,Winter,10,2023,4
2024-01-17,17,3,1,1,2024,2,Wednesday,3,17,False,,False,False,,Winter,10,2023,4
2024-01-18,18,3,1,1,2024,3,Thursday,3,18,False,,False,False,,Winter,10,2023,4
2024-01-19,19,3,1,1,2024,4,Friday,3,19,False,,False,False,,Winter,10,2023,4
2024-01-20,20,3,1,1,2024,5,Saturday,3,20,True,,False,False,,Winter,10,2023,4
2024-01-21,21,3,1,1,2024,6,Sunday,3,21,True,,False,False,,Winter,10,2023,4
2024-01-22,22,4,1,1,2024,0,Monday,4,22,False,,False,False,,Winter,10,2023,4
2024-01-23,23,4,1,1,2024,1,Tuesday,4,23,False,,False,False,,Winter,10,2023,4
2024-01-24,24,4,1,1,2024,2,Wednesday,4,24,False,,False,False,,Winter,10,2023,4
2024-01-25,25,4,1,1,2024,3,Thursday,4,25,False,,False,False,,Winter,10,2023,4
2024-01-26,26,4,1,1,2024,4,Friday,4,26,False,Republic Day,True,False,,Winter,10,2023,4
2024-01-27,27,4,1,1,2024,5,Saturday,4,27,True,,False,False,,Winter,10,2023,4
2024-01-28,28,4,1,1,2024,6,Sunday,4,28,True,,False,False,,Winter,10,2023,4
2024-01-29,29,5,1,1,2024,0,Monday,5,29,False,,False,False,,Winter,10,2023,4
2024-01-30,30,5,1,1,2024,1,Tuesday,5,30,False,,False,False,,Winter,10,2023,4
2024-01-31,31,5,1,1,2024,2,Wednesday,5,31,False,,False,False,,Winter,10,2023,4
2024-02-01,1,5,2,1,2024,3,Thursday,5,32,False,,False,False,,Winter,11,2023,4
2024-02-02,2,5,2,1,2024,4,Friday,5,33,False,,False,False,,Winter,11,2023,4
2024-02-03,3,5,2,1,2024,5,Saturday,5,34,True,,False,False,,Winter,11,2023,4
2024-02-04,4,5,2,1,2024,6,Sunday,5,35,True,,False,False,,Winter,11,2023,4
2024-02-05,5,6,2,1,2024,0,Monday,6,36,False,,False,False,,Winter,11,2023,4
2024-02-06,6,6,2,1,2024,1,Tuesday,6,37,False,,False,False,,Winter,11,2023,4
2024-02-07,7,6,2,1,2024,2,Wednesday,6,38,False,,False,False,,Winter,11,2023,4
2024-02-08,8,6,2,1,2024,3,Thursday,6,39,False,,False,False,,Winter,11,2023,4
2024-02-09,9,6,2,1,2024,4,Friday,6,40,False,,False,False,,Winter,11,2023,4
2024-02-10,10,6,2,1,2024,5,Saturday,6,41,True,,False,False,,Winter,11,2023,4
2024-02-11,11,6,2,1,2024,6,Sunday,6,42,True,,False,False,,Winter,11,2023,4
2024-02-12,12,7,2,1,2024,0,Monday,7,43,False,,False,False,,Winter,11,2023,4
2024-02-13,13,7,2,1,2024,1,Tuesday,7,44,False,,False,False,,Winter,11,2023,4
2024-02-14,14,7,2,1,2024,2,Wednesday,7,45,False,,False,False,,Winter,11,2023,4
2024-02-15,15,7,2,1,2024,3,Thursday,7,46,False,,False,False,,Winter,11,2023,4
2024-02-16,16,7,2,1,2024,4,Friday,7,47,False,,False,False,,Winter,11,2023,4
2024-02-17,17,7,2,1,2024,5,Saturday,7,48,True,,False,False,,Winter,11,2023,4
2024-02-18,18,7,2,1,2024,6,Sunday,7,49,True,,False,False,,Winter,11,2023,4
2024-02-19,19,8,2,1,2024,0,Monday,8,50,False,,False,False,,Winter,11,2023,4
2024-02-20,20,8,2,1,2024,1,Tuesday,8,51,False,,False,False,,Winter,11,2023,4
2024-02-21,21,8,2,1,2024,2,Wednesday,8,52,False,,False,False,,Winter,11,2023,4
2024-02-22,22,8,2,1,2024,3,Thursday,8,53,False,,False,False,,Winter,11,2023,4
2024-02-23,23,8,2,1,2024,4,Friday,8,54,False,,False,False,,Winter,11,2023,4
2024-02-24,24,8,2,1,2024,5,Saturday,8,55,True,,False,False,,Winter,11,2023,4
2024-02-25,25,8,2,1,2024,6,Sunday,8,56,True,,False,False,,Winter,11,2023,4
2024-02-26,26,9,2,1,2024,0,Monday,9,57,False,,False,False,,Winter,11,2023,4
2024-02-27,27,9,2,1,2024,1,Tuesday,9,58,False,,False,False,,Winter,11,2023,4
2024-02-28,28,9,2,1,2024,2,Wednesday,9,59,False,,False,False,,Winter,11,2023,4
2024-02-29,29,9,2,1,2024,3,Thursday,9,60,False,,False,False,,Winter,11,2023,4
2024-03-01,1,9,3,1,2024,4,Friday,9,61,False,,False,False,,Spring,12,2023,4
2024-03-02,2,9,3,1,2024,5,Saturday,9,62,True,,False,False,,Spring,12,2023,4
2024-03-03,3,9,3,1,2024,6,Sunday,9,63,True,,False,False,,Spring,12,2023,4
2024-03-04,4,10,3,1,2024,0,Monday,10,64,False,,False,False,,Spring,12,2023,4
2024-03-05,5,10,3,1,2024,1,Tuesday,10,65,False,,False,False,,Spring,12,2023,4
2024-03-06,6,10,3,1,2024,2,Wednesday,10,66,False,,False,False,,Spring,12,2023,4
2024-03-07,7,10,3,1,2024,3,Thursday,10,67,False,,False,False,,Spring,12,2023,4
2024-03-08,8,10,3,1,2024,4,Friday,10,68,False,,False,False,,Spring,12,2023,4
2024-03-09,9,10,3,1,2024,5,Saturday,10,69,True,,False,False,,Spring,12,2023,4
2024-03-10,10,10,3,1,2024,6,Sunday,10,70,True,,False,False,,Spring,12,2023,4
2024-03-11,11,11,3,1,2024,0,Monday,11,71,False,,False,False,,Spring,12,2023,4
2024-03-12,12,11,3,1,2024,1,Tuesday,11,72,False,,False,False,,Spring,12,2023,4
2024-03-13,13,11,3,1,2024,2,Wednesday,11,73,False,,False,False,,Spring,12,2023,4
2024-03-14,14,11,3,1,2024,3,Thursday,11,74,False,,False,False,,Spring,12,2023,4
2024-03-15,15,11,3,1,2024,4,Friday,11,75,False,,False,False,,Spring,12,2023,4
2024-03-16,16,11,3,1,2024,5,Saturday,11,76,True,,False,False,,Spring,12,2023,4
2024-03-17,17,11,3,1,2024,6,Sunday,11,77,True,,False,False,,Spring,12,2023,4
2024-03-18,18,12,3,1,2024,0,Monday,12,78,False,,False,False,,Spring,12,2023,4
2024-03-19,19,12,3,1,2024,1,Tuesday,12,79,False,,False,True,Holi,Spring,12,2023,4
2024-03-20,20,12,3,1,2024,2,Wednesday,12,80,False,,False,True,Holi,Spring,12,2023,4
2024-03-21,21,12,3,1,2024,3,Thursday,12,81,False,,False,True,Holi,Spring,12,2023,4
2024-03-22,22,12,3,1,2024,4,Friday,12,82,False,,False,True,Holi,Spring,12,2023,4
2024-03-23,23,12,3,1,2024,5,Saturday,12,83,True,,False,True,Holi,Spring,12,2023,4
2024-03-24,24,12,3,1,2024,6,Sunday,12,84,True,,False,True,Holi,Spring,12,2023,4
2024-03-25,25,13,3,1,2024,0,Monday,13,85,False,,False,True,Holi,Spring,12,2023,4
2024-03-26,26,13,3,1,2024,1,Tuesday,13,86,False,,False,False,,Spring,12,2023,4
2024-03-27,27,13,3,1,2024,2,Wednesday,13,87,False,,False,False,,Spring,12,2023,4
2024-03-28,28,13,3,1,2024,3,Thursday,13,88,False,,False,False,,Spring,12,2023,4
2024-03-29,29,13,3,1,2024,4,Friday,13,89,False,,False,False,,Spring,12,2023,4
2024-03-30,30,13,3,1,2024,5,Saturday,13,90,True,,False,False,,Spring,12,2023,4
2024-03-31,31,13,3,1,2024,6,Sunday,13,91,True,,False,False,,Spring,12,2023,4
2024-04-01,1,14,4,2,2024,0,Monday,14,92,False,,False,False,,Summer,1,2024,1
2024-04-02,2,14,4,2,2024,1,Tuesday,14,93,False,,False,False,,Summer,1,2024,1
2024-04-03,3,14,4,2,2024,2,Wednesday,14,94,False,,False,False,,Summer,1,2024,1
2024-04-04,4,14,4,2,2024,3,Thursday,14,95,False,,False,False,,Summer,1,2024,1
2024-04-05,5,14,4,2,2024,4,Friday,14,96,False,,False,True,Eid al-Fitr,Summer,1,2024,1
2024-04-06,6,14,4,2,2024,5,Saturday,14,97,True,,False,True,Eid al-Fitr,Summer,1,2024,1
2024-04-07,7,14,4,2,2024,6,Sunday,14,98,True,,False,True,Eid al-Fitr,Summer,1,2024,1
2024-04-08,8,15,4,2,2024,0,Monday,15,99,False,,False,True,Eid al-Fitr,Summer,1,2024,1
2024-04-09,9,15,4,2,2024,1,Tuesday,15,100,False,,False,True,Eid al-Fitr,Summer,1,2024,1
2024-04-10,10,15,4,2,2024,2,Wednesday,15,101,False,,False,True,Eid al-Fitr,Summer,1,2024,1
2024-04-11,11,15,4,2,2024,3,Thursday,15,102,False,,False,True,Eid al-Fitr,Summer,1,2024,1
2024-04-12,12,15,4,2,2024,4,Friday,15,103,False,,False,False,,Summer,1,2024,1
2024-04-13,13,15,4,2,2024,5,Saturday,15,104,True,,False,False,,Summer,1,2024,1
2024-04-14,14,15,4,2,2024,6,Sunday,15,105,True,,False,False,,Summer,1,2024,1
2024-04-15,15,16,4,2,2024,0,Monday,16,106,False,,False,False,,Summer,1,2024,1
2024-04-16,16,16,4,2,2024,1,Tuesday,16,107,False,,False,False,,Summer,1,2024,1
2024-04-17,17,16,4,2,2024,2,Wednesday,16,108,False,,False,False,,Summer,1,2024,1
2024-04-18,18,16,4,2,2024,3,Thursday,16,109,False,,False,False,,Summer,1,2024,1
2024-04-19,19,16,4,2,2024,4,Friday,16,110,False,,False,False,,Summer,1,2024,1
2024-04-20,20,16,4,2,2024,5,Saturday,16,111,True,,False,False,,Summer,1,2024,1
2024-04-21,21,16,4,2,2024,6,Sunday,16,112,True,,False,False,,Summer,1,2024,1
2024-04-22,22,17,4,2,2024,0,Monday,17,113,False,,False,False,,Summer,1,2024,1
2024-04-23,23,17,4,2,2024,1,Tuesday,17,114,False,,False,False,,Summer,1,2024,1
2024-04-24,24,17,4,2,2024,2,Wednesday,17,115,False,,False,False,,Summer,1,2024,1
2024-04-25,25,17,4,2,2024,3,Thursday,17,116,False,,False,False,,Summer,1,2024,1
2024-04-26,26,17,4,2,2024,4,Friday,17,117,False,,False,False,,Summer,1,2024,1
2024-04-27,27,17,4,2,2024,5,Saturday,17,118,True,,False,False,,Summer,1,2024,1
2024-04-28,28,17,4,2,2024,6,Sunday,17,119,True,,False,False,,Summer,1,2024,1
2024-04-29,29,18,4,2,2024,0,Monday,18,120,False,,False,False,,Summer,1,2024,1
2024-04-30,30,18,4,2,2024,1,Tuesday,18,121,False,,False,False,,Summer,1,2024,1
2024-05-01,1,18,5,2,2024,2,Wednesday,18,122,False,Labour Day,True,False,,Summer,2,2024,1
2024-05-02,2,18,5,2,2024,3,Thursday,18,123,False,,False,False,,Summer,2,2024,1
2024-05-03,3,18,5,2,2024,4,Friday,18,124,False,,False,False,,Summer,2,2024,1
2024-05-04,4,18,5,2,2024,5,Saturday,18,125,True,,False,False,,Summer,2,2024,1
2024-05-05,5,18,5,2,2024,6,Sunday,18,126,True,,False,False,,Summer,2,2024,1
2024-05-06,6,19,5,2,2024,0,Monday,19,127,False,,False,False,,Summer,2,2024,1
2024-05-07,7,19,5,2,2024,1,Tuesday,19,128,False,,False,False,,Summer,2,2024,1
2024-05-08,8,19,5,2,2024,2,Wednesday,19,129,False,,False,False,,Summer,2,2024,1
2024-05-09,9,19,5,2,2024,3,Thursday,19,130,False,,False,False,,Summer,2,2024,1
2024-05-10,10,19,5,2,2024,4,Friday,19,131,False,,False,False,,Summer,2,2024,1
2024-05-11,11,19,5,2,2024,5,Saturday,19,132,True,,False,False,,Summer,2,2024,1
2024-05-12,12,19,5,2,2024,6,Sunday,19,133,True,,False,False,,Summer,2,2024,1
2024-05-13,13,20,5,2,2024,0,Monday,20,134,False,,False,False,,Summer,2,2024,1
2024-05-14,14,20,5,2,2024,1,Tuesday,20,135,False,,False,False,,Summer,2,2024,1
2024-05-15,15,20,5,2,2024,2,Wednesday,20,136,False,,False,False,,Summer,2,2024,1
2024-05-16,16,20,5,2,2024,3,Thursday,20,137,False,,False,False,,Summer,2,2024,1
2024-05-17,17,20,5,2,2024,4,Friday,20,138,False,,False,False,,Summer,2,2024,1
2024-05-18,18,20,5,2,2024,5,Saturday,20,139,True,,False,False,,Summer,2,2024,1
2024-05-19,19,20,5,2,2024,6,Sunday,20,140,True,,False,False,,Summer,2,2024,1
2024-05-20,20,21,5,2,2024,0,Monday,21,141,False,,False,False,,Summer,2,2024,1
2024-05-21,21,21,5,2,2024,1,Tuesday,21,142,False,,False,False,,Summer,2,2024,1
2024-05-22,22,21,5,2,2024,2,Wednesday,21,143,False,,False,False,,Summer,2,2024,1
2024-05-23,23,21,5,2,2024,3,Thursday,21,144,False,,False,False,,Summer,2,2024,1
2024-05-24,24,21,5,2,2024,4,Friday,21,145,False,,False,False,,Summer,2,2024,1
2024-05-25,25,21,5,2,2024,5,Saturday,21,146,True,,False,False,,Summer,2,2024,1
2024-05-26,26,21,5,2,2024,6,Sunday,21,147,True,,False,False,,Summer,2,2024,1
2024-05-27,27,22,5,2,2024,0,Monday,22,148,False,,False,False,,Summer,2,2024,1
2024-05-28,28,22,5,2,2024,1,Tuesday,22,149,False,,False,False,,Summer,2,2024,1
2024-05-29,29,22,5,2,2024,2,Wednesday,22,150,False,,False,False,,Summer,2,2024,1
2024-05-30,30,22,5,2,2024,3,Thursday,22,151,False,,False,False,,Summer,2,2024,1
2024-05-31,31,22,5,2,2024,4,Friday,22,152,False,,False,False,,Summer,2,2024,1
2024-06-01,1,22,6,2,2024,5,Saturday,22,153,True,,False,False,,Summer,3,2024,1
2024-06-02,2,22,6,2,2024,6,Sunday,22,154,True,,False,False,,Summer,3,2024,1
2024-06-03,3,23,6,2,2024,0,Monday,23,155,False,,False,False,,Summer,3,2024,1
2024-06-04,4,23,6,2,2024,1,Tuesday,23,156,False,,False,False,,Summer,3,2024,1
2024-06-05,5,23,6,2,2024,2,Wednesday,23,157,False,,False,False,,Summer,3,2024,1
2024-06-06,6,23,6,2,2024,3,Thursday,23,158,False,,False,False,,Summer,3,2024,1
2024-06-07,7,23,6,2,2024,4,Friday,23,159,False,,False,False,,Summer,3,2024,1
2024-06-08,8,23,6,2,2024,5,Saturday,23,160,True,,False,False,,Summer,3,2024,1
2024-06-09,9,23,6,2,2024,6,Sunday,23,161,True,,False,False,,Summer,3,2024,1
2024-06-10,10,24,6,2,2024,0,Monday,24,162,False,,False,False,,Summer,3,2024,1
2024-06-11,11,24,6,2,2024,1,Tuesday,24,163,False,,False,False,,Summer,3,2024,1
2024-06-12,12,24,6,2,2024,2,Wednesday,24,164,False,,False,False,,Summer,3,2024,1
2024-06-13,13,24,6,2,2024,3,Thursday,24,165,False,,False,False,,Summer,3,2024,1
2024-06-14,14,24,6,2,2024,4,Friday,24,166,False,,False,False,,Summer,3,2024,1
2024-06-15,15,24,6,2,2024,5,Saturday,24,167,True,,False,False,,Summer,3,2024,1
2024-06-16,16,24,6,2,2024,6,Sunday,24,168,True,,False,False,,Summer,3,2024,1
2024-06-17,17,25,6,2,2024,0,Monday,25,169,False,,False,False,,Summer,3,2024,1
2024-06-18,18,25,6,2,2024,1,Tuesday,25,170,False,,False,False,,Summer,3,2024,1
2024-06-19,19,25,6,2,2024,2,Wednesday,25,171,False,,False,False,,Summer,3,2024,1
2024-06-20,20,25,6,2,2024,3,Thursday,25,172,False,,False,False,,Summer,3,2024,1
2024-06-21,21,25,6,2,2024,4,Friday,25,173,False,,False,False,,Summer,3,2024,1
2024-06-22,22,25,6,2,2024,5,Saturday,25,174,True,,False,False,,Summer,3,2024,1
2024-06-23,23,25,6,2,2024,6,Sunday,25,175,True,,False,False,,Summer,3,2024,1
2024-06-24,24,26,6,2,2024,0,Monday,26,176,False,,False,False,,Summer,3,2024,1
2024-06-25,25,26,6,2,2024,1,Tuesday,26,177,False,,False,False,,Summer,3,2024,1
2024-06-26,26,26,6,2,2024,2,Wednesday,26,178,False,,False,False,,Summer,3,2024,1
2024-06-27,27,26,6,2,2024,3,Thursday,26,179,False,,False,False,,Summer,3,2024,1
2024-06-28,28,26,6,2,2024,4,Friday,26,180,False,,False,False,,Summer,3,2024,1
2024-06-29,29,26,6,2,2024,5,Saturday,26,181,True,,False,False,,Summer,3,2024,1
2024-06-30,30,26,6,2,2024,6,Sunday,26,182,True,,False,False,,Summer,3,2024,1
2024-07-01,1,27,7,3,2024,0,Monday,27,183,False,,False,False,,Monsoon,4,2024,2
2024-07-02,2,27,7,3,2024,1,Tuesday,27,184,False,,False,False,,Monsoon,4,2024,2
2024-07-03,3,27,7,3,2024,2,Wednesday,27,185,False,,False,False,,Monsoon,4,2024,2
2024-07-04,4,27,7,3,2024,3,Thursday,27,186,False,,False,False,,Monsoon,4,2024,2
2024-07-05,5,27,7,3,2024,4,Friday,27,187,False,,False,False,,Monsoon,4,2024,2
2024-07-06,6,27,7,3,2024,5,Saturday,27,188,True,,False,False,,Monsoon,4,2024,2
2024-07-07,7,27,7,3,2024,6,Sunday,27,189,True,,False,False,,Monsoon,4,2024,2
2024-07-08,8,28,7,3,2024,0,Monday,28,190,False,,False,False,,Monsoon,4,2024,2
2024-07-09,9,28,7,3,2024,1,Tuesday,28,191,False,,False,False,,Monsoon,4,2024,2
2024-07-10,10,28,7,3,2024,2,Wednesday,28,192,False,,False,False,,Monsoon,4,2024,2
2024-07-11,11,28,7,3,2024,3,Thursday,28,193,False,,False,False,,Monsoon,4,2024,2
2024-07-12,12,28,7,3,2024,4,Friday,28,194,False,,False,False,,Monsoon,4,2024,2
2024-07-13,13,28,7,3,2024,5,Saturday,28,195,True,,False,False,,Monsoon,4,2024,2
2024-07-14,14,28,7,3,2024,6,Sunday,28,196,True,,False,False,,Monsoon,4,2024,2
2024-07-15,15,29,7,3,2024,0,Monday,29,197,False,,False,False,,Monsoon,4,2024,2
2024-07-16,16,29,7,3,2024,1,Tuesday,29,198,False,,False,False,,Monsoon,4,2024,2
2024-07-17,17,29,7,3,2024,2,Wednesday,29,199,False,,False,False,,Monsoon,4,2024,2
2024-07-18,18,29,7,3,2024,3,Thursday,29,200,False,,False,False,,Monsoon,4,2024,2
2024-07-19,19,29,7,3,2024,4,Friday,29,201,False,,False,False,,Monsoon,4,2024,2
2024-07-20,20,29,7,3,2024,5,Saturday,29,202,True,,False,False,,Monsoon,4,2024,2
2024-07-21,21,29,7,3,2024,6,Sunday,29,203,True,,False,False,,Monsoon,4,2024,2
2024-07-22,22,30,7,3,2024,0,Monday,30,204,False,,False,False,,Monsoon,4,2024,2
2024-07-23,23,30,7,3,2024,1,Tuesday,30,205,False,,False,False,,Monsoon,4,2024,2
2024-07-24,24,30,7,3,2024,2,Wednesday,30,206,False,,False,False,,Monsoon,4,2024,2
2024-07-25,25,30,7,3,2024,3,Thursday,30,207,False,,False,False,,Monsoon,4,2024,2
2024-07-26,26,30,7,3,2024,4,Friday,30,208,False,,False,False,,Monsoon,4,2024,2
2024-07-27,27,30,7,3,2024,5,Saturday,30,209,True,,False,False,,Monsoon,4,2024,2
2024-07-28,28,30,7,3,2024,6,Sunday,30,210,True,,False,False,,Monsoon,4,2024,2
2024-07-29,29,31,7,3,2024,0,Monday,31,211,False,,False,False,,Monsoon,4,2024,2
2024-07-30,30,31,7,3,2024,1,Tuesday,31,212,False,,False,False,,Monsoon,4,2024,2
2024-07-31,31,31,7,3,2024,2,Wednesday,31,213,False,,False,False,,Monsoon,4,2024,2
2024-08-01,1,31,8,3,2024,3,Thursday,31,214,False,,False,False,,Monsoon,5,2024,2
2024-08-02,2,31,8,3,2024,4,Friday,31,215,False,,False,False,,Monsoon,5,2024,2
2024-08-03,3,31,8,3,2024,5,Saturday,31,216,True,,False,False,,Monsoon,5,2024,2
2024-08-04,4,31,8,3,2024,6,Sunday,31,217,True,,False,False,,Monsoon,5,2024,2
2024-08-05,5,32,8,3,2024,0,Monday,32,218,False,,False,False,,Monsoon,5,2024,2
2024-08-06,6,32,8,3,2024,1,Tuesday,32,219,False,,False,False,,Monsoon,5,2024,2
2024-08-07,7,32,8,3,2024,2,Wednesday,32,220,False,,False,False,,Monsoon,5,2024,2
2024-08-08,8,32,8,3,2024,3,Thursday,32,221,False,,False,False,,Monsoon,5,2024,2
2024-08-09,9,32,8,3,2024,4,Friday,32,222,False,,False,False,,Monsoon,5,2024,2
2024-08-10,10,32,8,3,2024,5,Saturday,32,223,True,,False,False,,Monsoon,5,2024,2
2024-08-11,11,32,8,3,2024,6,Sunday,32,224,True,,False,False,,Monsoon,5,2024,2
2024-08-12,12,33,8,3,2024,0,Monday,33,225,False,,False,False,,Monsoon,5,2024,2
2024-08-13,13,33,8,3,2024,1,Tuesday,33,226,False,,False,True,Raksha Bandhan,Monsoon,5,2024,2
2024-08-14,14,33,8,3,2024,2,Wednesday,33,227,False,,False,True,Raksha Bandhan,Monsoon,5,2024,2
2024-08-15,15,33,8,3,2024,3,Thursday,33,228,False,Independence Day,True,True,Raksha Bandhan,Monsoon,5,2024,2
2024-08-16,16,33,8,3,2024,4,Friday,33,229,False,,False,True,Raksha Bandhan,Monsoon,5,2024,2
2024-08-17,17,33,8,3,2024,5,Saturday,33,230,True,,False,True,Raksha Bandhan,Monsoon,5,2024,2
2024-08-18,18,33,8,3,2024,6,Sunday,33,231,True,,False,True,Raksha Bandhan,Monsoon,5,2024,2
2024-08-19,19,34,8,3,2024,0,Monday,34,232,False,,False,True,Raksha Bandhan,Monsoon,5,2024,2
2024-08-20,20,34,8,3,2024,1,Tuesday,34,233,False,,False,False,,Monsoon,5,2024,2
2024-08-21,21,34,8,3,2024,2,Wednesday,34,234,False,,False,False,,Monsoon,5,2024,2
2024-08-22,22,34,8,3,2024,3,Thursday,34,235,False,,False,False,,Monsoon,5,2024,2
2024-08-23,23,34,8,3,2024,4,Friday,34,236,False,,False,False,,Monsoon,5,2024,2
2024-08-24,24,34,8,3,2024,5,Saturday,34,237,True,,False,False,,Monsoon,5,2024,2
2024-08-25,25,34,8,3,2024,6,Sunday,34,238,True,,False,False,,Monsoon,5,2024,2
2024-08-26,26,35,8,3,2024,0,Monday,35,239,False,,False,False,,Monsoon,5,2024,2
2024-08-27,27,35,8,3,2024,1,Tuesday,35,240,False,,False,False,,Monsoon,5,2024,2
2024-08-28,28,35,8,3,2024,2,Wednesday,35,241,False,,False,False,,Monsoon,5,2024,2
2024-08-29,29,35,8,3,2024,3,Thursday,35,242,False,,False,False,,Monsoon,5,2024,2
2024-08-30,30,35,8,3,2024,4,Friday,35,243,False,,False,False,,Monsoon,5,2024,2
2024-08-31,31,35,8,3,2024,5,Saturday,35,244,True,,False,False,,Monsoon,5,2024,2
2024-09-01,1,35,9,3,2024,6,Sunday,35,245,True,,False,True,Ganesh Chaturthi,Monsoon,6,2024,2
2024-09-02,2,36,9,3,2024,0,Monday,36,246,False,,False,True,Ganesh Chaturthi,Monsoon,6,2024,2
2024-09-03,3,36,9,3,2024,1,Tuesday,36,247,False,,False,True,Ganesh Chaturthi,Monsoon,6,2024,2
2024-09-04,4,36,9,3,2024,2,Wednesday,36,248,False,,False,True,Ganesh Chaturthi,Monsoon,6,2024,2
2024-09-05,5,36,9,3,2024,3,Thursday,36,249,False,,False,True,Ganesh Chaturthi,Monsoon,6,2024,2
2024-09-06,6,36,9,3,2024,4,Friday,36,250,False,,False,True,Ganesh Chaturthi,Monsoon,6,2024,2
2024-09-07,7,36,9,3,2024,5,Saturday,36,251,True,,False,True,Ganesh Chaturthi,Monsoon,6,2024,2
2024-09-08,8,36,9,3,2024,6,Sunday,36,252,True,,False,False,,Monsoon,6,2024,2
2024-09-09,9,37,9,3,2024,0,Monday,37,253,False,,False,False,,Monsoon,6,2024,2
2024-09-10,10,37,9,3,2024,1,Tuesday,37,254,False,,False,False,,Monsoon,6,2024,2
2024-09-11,11,37,9,3,2024,2,Wednesday,37,255,False,,False,False,,Monsoon,6,2024,2
2024-09-12,12,37,9,3,2024,3,Thursday,37,256,False,,False,False,,Monsoon,6,2024,2
2024-09-13,13,37,9,3,2024,4,Friday,37,257,False,,False,False,,Monsoon,6,2024,2
2024-09-14,14,37,9,3,2024,5,Saturday,37,258,True,,False,False,,Monsoon,6,2024,2
2024-09-15,15,37,9,3,2024,6,Sunday,37,259,True,,False,False,,Monsoon,6,2024,2
2024-09-16,16,38,9,3,2024,0,Monday,38,260,False,,False,False,,Monsoon,6,2024,2
2024-09-17,17,38,9,3,2024,1,Tuesday,38,261,False,,False,False,,Monsoon,6,2024,2
2024-09-18,18,38,9,3,2024,2,Wednesday,38,262,False,,False,False,,Monsoon,6,2024,2
2024-09-19,19,38,9,3,2024,3,Thursday,38,263,False,,False,False,,Monsoon,6,2024,2
2024-09-20,20,38,9,3,2024,4,Friday,38,264,False,,False,False,,Monsoon,6,2024,2
2024-09-21,21,38,9,3,2024,5,Saturday,38,265,True,,False,False,,Monsoon,6,2024,2
2024-09-22,22,38,9,3,2024,6,Sunday,38,266,True,,False,False,,Monsoon,6,2024,2
2024-09-23,23,39,9,3,2024,0,Monday,39,267,False,,False,False,,Monsoon,6,2024,2
2024-09-24,24,39,9,3,2024,1,Tuesday,39,268,False,,False,False,,Monsoon,6,2024,2
2024-09-25,25,39,9,3,2024,2,Wednesday,39,269,False,,False,False,,Monsoon,6,2024,2
2024-09-26,26,39,9,3,2024,3,Thursday,39,270,False,,False,False,,Monsoon,6,2024,2
2024-09-27,27,39,9,3,2024,4,Friday,39,271,False,,False,False,,Monsoon,6,2024,2
2024-09-28,28,39,9,3,2024,5,Saturday,39,272,True,,False,False,,Monsoon,6,2024,2
2024-09-29,29,39,9,3,2024,6,Sunday,39,273,True,,False,False,,Monsoon,6,2024,2
2024-09-30,30,40,9,3,2024,0,Monday,40,274,False,,False,False,,Monsoon,6,2024,2
2024-10-01,1,40,10,4,2024,1,Tuesday,40,275,False,,False,False,,Autumn,7,2024,3
2024-10-02,2,40,10,4,2024,2,Wednesday,40,276,False,Gandhi Jayanti,True,False,,Autumn,7,2024,3
2024-10-03,3,40,10,4,2024,3,Thursday,40,277,False,,False,False,,Autumn,7,2024,3
2024-10-04,4,40,10,4,2024,4,Friday,40,278,False,,False,False,,Autumn,7,2024,3
2024-10-05,5,40,10,4,2024,5,Saturday,40,279,True,,False,False,,Autumn,7,2024,3
2024-10-06,6,40,10,4,2024,6,Sunday,40,280,True,,False,True,Dussehra,Autumn,7,2024,3
2024-10-07,7,41,10,4,2024,0,Monday,41,281,False,,False,True,Dussehra,Autumn,7,2024,3
2024-10-08,8,41,10,4,2024,1,Tuesday,41,282,False,,False,True,Dussehra,Autumn,7,2024,3
2024-10-09,9,41,10,4,2024,2,Wednesday,41,283,False,,False,True,Dussehra,Autumn,7,2024,3
2024-10-10,10,41,10,4,2024,3,Thursday,41,284,False,,False,True,Dussehra,Autumn,7,2024,3
2024-10-11,11,41,10,4,2024,4,Friday,41,285,False,,False,True,Dussehra,Autumn,7,2024,3
2024-10-12,12,41,10,4,2024,5,Saturday,41,286,True,,False,True,Dussehra,Autumn,7,2024,3
2024-10-13,13,41,10,4,2024,6,Sunday,41,287,True,,False,False,,Autumn,7,2024,3
2024-10-14,14,42,10,4,2024,0,Monday,42,288,False,,False,False,,Autumn,7,2024,3
2024-10-15,15,42,10,4,2024,1,Tuesday,42,289,False,,False,False,,Autumn,7,2024,3
2024-10-16,16,42,10,4,2024,2,Wednesday,42,290,False,,False,False,,Autumn,7,2024,3
2024-10-17,17,42,10,4,2024,3,Thursday,42,291,False,,False,False,,Autumn,7,2024,3
2024-10-18,18,42,10,4,2024,4,Friday,42,292,False,,False,False,,Autumn,7,2024,3
2024-10-19,19,42,10,4,2024,5,Saturday,42,293,True,,False,False,,Autumn,7,2024,3
2024-10-20,20,42,10,4,2024,6,Sunday,42,294,True,,False,False,,Autumn,7,2024,3
2024-10-21,21,43,10,4,2024,0,Monday,43,295,False,,False,False,,Autumn,7,2024,3
2024-10-22,22,43,10,4,2024,1,Tuesday,43,296,False,,False,False,,Autumn,7,2024,3
2024-10-23,23,43,10,4,2024,2,Wednesday,43,297,False,,False,False,,Autumn,7,2024,3
2024-10-24,24,43,10,4,2024,3,Thursday,43,298,False,,False,False,,Autumn,7,2024,3
2024-10-25,25,43,10,4,2024,4,Friday,43,299,False,,False,False,,Autumn,7,2024,3
2024-10-26,26,43,10,4,2024,5,Saturday,43,300,True,,False,True,Diwali,Autumn,7,2024,3
2024-10-27,27,43,10,4,2024,6,Sunday,43,301,True,,False,True,Diwali,Autumn,7,2024,3
2024-10-28,28,44,10,4,2024,0,Monday,44,302,False,,False,True,Diwali,Autumn,7,2024,3
2024-10-29,29,44,10,4,2024,1,Tuesday,44,303,False,,False,True,Diwali,Autumn,7,2024,3
2024-10-30,30,44,10,4,2024,2,Wednesday,44,304,False,,False,True,Diwali,Autumn,7,2024,3
2024-10-31,31,44,10,4,2024,3,Thursday,44,305,False,,False,True,Diwali,Autumn,7,2024,3
2024-11-01,1,44,11,4,2024,4,Friday,44,306,False,,False,True,Diwali,Autumn,8,2024,3
2024-11-02,2,44,11,4,2024,5,Saturday,44,307,True,,False,False,,Autumn,8,2024,3
2024-11-03,3,44,11,4,2024,6,Sunday,44,308,True,,False,False,,Autumn,8,2024,3
2024-11-04,4,45,11,4,2024,0,Monday,45,309,False,,False,False,,Autumn,8,2024,3
2024-11-05,5,45,11,4,2024,1,Tuesday,45,310,False,,False,False,,Autumn,8,2024,3
2024-11-06,6,45,11,4,2024,2,Wednesday,45,311,False,,False,False,,Autumn,8,2024,3
2024-11-07,7,45,11,4,2024,3,Thursday,45,312,False,,False,False,,Autumn,8,2024,3
2024-11-08,8,45,11,4,2024,4,Friday,45,313,False,,False,False,,Autumn,8,2024,3
2024-11-09,9,45,11,4,2024,5,Saturday,45,314,True,,False,False,,Autumn,8,2024,3
2024-11-10,10,45,11,4,2024,6,Sunday,45,315,True,,False,False,,Autumn,8,2024,3
2024-11-11,11,46,11,4,2024,0,Monday,46,316,False,,False,False,,Autumn,8,2024,3
2024-11-12,12,46,11,4,2024,1,Tuesday,46,317,False,,False,False,,Autumn,8,2024,3
2024-11-13,13,46,11,4,2024,2,Wednesday,46,318,False,,False,False,,Autumn,8,2024,3
2024-11-14,14,46,11,4,2024,3,Thursday,46,319,False,,False,False,,Autumn,8,2024,3
2024-11-15,15,46,11,4,2024,4,Friday,46,320,False,,False,False,,Autumn,8,2024,3
2024-11-16,16,46,11,4,2024,5,Saturday,46,321,True,,False,False,,Autumn,8,2024,3
2024-11-17,17,46,11,4,2024,6,Sunday,46,322,True,,False,False,,Autumn,8,2024,3
2024-11-18,18,47,11,4,2024,0,Monday,47,323,False,,False,False,,Autumn,8,2024,3
2024-11-19,19,47,11,4,2024,1,Tuesday,47,324,False,,False,False,,Autumn,8,2024,3
2024-11-20,20,47,11,4,2024,2,Wednesday,47,325,False,,False,False,,Autumn,8,2024,3
2024-11-21,21,47,11,4,2024,3,Thursday,47,326,False,,False,False,,Autumn,8,2024,3
2024-11-22,22,47,11,4,2024,4,Friday,47,327,False,,False,False,,Autumn,8,2024,3
2024-11-23,23,47,11,4,2024,5,Saturday,47,328,True,,False,False,,Autumn,8,2024,3
2024-11-24,24,47,11,4,2024,6,Sunday,47,329,True,,False,False,,Autumn,8,2024,3
2024-11-25,25,48,11,4,2024,0,Monday,48,330,False,,False,False,,Autumn,8,2024,3
2024-11-26,26,48,11,4,2024,1,Tuesday,48,331,False,,False,False,,Autumn,8,2024,3
2024-11-27,27,48,11,4,2024,2,Wednesday,48,332,False,,False,False,,Autumn,8,2024,3
2024-11-28,28,48,11,4,2024,3,Thursday,48,333,False,,False,False,,Autumn,8,2024,3
2024-11-29,29,48,11,4,2024,4,Friday,48,334,False,,False,False,,Autumn,8,2024,3
2024-11-30,30,48,11,4,2024,5,Saturday,48,335,True,,False,False,,Autumn,8,2024,3
2024-12-01,1,48,12,4,2024,6,Sunday,48,336,True,,False,False,,Winter,9,2024,3
2024-12-02,2,49,12,4,2024,0,Monday,49,337,False,,False,False,,Winter,9,2024,3
2024-12-03,3,49,12,4,2024,1,Tuesday,49,338,False,,False,False,,Winter,9,2024,3
2024-12-04,4,49,12,4,2024,2,Wednesday,49,339,False,,False,False,,Winter,9,2024,3
2024-12-05,5,49,12,4,2024,3,Thursday,49,340,False,,False,False,,Winter,9,2024,3
2024-12-06,6,49,12,4,2024,4,Friday,49,341,False,,False,False,,Winter,9,2024,3
2024-12-07,7,49,12,4,2024,5,Saturday,49,342,True,,False,False,,Winter,9,2024,3
2024-12-08,8,49,12,4,2024,6,Sunday,49,343,True,,False,False,,Winter,9,2024,3
2024-12-09,9,50,12,4,2024,0,Monday,50,344,False,,False,False,,Winter,9,2024,3
2024-12-10,10,50,12,4,2024,1,Tuesday,50,345,False,,False,False,,Winter,9,2024,3
2024-12-11,11,50,12,4,2024,2,Wednesday,50,346,False,,False,False,,Winter,9,2024,3
2024-12-12,12,50,12,4,2024,3,Thursday,50,347,False,,False,False,,Winter,9,2024,3
2024-12-13,13,50,12,4,2024,4,Friday,50,348,False,,False,False,,Winter,9,2024,3
2024-12-14,14,50,12,4,2024,5,Saturday,50,349,True,,False,False,,Winter,9,2024,3
2024-12-15,15,50,12,4,2024,6,Sunday,50,350,True,,False,False,,Winter,9,2024,3
2024-12-16,16,51,12,4,2024,0,Monday,51,351,False,,False,False,,Winter,9,2024,3
2024-12-17,17,51,12,4,2024,1,Tuesday,51,352,False,,False,False,,Winter,9,2024,3
2024-12-18,18,51,12,4,2024,2,Wednesday,51,353,False,,False,False,,Winter,9,2024,3
2024-12-19,19,51,12,4,2024,3,Thursday,51,354,False,,False,False,,Winter,9,2024,3
2024-12-20,20,51,12,4,2024,4,Friday,51,355,False,,False,False,,Winter,9,2024,3
2024-12-21,21,51,12,4,2024,5,Saturday,51,356,True,,False,False,,Winter,9,2024,3
2024-12-22,22,51,12,4,2024,6,Sunday,51,357,True,,False,False,,Winter,9,2024,3
2024-12-23,23,52,12,4,2024,0,Monday,52,358,False,,False,False,,Winter,9,2024,3
2024-12-24,24,52,12,4,2024,1,Tuesday,52,359,False,,False,False,,Winter,9,2024,3
2024-12-25,25,52,12,4,2024,2,Wednesday,52,360,False,Christmas,True,False,,Winter,9,2024,3
2024-12-26,26,52,12,4,2024,3,Thursday,52,361,False,,False,False,,Winter,9,2024,3
2024-12-27,27,52,12,4,2024,4,Friday,52,362,False,,False,False,,Winter,9,2024,3
2024-12-28,28,52,12,4,2024,5,Saturday,52,363,True,,False,False,,Winter,9,2024,3
2024-12-29,29,52,12,4,2024,6,Sunday,52,364,True,,False,False,,Winter,9,2024,3
2024-12-30,30,1,12,4,2024,0,Monday,1,365,False,,False,False,,Winter,9,2024,3
2024-12-31,31,1,12,4,2024,1,Tuesday,1,366,False,,False,False,,Winter,9,2024,3
2025-01-01,1,1,1,1,2025,2,Wednesday,1,1,False,New Year,True,False,,Winter,10,2024,4
2025-01-02,2,1,1,1,2025,3,Thursday,1,2,False,,False,False,,Winter,10,2024,4
2025-01-03,3,1,1,1,2025,4,Friday,1,3,False,,False,False,,Winter,10,2024,4
2025-01-04,4,1,1,1,2025,5,Saturday,1,4,True,,False,False,,Winter,10,2024,4
2025-01-05,5,1,1,1,2025,6,Sunday,1,5,True,,False,False,,Winter,10,2024,4
2025-01-06,6,2,1,1,2025,0,Monday,2,6,False,,False,False,,Winter,10,2024,4
2025-01-07,7,2,1,1,2025,1,Tuesday,2,7,False,,False,False,,Winter,10,2024,4
2025-01-08,8,2,1,1,2025,2,Wednesday,2,8,False,,False,False,,Winter,10,2024,4
2025-01-09,9,2,1,1,2025,3,Thursday,2,9,False,,False,False,,Winter,10,2024,4
2025-01-10,10,2,1,1,2025,4,Friday,2,10,False,,False,False,,Winter,10,2024,4
2025-01-11,11,2,1,1,2025,5,Saturday,2,11,True,,False,False,,Winter,10,2024,4
2025-01-12,12,2,1,1,2025,6,Sunday,2,12,True,,False,False,,Winter,10,2024,4
2025-01-13,13,3,1,1,2025,0,Monday,3,13,False,,False,False,,Winter,10,2024,4
2025-01-14,14,3,1,1,2025,1,Tuesday,3,14,False,,False,False,,Winter,10,2024,4
2025-01-15,15,3,1,1,2025,2,Wednesday,3,15,False,,False,False,,Winter,10,2024,4
2025-01-16,16,3,1,1,2025,3,Thursday,3,16,False,,False,False,,Winter,10,2024,4
2025-01-17,17,3,1,1,2025,4,Friday,3,17,False,,False,False,,Winter,10,2024,4
2025-01-18,18,3,1,1,2025,5,Saturday,3,18,True,,False,False,,Winter,10,2024,4
2025-01-19,19,3,1,1,2025,6,Sunday,3,19,True,,False,False,,Winter,10,2024,4
2025-01-20,20,4,1,1,2025,0,Monday,4,20,False,,False,False,,Winter,10,2024,4
2025-01-21,21,4,1,1,2025,1,Tuesday,4,21,False,,False,False,,Winter,10,2024,4
2025-01-22,22,4,1,1,2025,2,Wednesday,4,22,False,,False,False,,Winter,10,2024,4
2025-01-23,23,4,1,1,2025,3,Thursday,4,23,False,,False,False,,Winter,10,2024,4
2025-01-24,24,4,1,1,2025,4,Friday,4,24,False,,False,False,,Winter,10,2024,4
2025-01-25,25,4,1,1,2025,5,Saturday,4,25,True,,False,False,,Winter,10,2024,4
2025-01-26,26,4,1,1,2025,6,Sunday,4,26,True,Republic Day,True,False,,Winter,10,2024,4
2025-01-27,27,5,1,1,2025,0,Monday,5,27,False,,False,False,,Winter,10,2024,4
2025-01-28,28,5,1,1,2025,1,Tuesday,5,28,False,,False,False,,Winter,10,2024,4
2025-01-29,29,5,1,1,2025,2,Wednesday,5,29,False,,False,False,,Winter,10,2024,4
2025-01-30,30,5,1,1,2025,3,Thursday,5,30,False,,False,False,,Winter,10,2024,4
2025-01-31,31,5,1,1,2025,4,Friday,5,31,False,,False,False,,Winter,10,2024,4
2025-02-01,1,5,2,1,2025,5,Saturday,5,32,True,,False,False,,Winter,11,2024,4
2025-02-02,2,5,2,1,2025,6,Sunday,5,33,True,,False,False,,Winter,11,2024,4
2025-02-03,3,6,2,1,2025,0,Monday,6,34,False,,False,False,,Winter,11,2024,4
2025-02-04,4,6,2,1,2025,1,Tuesday,6,35,False,,False,False,,Winter,11,2024,4
2025-02-05,5,6,2,1,2025,2,Wednesday,6,36,False,,False,False,,Winter,11,2024,4
2025-02-06,6,6,2,1,2025,3,Thursday,6,37,False,,False,False,,Winter,11,2024,4
2025-02-07,7,6,2,1,2025,4,Friday,6,38,False,,False,False,,Winter,11,2024,4
2025-02-08,8,6,2,1,2025,5,Saturday,6,39,True,,False,False,,Winter,11,2024,4
2025-02-09,9,6,2,1,2025,6,Sunday,6,40,True,,False,False,,Winter,11,2024,4
2025-02-10,10,7,2,1,2025,0,Monday,7,41,False,,False,False,,Winter,11,2024,4
2025-02-11,11,7,2,1,2025,1,Tuesday,7,42,False,,False,False,,Winter,11,2024,4
2025-02-12,12,7,2,1,2025,2,Wednesday,7,43,False,,False,False,,Winter,11,2024,4
2025-02-13,13,7,2,1,2025,3,Thursday,7,44,False,,False,False,,Winter,11,2024,4
2025-02-14,14,7,2,1,2025,4,Friday,7,45,False,,False,False,,Winter,11,2024,4
2025-02-15,15,7,2,1,2025,5,Saturday,7,46,True,,False,False,,Winter,11,2024,4
2025-02-16,16,7,2,1,2025,6,Sunday,7,47,True,,False,False,,Winter,11,2024,4
2025-02-17,17,8,2,1,2025,0,Monday,8,48,False,,False,False,,Winter,11,2024,4
2025-02-18,18,8,2,1,2025,1,Tuesday,8,49,False,,False,False,,Winter,11,2024,4
2025-02-19,19,8,2,1,2025,2,Wednesday,8,50,False,,False,False,,Winter,11,2024,4
2025-02-20,20,8,2,1,2025,3,Thursday,8,51,False,,False,False,,Winter,11,2024,4
2025-02-21,21,8,2,1,2025,4,Friday,8,52,False,,False,False,,Winter,11,2024,4
2025-02-22,22,8,2,1,2025,5,Saturday,8,53,True,,False,False,,Winter,11,2024,4
2025-02-23,23,8,2,1,2025,6,Sunday,8,54,True,,False,False,,Winter,11,2024,4
2025-02-24,24,9,2,1,2025,0,Monday,9,55,False,,False,False,,Winter,11,2024,4
2025-02-25,25,9,2,1,2025,1,Tuesday,9,56,False,,False,False,,Winter,11,2024,4
2025-02-26,26,9,2,1,2025,2,Wednesday,9,57,False,,False,False,,Winter,11,2024,4
2025-02-27,27,9,2,1,2025,3,Thursday,9,58,False,,False,False,,Winter,11,2024,4
2025-02-28,28,9,2,1,2025,4,Friday,9,59,False,,False,False,,Winter,11,2024,4
2025-03-01,1,9,3,1,2025,5,Saturday,9,60,True,,False,False,,Spring,12,2024,4
2025-03-02,2,9,3,1,2025,6,Sunday,9,61,True,,False,False,,Spring,12,2024,4
2025-03-03,3,10,3,1,2025,0,Monday,10,62,False,,False,False,,Spring,12,2024,4
2025-03-04,4,10,3,1,2025,1,Tuesday,10,63,False,,False,False,,Spring,12,2024,4
2025-03-05,5,10,3,1,2025,2,Wednesday,10,64,False,,False,False,,Spring,12,2024,4
2025-03-06,6,10,3,1,2025,3,Thursday,10,65,False,,False,False,,Spring,12,2024,4
2025-03-07,7,10,3,1,2025,4,Friday,10,66,False,,False,False,,Spring,12,2024,4
2025-03-08,8,10,3,1,2025,5,Saturday,10,67,True,,False,True,Holi,Spring,12,2024,4
2025-03-09,9,10,3,1,2025,6,Sunday,10,68,True,,False,True,Holi,Spring,12,2024,4
2025-03-10,10,11,3,1,2025,0,Monday,11,69,False,,False,True,Holi,Spring,12,2024,4
2025-03-11,11,11,3,1,2025,1,Tuesday,11,70,False,,False,True,Holi,Spring,12,2024,4
2025-03-12,12,11,3,1,2025,2,Wednesday,11,71,False,,False,True,Holi,Spring,12,2024,4
2025-03-13,13,11,3,1,2025,3,Thursday,11,72,False,,False,True,Holi,Spring,12,2024,4
2025-03-14,14,11,3,1,2025,4,Friday,11,73,False,,False,True,Holi,Spring,12,2024,4
2025-03-15,15,11,3,1,2025,5,Saturday,11,74,True,,False,False,,Spring,12,2024,4
2025-03-16,16,11,3,1,2025,6,Sunday,11,75,True,,False,False,,Spring,12,2024,4
2025-03-17,17,12,3,1,2025,0,Monday,12,76,False,,False,False,,Spring,12,2024,4
2025-03-18,18,12,3,1,2025,1,Tuesday,12,77,False,,False,False,,Spring,12,2024,4
2025-03-19,19,12,3,1,2025,2,Wednesday,12,78,False,,False,False,,Spring,12,2024,4
2025-03-20,20,12,3,1,2025,3,Thursday,12,79,False,,False,False,,Spring,12,2024,4
2025-03-21,21,12,3,1,2025,4,Friday,12,80,False,,False,False,,Spring,12,2024,4
2025-03-22,22,12,3,1,2025,5,Saturday,12,81,True,,False,False,,Spring,12,2024,4
2025-03-23,23,12,3,1,2025,6,Sunday,12,82,True,,False,False,,Spring,12,2024,4
2025-03-24,24,13,3,1,2025,0,Monday,13,83,False,,False,False,,Spring,12,2024,4
2025-03-25,25,13,3,1,2025,1,Tuesday,13,84,False,,False,True,Eid al-Fitr,Spring,12,2024,4
2025-03-26,26,13,3,1,2025,2,Wednesday,13,85,False,,False,True,Eid al-Fitr,Spring,12,2024,4
2025-03-27,27,13,3,1,2025,3,Thursday,13,86,False,,False,True,Eid al-Fitr,Spring,12,2024,4
2025-03-28,28,13,3,1,2025,4,Friday,13,87,False,,False,True,Eid al-Fitr,Spring,12,2024,4
2025-03-29,29,13,3,1,2025,5,Saturday,13,88,True,,False,True,Eid al-Fitr,Spring,12,2024,4
2025-03-30,30,13,3,1,2025,6,Sunday,13,89,True,,False,True,Eid al-Fitr,Spring,12,2024,4
2025-03-31,31,14,3,1,2025,0,Monday,14,90,False,,False,True,Eid al-Fitr,Spring,12,2024,4
2025-04-01,1,14,4,2,2025,1,Tuesday,14,91,False,,False,False,,Summer,1,2025,1
2025-04-02,2,14,4,2,2025,2,Wednesday,14,92,False,,False,False,,Summer,1,2025,1
2025-04-03,3,14,4,2,2025,3,Thursday,14,93,False,,False,False,,Summer,1,2025,1
2025-04-04,4,14,4,2,2025,4,Friday,14,94,False,,False,False,,Summer,1,2025,1
2025-04-05,5,14,4,2,2025,5,Saturday,14,95,True,,False,False,,Summer,1,2025,1
2025-04-06,6,14,4,2,2025,6,Sunday,14,96,True,,False,False,,Summer,1,2025,1
2025-04-07,7,15,4,2,2025,0,Monday,15,97,False,,False,False,,Summer,1,2025,1
2025-04-08,8,15,4,2,2025,1,Tuesday,15,98,False,,False,False,,Summer,1,2025,1
2025-04-09,9,15,4,2,2025,2,Wednesday,15,99,False,,False,False,,Summer,1,2025,1
2025-04-10,10,15,4,2,2025,3,Thursday,15,100,False,,False,False,,Summer,1,2025,1
2025-04-11,11,15,4,2,2025,4,Friday,15,101,False,,False,False,,Summer,1,2025,1
2025-04-12,12,15,4,2,2025,5,Saturday,15,102,True,,False,False,,Summer,1,2025,1
2025-04-13,13,15,4,2,2025,6,Sunday,15,103,True,,False,False,,Summer,1,2025,1
2025-04-14,14,16,4,2,2025,0,Monday,16,104,False,,False,False,,Summer,1,2025,1
2025-04-15,15,16,4,2,2025,1,Tuesday,16,105,False,,False,False,,Summer,1,2025,1
2025-04-16,16,16,4,2,2025,2,Wednesday,16,106,False,,False,False,,Summer,1,2025,1
2025-04-17,17,16,4,2,2025,3,Thursday,16,107,False,,False,False,,Summer,1,2025,1
2025-04-18,18,16,4,2,2025,4,Friday,16,108,False,,False,False,,Summer,1,2025,1
2025-04-19,19,16,4,2,2025,5,Saturday,16,109,True,,False,False,,Summer,1,2025,1
2025-04-20,20,16,4,2,2025,6,Sunday,16,110,True,,False,False,,Summer,1,2025,1
2025-04-21,21,17,4,2,2025,0,Monday,17,111,False,,False,False,,Summer,1,2025,1
2025-04-22,22,17,4,2,2025,1,Tuesday,17,112,False,,False,False,,Summer,1,2025,1
2025-04-23,23,17,4,2,2025,2,Wednesday,17,113,False,,False,False,,Summer,1,2025,1
2025-04-24,24,17,4,2,2025,3,Thursday,17,114,False,,False,False,,Summer,1,2025,1
2025-04-25,25,17,4,2,2025,4,Friday,17,115,False,,False,False,,Summer,1,2025,1
2025-04-26,26,17,4,2,2025,5,Saturday,17,116,True,,False,False,,Summer,1,2025,1
2025-04-27,27,17,4,2,2025,6,Sunday,17,117,True,,False,False,,Summer,1,2025,1
2025-04-28,28,18,4,2,2025,0,Monday,18,118,False,,False,False,,Summer,1,2025,1
2025-04-29,29,18,4,2,2025,1,Tuesday,18,119,False,,False,False,,Summer,1,2025,1
2025-04-30,30,18,4,2,2025,2,Wednesday,18,120,False,,False,False,,Summer,1,2025,1
2025-05-01,1,18,5,2,2025,3,Thursday,18,121,False,Labour Day,True,False,,Summer,2,2025,1
2025-05-02,2,18,5,2,2025,4,Friday,18,122,False,,False,False,,Summer,2,2025,1
2025-05-03,3,18,5,2,2025,5,Saturday,18,123,True,,False,False,,Summer,2,2025,1
2025-05-04,4,18,5,2,2025,6,Sunday,18,124,True,,False,False,,Summer,2,2025,1
2025-05-05,5,19,5,2,2025,0,Monday,19,125,False,,False,False,,Summer,2,2025,1
2025-05-06,6,19,5,2,2025,1,Tuesday,19,126,False,,False,False,,Summer,2,2025,1
2025-05-07,7,19,5,2,2025,2,Wednesday,19,127,False,,False,False,,Summer,2,2025,1
2025-05-08,8,19,5,2,2025,3,Thursday,19,128,False,,False,False,,Summer,2,2025,1
2025-05-09,9,19,5,2,2025,4,Friday,19,129,False,,False,False,,Summer,2,2025,1
2025-05-10,10,19,5,2,2025,5,Saturday,19,130,True,,False,False,,Summer,2,2025,1
2025-05-11,11,19,5,2,2025,6,Sunday,19,131,True,,False,False,,Summer,2,2025,1
2025-05-12,12,20,5,2,2025,0,Monday,20,132,False,,False,False,,Summer,2,2025,1
2025-05-13,13,20,5,2,2025,1,Tuesday,20,133,False,,False,False,,Summer,2,2025,1
2025-05-14,14,20,5,2,2025,2,Wednesday,20,134,False,,False,False,,Summer,2,2025,1
2025-05-15,15,20,5,2,2025,3,Thursday,20,135,False,,False,False,,Summer,2,2025,1
2025-05-16,16,20,5,2,2025,4,Friday,20,136,False,,False,False,,Summer,2,2025,1
2025-05-17,17,20,5,2,2025,5,Saturday,20,137,True,,False,False,,Summer,2,2025,1
2025-05-18,18,20,5,2,2025,6,Sunday,20,138,True,,False,False,,Summer,2,2025,1
2025-05-19,19,21,5,2,2025,0,Monday,21,139,False,,False,False,,Summer,2,2025,1
2025-05-20,20,21,5,2,2025,1,Tuesday,21,140,False,,False,False,,Summer,2,2025,1
2025-05-21,21,21,5,2,2025,2,Wednesday,21,141,False,,False,False,,Summer,2,2025,1
2025-05-22,22,21,5,2,2025,3,Thursday,21,142,False,,False,False,,Summer,2,2025,1
2025-05-23,23,21,5,2,2025,4,Friday,21,143,False,,False,False,,Summer,2,2025,1
2025-05-24,24,21,5,2,2025,5,Saturday,21,144,True,,False,False,,Summer,2,2025,1
2025-05-25,25,21,5,2,2025,6,Sunday,21,145,True,,False,False,,Summer,2,2025,1
2025-05-26,26,22,5,2,2025,0,Monday,22,146,False,,False,False,,Summer,2,2025,1
2025-05-27,27,22,5,2,2025,1,Tuesday,22,147,False,,False,False,,Summer,2,2025,1
2025-05-28,28,22,5,2,2025,2,Wednesday,22,148,False,,False,False,,Summer,2,2025,1
2025-05-29,29,22,5,2,2025,3,Thursday,22,149,False,,False,False,,Summer,2,2025,1
2025-05-30,30,22,5,2,2025,4,Friday,22,150,False,,False,False,,Summer,2,2025,1
2025-05-31,31,22,5,2,2025,5,Saturday,22,151,True,,False,False,,Summer,2,2025,1
2025-06-01,1,22,6,2,2025,6,Sunday,22,152,True,,False,False,,Summer,3,2025,1
2025-06-02,2,23,6,2,2025,0,Monday,23,153,False,,False,False,,Summer,3,2025,1
2025-06-03,3,23,6,2,2025,1,Tuesday,23,154,False,,False,False,,Summer,3,2025,1
2025-06-04,4,23,6,2,2025,2,Wednesday,23,155,False,,False,False,,Summer,3,2025,1
2025-06-05,5,23,6,2,2025,3,Thursday,23,156,False,,False,False,,Summer,3,2025,1
2025-06-06,6,23,6,2,2025,4,Friday,23,157,False,,False,False,,Summer,3,2025,1
2025-06-07,7,23,6,2,2025,5,Saturday,23,158,True,,False,False,,Summer,3,2025,1
2025-06-08,8,23,6,2,2025,6,Sunday,23,159,True,,False,False,,Summer,3,2025,1
2025-06-09,9,24,6,2,2025,0,Monday,24,160,False,,False,False,,Summer,3,2025,1
2025-06-10,10,24,6,2,2025,1,Tuesday,24,161,False,,False,False,,Summer,3,2025,1
2025-06-11,11,24,6,2,2025,2,Wednesday,24,162,False,,False,False,,Summer,3,2025,1
2025-06-12,12,24,6,2,2025,3,Thursday,24,163,False,,False,False,,Summer,3,2025,1
2025-06-13,13,24,6,2,2025,4,Friday,24,164,False,,False,False,,Summer,3,2025,1
2025-06-14,14,24,6,2,2025,5,Saturday,24,165,True,,False,False,,Summer,3,2025,1
2025-06-15,15,24,6,2,2025,6,Sunday,24,166,True,,False,False,,Summer,3,2025,1
2025-06-16,16,25,6,2,2025,0,Monday,25,167,False,,False,False,,Summer,3,2025,1
2025-06-17,17,25,6,2,2025,1,Tuesday,25,168,False,,False,False,,Summer,3,2025,1
2025-06-18,18,25,6,2,2025,2,Wednesday,25,169,False,,False,False,,Summer,3,2025,1
2025-06-19,19,25,6,2,2025,3,Thursday,25,170,False,,False,False,,Summer,3,2025,1
2025-06-20,20,25,6,2,2025,4,Friday,25,171,False,,False,False,,Summer,3,2025,1
2025-06-21,21,25,6,2,2025,5,Saturday,25,172,True,,False,False,,Summer,3,2025,1
2025-06-22,22,25,6,2,2025,6,Sunday,25,173,True,,False,False,,Summer,3,2025,1
2025-06-23,23,26,6,2,2025,0,Monday,26,174,False,,False,False,,Summer,3,2025,1
2025-06-24,24,26,6,2,2025,1,Tuesday,26,175,False,,False,False,,Summer,3,2025,1
2025-06-25,25,26,6,2,2025,2,Wednesday,26,176,False,,False,False,,Summer,3,2025,1
2025-06-26,26,26,6,2,2025,3,Thursday,26,177,False,,False,False,,Summer,3,2025,1
2025-06-27,27,26,6,2,2025,4,Friday,26,178,False,,False,False,,Summer,3,2025,1
2025-06-28,28,26,6,2,2025,5,Saturday,26,179,True,,False,False,,Summer,3,2025,1
2025-06-29,29,26,6,2,2025,6,Sunday,26,180,True,,False,False,,Summer,3,2025,1
2025-06-30,30,27,6,2,2025,0,Monday,27,181,False,,False,False,,Summer,3,2025,1
2025-07-01,1,27,7,3,2025,1,Tuesday,27,182,False,,False,False,,Monsoon,4,2025,2
2025-07-02,2,27,7,3,2025,2,Wednesday,27,183,False,,False,False,,Monsoon,4,2025,2
2025-07-03,3,27,7,3,2025,3,Thursday,27,184,False,,False,False,,Monsoon,4,2025,2
2025-07-04,4,27,7,3,2025,4,Friday,27,185,False,,False,False,,Monsoon,4,2025,2
2025-07-05,5,27,7,3,2025,5,Saturday,27,186,True,,False,False,,Monsoon,4,2025,2
2025-07-06,6,27,7,3,2025,6,Sunday,27,187,True,,False,False,,Monsoon,4,2025,2
2025-07-07,7,28,7,3,2025,0,Monday,28,188,False,,False,False,,Monsoon,4,2025,2
2025-07-08,8,28,7,3,2025,1,Tuesday,28,189,False,,False,False,,Monsoon,4,2025,2
2025-07-09,9,28,7,3,2025,2,Wednesday,28,190,False,,False,False,,Monsoon,4,2025,2
2025-07-10,10,28,7,3,2025,3,Thursday,28,191,False,,False,False,,Monsoon,4,2025,2
2025-07-11,11,28,7,3,2025,4,Friday,28,192,False,,False,False,,Monsoon,4,2025,2
2025-07-12,12,28,7,3,2025,5,Saturday,28,193,True,,False,False,,Monsoon,4,2025,2
2025-07-13,13,28,7,3,2025,6,Sunday,28,194,True,,False,False,,Monsoon,4,2025,2
2025-07-14,14,29,7,3,2025,0,Monday,29,195,False,,False,False,,Monsoon,4,2025,2
2025-07-15,15,29,7,3,2025,1,Tuesday,29,196,False,,False,False,,Monsoon,4,2025,2
2025-07-16,16,29,7,3,2025,2,Wednesday,29,197,False,,False,False,,Monsoon,4,2025,2
2025-07-17,17,29,7,3,2025,3,Thursday,29,198,False,,False,False,,Monsoon,4,2025,2
2025-07-18,18,29,7,3,2025,4,Friday,29,199,False,,False,False,,Monsoon,4,2025,2
2025-07-19,19,29,7,3,2025,5,Saturday,29,200,True,,False,False,,Monsoon,4,2025,2
2025-07-20,20,29,7,3,2025,6,Sunday,29,201,True,,False,False,,Monsoon,4,2025,2
2025-07-21,21,30,7,3,2025,0,Monday,30,202,False,,False,False,,Monsoon,4,2025,2
2025-07-22,22,30,7,3,2025,1,Tuesday,30,203,False,,False,False,,Monsoon,4,2025,2
2025-07-23,23,30,7,3,2025,2,Wednesday,30,204,False,,False,False,,Monsoon,4,2025,2
2025-07-24,24,30,7,3,2025,3,Thursday,30,205,False,,False,False,,Monsoon,4,2025,2
2025-07-25,25,30,7,3,2025,4,Friday,30,206,False,,False,False,,Monsoon,4,2025,2
2025-07-26,26,30,7,3,2025,5,Saturday,30,207,True,,False,False,,Monsoon,4,2025,2
2025-07-27,27,30,7,3,2025,6,Sunday,30,208,True,,False,False,,Monsoon,4,2025,2
2025-07-28,28,31,7,3,2025,0,Monday,31,209,False,,False,False,,Monsoon,4,2025,2
2025-07-29,29,31,7,3,2025,1,Tuesday,31,210,False,,False,False,,Monsoon,4,2025,2
2025-07-30,30,31,7,3,2025,2,Wednesday,31,211,False,,False,False,,Monsoon,4,2025,2
2025-07-31,31,31,7,3,2025,3,Thursday,31,212,False,,False,False,,Monsoon,4,2025,2
2025-08-01,1,31,8,3,2025,4,Friday,31,213,False,,False,False,,Monsoon,5,2025,2
2025-08-02,2,31,8,3,2025,5,Saturday,31,214,True,,False,False,,Monsoon,5,2025,2
2025-08-03,3,31,8,3,2025,6,Sunday,31,215,True,,False,True,Raksha Bandhan,Monsoon,5,2025,2
2025-08-04,4,32,8,3,2025,0,Monday,32,216,False,,False,True,Raksha Bandhan,Monsoon,5,2025,2
2025-08-05,5,32,8,3,2025,1,Tuesday,32,217,False,,False,True,Raksha Bandhan,Monsoon,5,2025,2
2025-08-06,6,32,8,3,2025,2,Wednesday,32,218,False,,False,True,Raksha Bandhan,Monsoon,5,2025,2
2025-08-07,7,32,8,3,2025,3,Thursday,32,219,False,,False,True,Raksha Bandhan,Monsoon,5,2025,2
2025-08-08,8,32,8,3,2025,4,Friday,32,220,False,,False,True,Raksha Bandhan,Monsoon,5,2025,2
2025-08-09,9,32,8,3,2025,5,Saturday,32,221,True,,False,True,Raksha Bandhan,Monsoon,5,2025,2
2025-08-10,10,32,8,3,2025,6,Sunday,32,222,True,,False,False,,Monsoon,5,2025,2
2025-08-11,11,33,8,3,2025,0,Monday,33,223,False,,False,False,,Monsoon,5,2025,2
2025-08-12,12,33,8,3,2025,1,Tuesday,33,224,False,,False,False,,Monsoon,5,2025,2
2025-08-13,13,33,8,3,2025,2,Wednesday,33,225,False,,False,False,,Monsoon,5,2025,2
2025-08-14,14,33,8,3,2025,3,Thursday,33,226,False,,False,False,,Monsoon,5,2025,2
2025-08-15,15,33,8,3,2025,4,Friday,33,227,False,Independence Day,True,False,,Monsoon,5,2025,2
2025-08-16,16,33,8,3,2025,5,Saturday,33,228,True,,False,False,,Monsoon,5,2025,2
2025-08-17,17,33,8,3,2025,6,Sunday,33,229,True,,False,False,,Monsoon,5,2025,2
2025-08-18,18,34,8,3,2025,0,Monday,34,230,False,,False,False,,Monsoon,5,2025,2
2025-08-19,19,34,8,3,2025,1,Tuesday,34,231,False,,False,False,,Monsoon,5,2025,2
2025-08-20,20,34,8,3,2025,2,Wednesday,34,232,False,,False,False,,Monsoon,5,2025,2
2025-08-21,21,34,8,3,2025,3,Thursday,34,233,False,,False,True,Ganesh Chaturthi,Monsoon,5,2025,2
2025-08-22,22,34,8,3,2025,4,Friday,34,234,False,,False,True,Ganesh Chaturthi,Monsoon,5,2025,2
2025-08-23,23,34,8,3,2025,5,Saturday,34,235,True,,False,True,Ganesh Chaturthi,Monsoon,5,2025,2
2025-08-24,24,34,8,3,2025,6,Sunday,34,236,True,,False,True,Ganesh Chaturthi,Monsoon,5,2025,2
2025-08-25,25,35,8,3,2025,0,Monday,35,237,False,,False,True,Ganesh Chaturthi,Monsoon,5,2025,2
2025-08-26,26,35,8,3,2025,1,Tuesday,35,238,False,,False,True,Ganesh Chaturthi,Monsoon,5,2025,2
2025-08-27,27,35,8,3,2025,2,Wednesday,35,239,False,,False,True,Ganesh Chaturthi,Monsoon,5,2025,2
2025-08-28,28,35,8,3,2025,3,Thursday,35,240,False,,False,False,,Monsoon,5,2025,2
2025-08-29,29,35,8,3,2025,4,Friday,35,241,False,,False,False,,Monsoon,5,2025,2
2025-08-30,30,35,8,3,2025,5,Saturday,35,242,True,,False,False,,Monsoon,5,2025,2
2025-08-31,31,35,8,3,2025,6,Sunday,35,243,True,,False,False,,Monsoon,5,2025,2
2025-09-01,1,36,9,3,2025,0,Monday,36,244,False,,False,False,,Monsoon,6,2025,2
2025-09-02,2,36,9,3,2025,1,Tuesday,36,245,False,,False,False,,Monsoon,6,2025,2
2025-09-03,3,36,9,3,2025,2,Wednesday,36,246,False,,False,False,,Monsoon,6,2025,2
2025-09-04,4,36,9,3,2025,3,Thursday,36,247,False,,False,False,,Monsoon,6,2025,2
2025-09-05,5,36,9,3,2025,4,Friday,36,248,False,,False,False,,Monsoon,6,2025,2
2025-09-06,6,36,9,3,2025,5,Saturday,36,249,True,,False,False,,Monsoon,6,2025,2
2025-09-07,7,36,9,3,2025,6,Sunday,36,250,True,,False,False,,Monsoon,6,2025,2
2025-09-08,8,37,9,3,2025,0,Monday,37,251,False,,False,False,,Monsoon,6,2025,2
2025-09-09,9,37,9,3,2025,1,Tuesday,37,252,False,,False,False,,Monsoon,6,2025,2
2025-09-10,10,37,9,3,2025,2,Wednesday,37,253,False,,False,False,,Monsoon,6,2025,2
2025-09-11,11,37,9,3,2025,3,Thursday,37,254,False,,False,False,,Monsoon,6,2025,2
2025-09-12,12,37,9,3,2025,4,Friday,37,255,False,,False,False,,Monsoon,6,2025,2
2025-09-13,13,37,9,3,2025,5,Saturday,37,256,True,,False,False,,Monsoon,6,2025,2
2025-09-14,14,37,9,3,2025,6,Sunday,37,257,True,,False,False,,Monsoon,6,2025,2
2025-09-15,15,38,9,3,2025,0,Monday,38,258,False,,False,False,,Monsoon,6,2025,2
2025-09-16,16,38,9,3,2025,1,Tuesday,38,259,False,,False,False,,Monsoon,6,2025,2
2025-09-17,17,38,9,3,2025,2,Wednesday,38,260,False,,False,False,,Monsoon,6,2025,2
2025-09-18,18,38,9,3,2025,3,Thursday,38,261,False,,False,False,,Monsoon,6,2025,2
2025-09-19,19,38,9,3,2025,4,Friday,38,262,False,,False,False,,Monsoon,6,2025,2
2025-09-20,20,38,9,3,2025,5,Saturday,38,263,True,,False,False,,Monsoon,6,2025,2
2025-09-21,21,38,9,3,2025,6,Sunday,38,264,True,,False,False,,Monsoon,6,2025,2
2025-09-22,22,39,9,3,2025,0,Monday,39,265,False,,False,False,,Monsoon,6,2025,2
2025-09-23,23,39,9,3,2025,1,Tuesday,39,266,False,,False,False,,Monsoon,6,2025,2
2025-09-24,24,39,9,3,2025,2,Wednesday,39,267,False,,False,False,,Monsoon,6,2025,2
2025-09-25,25,39,9,3,2025,3,Thursday,39,268,False,,False,False,,Monsoon,6,2025,2
2025-09-26,26,39,9,3,2025,4,Friday,39,269,False,,False,True,Dussehra,Monsoon,6,2025,2
