customer_id,segment,region,loyalty_tier,acquisition_channel,customer_since
C0000001,Loyal,South,Silver,Referral,2015-05-22
C0000002,Occasional,West,Silver,Online,2018-06-29
C0000003,Premium,West,Bronze,Partner,2023-01-19
C0000004,Value,West,Bronze,Referral,2022-07-13
C0000005,Value,East,Silver,Referral,2016-11-26
C0000006,Regular,Central,Silver,Online,2019-12-21
C0000007,Regular,South,Silver,Online,2020-09-16
C0000008,Occasional,West,Bronze,Referral,2015-07-06
C0000009,Value,South,Bronze,Online,2021-04-15
C0000010,Value,West,Bronze,Online,2021-02-20
C0000011,Regular,West,Silver,Partner,2022-02-07
C0000012,Loyal,South,Platinum,Campaign,2021-05-18
C0000013,Regular,North,Gold,Partner,2019-09-07
C0000014,Occasional,South,Silver,Online,2018-04-11
C0000015,Value,North,Bronze,Partner,2018-10-02
C0000016,Occasional,South,Bronze,Online,2015-03-08
C0000017,Value,South,Bronze,Referral,2019-07-05
C0000018,Regular,South,Silver,Online,2016-10-16
C0000019,Loyal,North,Silver,Partner,2017-12-11
C0000020,Regular,West,Silver,Online,2021-03-19
C0000021,Regular,East,Silver,Referral,2022-06-25
C0000022,Value,North,Bronze,Store Walk-in,2019-09-22
C0000023,Regular,East,Bronze,Referral,2016-03-04
C0000024,Occasional,East,Silver,Partner,2016-08-06
C0000025,Regular,Central,Silver,Campaign,2022-02-27
C0000026,Value,West,Silver,Referral,2016-01-09
C0000027,Regular,South,Bronze,Online,2016-02-15
C0000028,Loyal,South,Bronze,Partner,2018-01-12
C0000029,Regular,North,Gold,Online,2023-10-04
C0000030,Regular,North,Bronze,Referral,2015-09-11
C0000031,Regular,West,Bronze,Referral,2018-04-05
C0000032,Occasional,North,Silver,Referral,2018-03-30
C0000033,Regular,South,Gold,Campaign,2019-07-10
C0000034,Loyal,North,Bronze,Campaign,2023-10-07
C0000035,Regular,West,Silver,Campaign,2022-04-04
C0000036,Regular,West,Gold,Referral,2016-02-22
C0000037,Loyal,South,Platinum,Partner,2019-04-21
C0000038,Regular,East,Bronze,Store Walk-in,2018-11-09
C0000039,Premium,North,Gold,Referral,2017-05-15
C0000040,Regular,West,Bronze,Campaign,2021-06-24
C0000041,Premium,West,Silver,Online,2020-07-06
C0000042,Loyal,North,Gold,Referral,2022-01-05
C0000043,Regular,Central,Bronze,Partner,2020-02-27
C0000044,Regular,North,Gold,Store Walk-in,2023-09-11
C0000045,Loyal,North,Silver,Campaign,2023-06-09
C0000046,Premium,Central,Bronze,Store Walk-in,2018-12-31
C0000047,Regular,North,Gold,Campaign,2019-03-14
C0000048,Value,South,Bronze,Campaign,2019-05-25
C0000049,Value,South,Bronze,Campaign,2018-03-30
C0000050,Value,West,Silver,Referral,2020-10-29
C0000051,Regular,North,Gold,Partner,2020-08-28
C0000052,Premium,South,Silver,Referral,2020-03-05
C0000053,Value,North,Silver,Referral,2021-07-01
C0000054,Premium,North,Bronze,Campaign,2021-10-04
C0000055,Loyal,East,Gold,Store Walk-in,2020-12-02
C0000056,Premium,South,Silver,Partner,2022-05-13
C0000057,Regular,West,Silver,Online,2020-12-02
C0000058,Regular,North,Silver,Store Walk-in,2019-03-16
C0000059,Regular,East,Gold,Store Walk-in,2023-03-20
C0000060,Value,East,Bronze,Partner,2017-02-02
C0000061,Regular,Central,Silver,Campaign,2023-07-08
C0000062,Premium,East,Gold,Online,2017-08-24
C0000063,Value,North,Bronze,Campaign,2024-06-27
C0000064,Regular,East,Bronze,Campaign,2017-04-28
C0000065,Value,South,Silver,Store Walk-in,2017-05-22
C0000066,Value,South,Gold,Online,2017-05-04
C0000067,Loyal,South,Gold,Campaign,2016-08-25
C0000068,Premium,East,Silver,Referral,2019-12-20
C0000069,Regular,South,Bronze,Online,2025-03-10
C0000070,Occasional,West,Bronze,Campaign,2023-12-03
C0000071,Value,West,Bronze,Partner,2021-01-13
C0000072,Regular,South,Silver,Campaign,2016-06-25
C0000073,Loyal,West,Platinum,Campaign,2024-09-10
C0000074,Premium,East,Platinum,Referral,2017-06-21
C0000075,Premium,South,Silver,Campaign,2024-03-17
C0000076,Regular,Central,Bronze,Partner,2023-05-27
C0000077,Regular,South,Bronze,Campaign,2016-07-25
C0000078,Loyal,South,Silver,Referral,2015-09-04
C0000079,Regular,South,Silver,Partner,2015-03-17
C0000080,Regular,East,Gold,Partner,2024-04-18
C0000081,Premium,West,Platinum,Campaign,2017-01-24
C0000082,Loyal,West,Bronze,Store Walk-in,2022-02-20
C0000083,Regular,South,Silver,Store Walk-in,2019-10-15
C0000084,Occasional,South,Bronze,Partner,2018-07-31
C0000085,Regular,North,Silver,Partner,2021-12-16
C0000086,Value,South,Bronze,Campaign,2022-08-04
C0000087,Regular,North,Silver,Campaign,2023-11-04
C0000088,Occasional,South,Bronze,Store Walk-in,2015-05-31
C0000089,Regular,North,Bronze,Campaign,2024-08-29
C0000090,Loyal,West,Bronze,Online,2015-10-02
C0000091,Regular,Central,Silver,Store Walk-in,2017-02-19
C0000092,Regular,East,Bronze,Campaign,2017-10-22
C0000093,Premium,South,Silver,Partner,2023-05-01
C0000094,Value,West,Bronze,Referral,2023-08-11
C0000095,Loyal,North,Silver,Campaign,2018-08-28
C0000096,Value,North,Bronze,Partner,2019-09-13
C0000097,Regular,North,Gold,Partner,2024-08-10
C0000098,Value,Central,Bronze,Referral,2016-04-21
C0000099,Loyal,East,Silver,Online,2016-11-12
C0000100,Loyal,North,Gold,Campaign,2022-10-09
C0000101,Premium,North,Gold,Campaign,2021-04-13
C0000102,Regular,East,Gold,Campaign,2020-05-31
C0000103,Value,North,Bronze,Referral,2018-04-11
C0000104,Regular,South,Bronze,Online,2022-10-17
C0000105,Regular,Central,Silver,Online,2024-10-30
C0000106,Regular,South,Silver,Campaign,2015-12-06
C0000107,Regular,North,Silver,Referral,2020-12-29
C0000108,Premium,West,Bronze,Partner,2019-07-22
C0000109,Loyal,North,Silver,Partner,2017-08-17
C0000110,Value,East,Silver,Online,2024-11-26
C0000111,Occasional,South,Silver,Store Walk-in,2019-02-18
C0000112,Regular,South,Silver,Online,2015-08-16
C0000113,Loyal,West,Silver,Partner,2018-10-06
C0000114,Value,East,Bronze,Store Walk-in,2024-09-17
C0000115,Regular,South,Silver,Online,2019-07-12
C0000116,Loyal,Central,Silver,Partner,2024-04-27
C0000117,Regular,South,Silver,Partner,2020-03-02
C0000118,Loyal,South,Platinum,Store Walk-in,2015-03-09
C0000119,Occasional,West,Gold,Store Walk-in,2025-12-13
C0000120,Regular,West,Silver,Online,2021-06-27
C0000121,Regular,North,Silver,Campaign,2017-11-18
C0000122,Regular,Central,Bronze,Referral,2015-07-14
C0000123,Premium,South,Gold,Store Walk-in,2020-12-30
C0000124,Occasional,South,Bronze,Store Walk-in,2022-04-12
C0000125,Value,West,Silver,Online,2019-02-23
C0000126,Occasional,South,Bronze,Referral,2021-05-22
C0000127,Loyal,South,Silver,Store Walk-in,2022-01-20
C0000128,Premium,Central,Gold,Store Walk-in,2016-04-17
C0000129,Regular,Central,Bronze,Referral,2019-02-08
C0000130,Value,East,Gold,Partner,2019-11-12
C0000131,Value,South,Bronze,Referral,2024-10-07
C0000132,Regular,North,Bronze,Referral,2015-01-27
C0000133,Premium,Central,Bronze,Store Walk-in,2018-08-21
C0000134,Loyal,Central,Platinum,Partner,2015-08-02
C0000135,Value,North,Bronze,Campaign,2017-04-11
C0000136,Occasional,East,Bronze,Store Walk-in,2019-04-01
C0000137,Premium,North,Platinum,Referral,2016-05-10
C0000138,Loyal,North,Bronze,Partner,2020-03-11
C0000139,Regular,East,Bronze,Online,2022-02-04
C0000140,Value,South,Bronze,Referral,2021-07-21
C0000141,Occasional,West,Bronze,Referral,2019-03-23
C0000142,Occasional,Central,Silver,Campaign,2015-12-28
C0000143,Loyal,North,Platinum,Online,2021-11-21
C0000144,Regular,Central,Silver,Store Walk-in,2024-01-17
C0000145,Premium,West,Silver,Campaign,2019-12-27
C0000146,Loyal,East,Silver,Online,2016-08-19
C0000147,Loyal,Central,Silver,Store Walk-in,2022-05-13
C0000148,Regular,West,Bronze,Store Walk-in,2015-03-10
C0000149,Occasional,South,Silver,Campaign,2019-01-10
C0000150,Occasional,South,Silver,Referral,2022-03-02
C0000151,Regular,South,Bronze,Referral,2023-01-25
C0000152,Regular,South,Bronze,Referral,2019-05-04
C0000153,Loyal,North,Platinum,Partner,2020-10-04
C0000154,Regular,South,Silver,Referral,2025-11-07
C0000155,Regular,South,Silver,Campaign,2015-04-30
C0000156,Regular,West,Silver,Campaign,2015-07-18
C0000157,Loyal,East,Bronze,Campaign,2017-09-30
C0000158,Value,South,Bronze,Campaign,2018-03-14
C0000159,Regular,North,Bronze,Online,2015-09-24
C0000160,Loyal,North,Silver,Campaign,2023-10-06
C0000161,Regular,West,Bronze,Online,2023-04-11
C0000162,Value,North,Gold,Online,2019-09-24
C0000163,Regular,North,Platinum,Campaign,2018-03-13
C0000164,Premium,West,Silver,Online,2018-10-30
C0000165,Value,East,Bronze,Store Walk-in,2023-02-13
C0000166,Regular,Central,Gold,Store Walk-in,2015-11-07
C0000167,Regular,West,Bronze,Store Walk-in,2021-07-25
C0000168,Value,South,Bronze,Online,2022-02-06
C0000169,Premium,West,Platinum,Campaign,2025-12-09
C0000170,Loyal,Central,Silver,Store Walk-in,2023-09-05
C0000171,Value,East,Bronze,Partner,2018-05-05
C0000172,Value,South,Bronze,Campaign,2025-01-30
C0000173,Regular,East,Gold,Store Walk-in,2017-08-26
C0000174,Regular,South,Bronze,Referral,2019-09-17
C0000175,Regular,South,Silver,Partner,2021-02-10
C0000176,Regular,South,Gold,Referral,2022-01-17
C0000177,Occasional,Central,Silver,Online,2016-04-22
C0000178,Regular,North,Bronze,Campaign,2017-06-14
C0000179,Regular,East,Gold,Online,2021-06-16
C0000180,Value,South,Bronze,Campaign,2024-01-26
C0000181,Regular,South,Bronze,Online,2025-01-14
C0000182,Premium,North,Silver,Store Walk-in,2018-02-23
C0000183,Regular,Central,Silver,Referral,2020-07-27
C0000184,Value,East,Bronze,Referral,2025-06-30
C0000185,Loyal,North,Gold,Online,2021-03-16
C0000186,Value,North,Silver,Partner,2022-06-13
C0000187,Occasional,South,Bronze,Online,2015-07-12
C0000188,Premium,North,Gold,Online,2020-10-15
C0000189,Regular,North,Bronze,Referral,2016-08-09
C0000190,Occasional,South,Bronze,Online,2019-10-16
C0000191,Premium,South,Gold,Referral,2019-02-09
C0000192,Regular,South,Silver,Campaign,2021-12-02
C0000193,Regular,South,Silver,Partner,2023-10-22
C0000194,Value,West,Bronze,Online,2017-05-07
C0000195,Regular,South,Bronze,Online,2018-07-29
C0000196,Regular,North,Bronze,Store Walk-in,2019-04-15
C0000197,Occasional,South,Bronze,Online,2018-06-26
C0000198,Premium,North,Platinum,Campaign,2016-12-31
C0000199,Regular,South,Gold,Campaign,2019-07-12
C0000200,Loyal,East,Silver,Partner,2022-09-07
C0000201,Value,South,Silver,Online,2020-11-07
C0000202,Occasional,North,Silver,Partner,2021-10-24
C0000203,Regular,Central,Platinum,Online,2015-06-02
C0000204,Loyal,Central,Platinum,Referral,2016-01-26
C0000205,Loyal,North,Gold,Partner,2019-04-14
C0000206,Premium,West,Gold,Referral,2015-11-27
C0000207,Loyal,South,Silver,Referral,2025-05-17
C0000208,Regular,Central,Bronze,Online,2023-02-21
C0000209,Loyal,South,Gold,Store Walk-in,2016-10-21
C0000210,Premium,Central,Gold,Referral,2016-02-11
C0000211,Premium,East,Gold,Partner,2017-12-04
C0000212,Loyal,North,Gold,Online,2023-08-18
C0000213,Occasional,East,Bronze,Campaign,2019-09-13
C0000214,Regular,North,Bronze,Online,2020-08-25
C0000215,Loyal,South,Silver,Partner,2019-11-09
C0000216,Regular,North,Bronze,Referral,2017-09-15
C0000217,Regular,Central,Gold,Referral,2019-07-02
C0000218,Loyal,Central,Gold,Referral,2016-02-06
C0000219,Regular,East,Bronze,Store Walk-in,2020-10-17
C0000220,Value,North,Bronze,Store Walk-in,2020-11-16
C0000221,Loyal,South,Platinum,Referral,2018-06-28
C0000222,Value,West,Bronze,Online,2020-06-10
C0000223,Regular,West,Bronze,Store Walk-in,2022-11-19
C0000224,Loyal,West,Gold,Referral,2018-03-19
C0000225,Premium,South,Gold,Campaign,2024-08-05
C0000226,Premium,East,Bronze,Online,2021-11-19
C0000227,Value,North,Bronze,Store Walk-in,2019-01-25
C0000228,Value,West,Bronze,Online,2020-07-06
C0000229,Regular,East,Silver,Online,2017-01-28
C0000230,Regular,Central,Gold,Partner,2021-04-20
C0000231,Loyal,West,Gold,Partner,2019-07-27
C0000232,Regular,West,Bronze,Online,2015-05-08
C0000233,Value,North,Bronze,Store Walk-in,2017-08-21
C0000234,Value,Central,Bronze,Store Walk-in,2018-08-15
C0000235,Value,North,Bronze,Campaign,2016-02-14
C0000236,Loyal,Central,Bronze,Campaign,2018-09-23
C0000237,Loyal,North,Bronze,Campaign,2015-10-08
C0000238,Regular,North,Silver,Store Walk-in,2018-03-27
C0000239,Loyal,East,Platinum,Partner,2015-01-04
C0000240,Value,West,Bronze,Store Walk-in,2020-10-30
C0000241,Loyal,South,Platinum,Referral,2021-03-24
C0000242,Premium,South,Silver,Campaign,2024-06-11
C0000243,Loyal,West,Silver,Campaign,2022-08-24
C0000244,Regular,West,Silver,Partner,2020-08-27
C0000245,Value,East,Silver,Campaign,2016-03-12
C0000246,Value,West,Bronze,Referral,2021-04-26
C0000247,Value,Central,Bronze,Store Walk-in,2019-06-29
C0000248,Regular,South,Platinum,Campaign,2022-09-16
C0000249,Regular,South,Gold,Online,2020-01-18
C0000250,Value,Central,Silver,Online,2022-07-17
C0000251,Regular,North,Bronze,Store Walk-in,2021-08-17
C0000252,Value,North,Silver,Campaign,2019-01-17
C0000253,Occasional,West,Bronze,Referral,2024-02-01
C0000254,Regular,West,Silver,Referral,2021-11-25
C0000255,Premium,Central,Silver,Campaign,2016-08-25
C0000256,Premium,South,Bronze,Campaign,2020-02-07
C0000257,Value,West,Bronze,Referral,2021-08-29
C0000258,Loyal,West,Platinum,Campaign,2019-10-19
C0000259,Loyal,East,Gold,Store Walk-in,2017-03-24
C0000260,Loyal,South,Platinum,Campaign,2021-04-27
C0000261,Regular,North,Bronze,Referral,2018-07-20
C0000262,Loyal,East,Gold,Store Walk-in,2018-02-16
C0000263,Premium,West,Gold,Store Walk-in,2017-11-30
C0000264,Regular,Central,Gold,Campaign,2017-05-02
C0000265,Loyal,North,Gold,Online,2022-01-03
C0000266,Regular,West,Bronze,Store Walk-in,2020-04-27
C0000267,Regular,North,Bronze,Campaign,2018-08-15
C0000268,Value,Central,Bronze,Campaign,2019-10-19
C0000269,Value,North,Bronze,Referral,2016-04-30
C0000270,Value,Central,Bronze,Partner,2016-11-06
C0000271,Regular,West,Bronze,Partner,2015-08-31
C0000272,Loyal,East,Platinum,Referral,2017-12-28
C0000273,Value,South,Bronze,Partner,2025-08-17
C0000274,Value,West,Bronze,Campaign,2024-09-03
C0000275,Regular,West,Silver,Partner,2018-09-25
C0000276,Regular,Central,Bronze,Partner,2015-01-10
C0000277,Value,South,Bronze,Campaign,2017-07-14
C0000278,Regular,South,Bronze,Partner,2017-10-09
C0000279,Regular,North,Silver,Online,2024-01-18
C0000280,Value,South,Silver,Online,2015-01-19
C0000281,Occasional,North,Silver,Partner,2017-02-03
C0000282,Premium,North,Silver,Campaign,2017-03-22
C0000283,Value,West,Bronze,Partner,2024-01-20
C0000284,Occasional,South,Bronze,Referral,2018-08-05
C0000285,Occasional,North,Silver,Partner,2019-09-21
C0000286,Premium,Central,Platinum,Online,2023-05-07
C0000287,Loyal,South,Gold,Campaign,2019-08-28
C0000288,Value,West,Silver,Campaign,2015-06-03
C0000289,Regular,North,Silver,Online,2018-10-01
C0000290,Regular,West,Gold,Partner,2021-10-15
C0000291,Value,Central,Gold,Partner,2015-07-19
C0000292,Regular,South,Bronze,Campaign,2024-08-26
C0000293,Loyal,North,Gold,Online,2018-07-27
C0000294,Loyal,East,Silver,Partner,2021-01-26
C0000295,Premium,North,Silver,Partner,2016-02-28
C0000296,Occasional,West,Bronze,Campaign,2024-01-26
C0000297,Premium,East,Silver,Partner,2016-12-19
C0000298,Value,Central,Bronze,Campaign,2021-06-01
C0000299,Value,Central,Silver,Online,2015-01-27
C0000300,Loyal,North,Platinum,Online,2022-05-20
C0000301,Premium,East,Platinum,Campaign,2021-11-27
C0000302,Premium,Central,Bronze,Campaign,2020-03-23
C0000303,Occasional,South,Gold,Store Walk-in,2017-12-15
C0000304,Regular,North,Gold,Online,2020-09-05
C0000305,Premium,North,Silver,Partner,2019-11-13
C0000306,Loyal,South,Gold,Campaign,2017-09-07
C0000307,Loyal,South,Platinum,Partner,2024-05-23
C0000308,Regular,West,Bronze,Referral,2021-12-20
C0000309,Loyal,North,Silver,Referral,2019-03-15
C0000310,Loyal,South,Silver,Store Walk-in,2022-11-06
C0000311,Regular,East,Bronze,Online,2023-08-22
C0000312,Occasional,Central,Bronze,Store Walk-in,2020-04-16
C0000313,Loyal,East,Gold,Online,2020-04-10
C0000314,Value,East,Bronze,Store Walk-in,2018-08-19
C0000315,Value,South,Bronze,Online,2019-09-17
C0000316,Loyal,Central,Silver,Store Walk-in,2024-06-07
C0000317,Regular,West,Silver,Campaign,2017-07-05
C0000318,Regular,East,Silver,Online,2025-03-24
C0000319,Regular,North,Silver,Store Walk-in,2018-10-23
C0000320,Premium,North,Silver,Campaign,2016-07-05
C0000321,Regular,Central,Gold,Referral,2024-05-29
C0000322,Value,South,Bronze,Campaign,2018-04-07
C0000323,Regular,West,Platinum,Partner,2017-04-05
C0000324,Regular,East,Gold,Partner,2017-03-17
C0000325,Value,North,Bronze,Partner,2020-07-18
C0000326,Regular,West,Bronze,Campaign,2024-11-19
C0000327,Regular,North,Gold,Online,2017-10-24
C0000328,Occasional,North,Bronze,Store Walk-in,2021-11-17
C0000329,Regular,South,Bronze,Referral,2022-08-25
C0000330,Regular,West,Silver,Referral,2015-11-24
C0000331,Regular,Central,Silver,Campaign,2022-04-03
C0000332,Value,East,Bronze,Online,2017-02-06
C0000333,Premium,Central,Silver,Campaign,2016-06-14
C0000334,Value,North,Bronze,Online,2020-02-22
C0000335,Loyal,North,Silver,Online,2024-08-02
C0000336,Regular,North,Bronze,Partner,2018-09-12
C0000337,Regular,West,Silver,Online,2016-04-22
C0000338,Premium,South,Gold,Store Walk-in,2017-06-22
C0000339,Loyal,South,Gold,Store Walk-in,2021-12-13
C0000340,Value,Central,Bronze,Store Walk-in,2018-01-06
C0000341,Regular,West,Silver,Campaign,2021-02-21
C0000342,Regular,South,Bronze,Store Walk-in,2020-03-17
C0000343,Regular,West,Bronze,Campaign,2018-02-17
C0000344,Loyal,South,Bronze,Referral,2017-06-16
C0000345,Regular,East,Bronze,Store Walk-in,2024-11-22
C0000346,Loyal,North,Silver,Partner,2017-08-30
C0000347,Value,Central,Silver,Store Walk-in,2020-04-23
C0000348,Loyal,Central,Silver,Partner,2015-09-13
C0000349,Regular,Central,Bronze,Referral,2017-04-08
C0000350,Value,West,Silver,Store Walk-in,2015-05-20
C0000351,Value,North,Bronze,Store Walk-in,2015-06-19
C0000352,Value,South,Bronze,Online,2016-06-12
C0000353,Loyal,South,Platinum,Partner,2015-11-15
C0000354,Loyal,West,Platinum,Online,2021-05-13
C0000355,Loyal,North,Silver,Campaign,2024-04-03
C0000356,Regular,South,Gold,Online,2020-03-22
C0000357,Premium,East,Platinum,Store Walk-in,2025-11-12
C0000358,Regular,North,Bronze,Referral,2019-08-14
C0000359,Value,Central,Bronze,Referral,2025-09-11
C0000360,Premium,North,Platinum,Campaign,2022-04-15
C0000361,Loyal,East,Silver,Partner,2023-12-04
C0000362,Premium,East,Gold,Store Walk-in,2020-08-07
C0000363,Regular,South,Bronze,Referral,2015-08-25
C0000364,Loyal,North,Gold,Online,2020-03-14
C0000365,Regular,Central,Silver,Store Walk-in,2019-07-24
C0000366,Loyal,South,Gold,Online,2022-08-07
C0000367,Loyal,South,Platinum,Partner,2020-05-16
C0000368,Premium,West,Gold,Partner,2021-01-25
C0000369,Loyal,East,Gold,Referral,2022-02-21
C0000370,Regular,South,Silver,Partner,2020-04-16
C0000371,Premium,Central,Silver,Store Walk-in,2019-08-19
C0000372,Loyal,West,Bronze,Online,2024-09-16
C0000373,Value,Central,Bronze,Partner,2021-08-21
C0000374,Value,Central,Bronze,Referral,2021-02-26
C0000375,Loyal,South,Silver,Referral,2017-04-08
C0000376,Value,North,Bronze,Partner,2016-10-20
C0000377,Value,South,Bronze,Referral,2023-11-05
C0000378,Occasional,South,Silver,Referral,2018-09-14
C0000379,Value,East,Silver,Store Walk-in,2015-03-04
C0000380,Premium,East,Gold,Partner,2022-11-25
C0000381,Loyal,East,Silver,Partner,2023-10-17
C0000382,Loyal,South,Gold,Campaign,2022-01-26
C0000383,Loyal,West,Platinum,Referral,2015-01-17
C0000384,Regular,Central,Bronze,Online,2025-10-30
C0000385,Value,East,Bronze,Referral,2025-01-22
C0000386,Loyal,North,Platinum,Campaign,2018-01-10
C0000387,Loyal,North,Gold,Campaign,2025-05-08
C0000388,Value,East,Bronze,Store Walk-in,2022-07-25
C0000389,Loyal,West,Silver,Store Walk-in,2024-09-03
C0000390,Regular,South,Bronze,Store Walk-in,2019-10-08
C0000391,Loyal,Central,Gold,Store Walk-in,2020-02-08
C0000392,Loyal,East,Gold,Store Walk-in,2024-06-25
C0000393,Regular,South,Silver,Online,2017-07-16
C0000394,Loyal,North,Platinum,Store Walk-in,2023-08-17
C0000395,Occasional,West,Silver,Campaign,2022-01-22
C0000396,Value,North,Bronze,Campaign,2017-12-13
C0000397,Occasional,West,Silver,Partner,2025-06-09
C0000398,Value,Central,Bronze,Referral,2017-11-27
C0000399,Regular,North,Silver,Campaign,2025-10-23
C0000400,Premium,East,Silver,Partner,2023-01-09
C0000401,Occasional,North,Bronze,Partner,2021-02-15
C0000402,Premium,South,Silver,Online,2025-08-23
C0000403,Value,South,Bronze,Campaign,2019-11-26
C0000404,Regular,South,Gold,Online,2016-08-18
C0000405,Value,South,Bronze,Store Walk-in,2021-05-05
C0000406,Value,Central,Bronze,Partner,2020-02-29
C0000407,Regular,West,Gold,Partner,2025-05-02
C0000408,Regular,Central,Gold,Partner,2017-05-03
C0000409,Loyal,North,Silver,Referral,2020-10-25
C0000410,Value,North,Gold,Store Walk-in,2017-12-27
C0000411,Loyal,East,Bronze,Campaign,2021-09-03
C0000412,Premium,South,Platinum,Campaign,2018-06-27
C0000413,Regular,South,Bronze,Store Walk-in,2020-07-30
C0000414,Value,Central,Bronze,Store Walk-in,2017-06-24
C0000415,Regular,East,Silver,Partner,2020-03-29
C0000416,Loyal,South,Gold,Campaign,2019-01-04
C0000417,Value,South,Bronze,Online,2017-10-15
C0000418,Regular,North,Silver,Referral,2018-08-17
C0000419,Regular,North,Gold,Referral,2016-06-13
C0000420,Value,East,Bronze,Partner,2019-08-26
C0000421,Loyal,East,Platinum,Partner,2025-12-05
C0000422,Value,East,Bronze,Referral,2020-01-11
C0000423,Loyal,South,Silver,Partner,2019-06-26
C0000424,Regular,West,Bronze,Campaign,2021-05-28
C0000425,Value,South,Bronze,Referral,2022-04-15
C0000426,Occasional,East,Silver,Referral,2022-08-27
C0000427,Regular,West,Silver,Campaign,2018-01-06
C0000428,Loyal,West,Gold,Campaign,2020-09-29
C0000429,Loyal,West,Gold,Store Walk-in,2015-02-14
C0000430,Premium,East,Silver,Referral,2016-03-31
C0000431,Value,Central,Bronze,Online,2015-01-14
C0000432,Premium,Central,Silver,Partner,2020-09-30
C0000433,Value,Central,Bronze,Online,2015-02-22
C0000434,Regular,West,Silver,Partner,2021-10-31
C0000435,Occasional,South,Bronze,Online,2015-12-26
C0000436,Value,North,Bronze,Store Walk-in,2017-04-02
C0000437,Loyal,East,Platinum,Store Walk-in,2025-01-31
C0000438,Value,South,Bronze,Online,2019-01-22
C0000439,Occasional,East,Bronze,Partner,2022-09-06
C0000440,Regular,North,Bronze,Store Walk-in,2019-04-16
C0000441,Regular,West,Bronze,Campaign,2022-08-05
C0000442,Loyal,North,Gold,Campaign,2025-03-11
C0000443,Loyal,South,Bronze,Campaign,2021-08-28
C0000444,Loyal,Central,Silver,Store Walk-in,2015-05-20
C0000445,Value,East,Silver,Online,2020-08-15
C0000446,Value,East,Silver,Partner,2022-05-22
C0000447,Loyal,Central,Silver,Partner,2020-04-06
C0000448,Occasional,North,Bronze,Campaign,2015-09-11
C0000449,Regular,North,Silver,Campaign,2015-11-07
C0000450,Regular,West,Bronze,Referral,2019-11-05
C0000451,Occasional,North,Bronze,Referral,2021-11-05
C0000452,Regular,West,Silver,Partner,2015-10-20
C0000453,Loyal,Central,Gold,Online,2020-05-17
C0000454,Value,West,Bronze,Campaign,2018-09-28
C0000455,Regular,North,Bronze,Online,2018-08-20
C0000456,Loyal,South,Gold,Referral,2015-10-26
C0000457,Regular,West,Silver,Store Walk-in,2019-02-11
C0000458,Loyal,East,Gold,Online,2024-02-28
C0000459,Regular,North,Platinum,Partner,2016-12-11
C0000460,Occasional,South,Bronze,Partner,2025-09-09
C0000461,Loyal,West,Platinum,Referral,2023-01-16
C0000462,Regular,East,Bronze,Store Walk-in,2017-09-22
C0000463,Loyal,South,Gold,Online,2020-03-01
C0000464,Value,West,Silver,Campaign,2019-02-25
C0000465,Regular,South,Platinum,Online,2025-10-19
C0000466,Value,West,Bronze,Referral,2019-10-27
C0000467,Regular,North,Bronze,Referral,2016-03-25
C0000468,Value,West,Bronze,Referral,2015-02-24
C0000469,Occasional,West,Bronze,Campaign,2021-02-22
C0000470,Regular,West,Bronze,Online,2016-09-24
C0000471,Value,Central,Bronze,Store Walk-in,2025-08-15
C0000472,Regular,South,Bronze,Online,2022-06-30
C0000473,Value,North,Bronze,Store Walk-in,2019-09-17
C0000474,Regular,North,Gold,Referral,2025-09-22
C0000475,Loyal,North,Gold,Referral,2019-01-09
C0000476,Value,West,Bronze,Online,2025-05-13
C0000477,Value,East,Bronze,Online,2016-09-17
C0000478,Regular,West,Bronze,Referral,2019-05-04
C0000479,Value,Central,Silver,Partner,2017-05-04
C0000480,Regular,North,Bronze,Online,2023-06-04
C0000481,Value,South,Bronze,Partner,2020-12-25
C0000482,Loyal,Central,Gold,Referral,2018-11-19
C0000483,Premium,Central,Gold,Store Walk-in,2021-10-17
C0000484,Value,Central,Gold,Referral,2019-06-06
C0000485,Loyal,South,Silver,Store Walk-in,2022-06-24
C0000486,Loyal,South,Silver,Campaign,2015-01-25
C0000487,Loyal,South,Platinum,Campaign,2020-11-09
C0000488,Occasional,West,Bronze,Store Walk-in,2020-09-09
C0000489,Regular,South,Gold,Partner,2024-03-12
C0000490,Loyal,East,Silver,Online,2016-06-17
C0000491,Loyal,South,Bronze,Campaign,2023-11-01
C0000492,Regular,South,Bronze,Store Walk-in,2021-06-11
C0000493,Value,South,Bronze,Store Walk-in,2019-07-30
C0000494,Value,East,Bronze,Online,2023-09-15
C0000495,Value,North,Bronze,Partner,2022-02-20
C0000496,Regular,North,Bronze,Store Walk-in,2017-11-13
C0000497,Occasional,North,Bronze,Referral,2020-01-14
C0000498,Loyal,West,Silver,Store Walk-in,2017-10-30
C0000499,Premium,Central,Gold,Referral,2016-10-09
C0000500,Value,South,Bronze,Campaign,2024-11-14
C0000501,Loyal,West,Platinum,Store Walk-in,2023-09-12
C0000502,Regular,Central,Bronze,Online,2017-07-16
C0000503,Loyal,South,Gold,Campaign,2020-03-02
C0000504,Occasional,West,Bronze,Referral,2017-12-18
C0000505,Regular,West,Silver,Online,2015-12-09
C0000506,Regular,North,Bronze,Campaign,2021-10-23
C0000507,Premium,Central,Bronze,Store Walk-in,2017-07-17
C0000508,Premium,North,Gold,Store Walk-in,2017-03-16
C0000509,Regular,North,Bronze,Store Walk-in,2023-10-21
C0000510,Value,North,Bronze,Campaign,2019-02-02
C0000511,Regular,South,Bronze,Partner,2015-08-12
C0000512,Premium,South,Platinum,Online,2021-05-04
C0000513,Loyal,East,Gold,Partner,2015-08-31
C0000514,Loyal,West,Silver,Online,2021-08-03
C0000515,Loyal,West,Platinum,Store Walk-in,2015-01-30
C0000516,Value,North,Silver,Campaign,2016-12-14
C0000517,Premium,South,Silver,Referral,2018-03-21
C0000518,Regular,North,Bronze,Online,2021-03-21
C0000519,Loyal,West,Silver,Campaign,2019-03-25
C0000520,Value,South,Bronze,Partner,2019-06-29
C0000521,Occasional,South,Bronze,Partner,2024-11-14
C0000522,Regular,North,Bronze,Referral,2021-10-25
C0000523,Occasional,Central,Silver,Referral,2018-02-07
C0000524,Loyal,North,Gold,Referral,2018-12-09
C0000525,Loyal,South,Silver,Referral,2021-08-25
C0000526,Regular,Central,Platinum,Store Walk-in,2015-08-19
C0000527,Regular,North,Silver,Online,2023-01-29
C0000528,Value,North,Bronze,Online,2024-05-23
C0000529,Regular,West,Silver,Online,2021-07-28
C0000530,Regular,North,Bronze,Store Walk-in,2021-08-14
C0000531,Value,Central,Bronze,Partner,2019-01-10
C0000532,Value,East,Bronze,Store Walk-in,2016-11-19
C0000533,Premium,West,Silver,Campaign,2018-11-19
C0000534,Occasional,Central,Gold,Online,2025-07-06
C0000535,Occasional,South,Bronze,Store Walk-in,2019-09-28
C0000536,Loyal,South,Silver,Store Walk-in,2021-02-28
C0000537,Regular,West,Silver,Store Walk-in,2017-12-21
C0000538,Value,East,Bronze,Campaign,2016-08-19
C0000539,Value,West,Bronze,Store Walk-in,2022-02-15
C0000540,Premium,East,Gold,Online,2018-07-11
C0000541,Occasional,West,Bronze,Online,2022-07-21
C0000542,Occasional,Central,Bronze,Campaign,2021-08-15
C0000543,Loyal,Central,Silver,Partner,2020-12-04
C0000544,Regular,South,Platinum,Referral,2023-04-22
C0000545,Premium,North,Gold,Referral,2018-05-18
C0000546,Regular,North,Silver,Referral,2018-04-16
C0000547,Occasional,North,Silver,Partner,2020-04-30
C0000548,Value,Central,Bronze,Partner,2019-03-16
C0000549,Value,West,Silver,Partner,2023-04-19
C0000550,Premium,West,Gold,Campaign,2024-12-07
C0000551,Regular,West,Platinum,Partner,2025-01-02
C0000552,Premium,East,Platinum,Referral,2021-02-02
C0000553,Regular,South,Bronze,Store Walk-in,2024-01-22
C0000554,Premium,Central,Gold,Referral,2017-03-02
C0000555,Regular,North,Gold,Store Walk-in,2021-06-28
C0000556,Premium,Central,Silver,Online,2016-08-22
C0000557,Loyal,North,Gold,Partner,2015-03-06
C0000558,Value,North,Bronze,Store Walk-in,2023-03-06
C0000559,Regular,North,Bronze,Online,2017-10-26
C0000560,Loyal,South,Platinum,Partner,2022-07-22
C0000561,Value,West,Bronze,Referral,2015-08-18
C0000562,Value,East,Silver,Partner,2018-06-12
C0000563,Value,East,Bronze,Partner,2019-11-18
C0000564,Loyal,East,Platinum,Store Walk-in,2022-04-19
C0000565,Occasional,West,Platinum,Partner,2016-04-26
C0000566,Loyal,North,Platinum,Online,2020-09-25
C0000567,Value,Central,Bronze,Store Walk-in,2024-12-09
C0000568,Regular,South,Silver,Partner,2016-07-01
C0000569,Value,West,Bronze,Referral,2023-05-27
C0000570,Regular,Central,Bronze,Partner,2016-09-15
C0000571,Occasional,Central,Silver,Online,2024-04-11
C0000572,Loyal,East,Gold,Store Walk-in,2015-06-30
C0000573,Regular,East,Silver,Campaign,2021-01-10
C0000574,Loyal,West,Bronze,Campaign,2020-05-03
C0000575,Value,West,Silver,Referral,2019-08-23
C0000576,Loyal,South,Gold,Referral,2017-03-23
C0000577,Regular,North,Silver,Online,2021-05-24
C0000578,Regular,West,Bronze,Campaign,2019-06-14
C0000579,Value,West,Bronze,Store Walk-in,2023-09-15
C0000580,Premium,South,Silver,Partner,2015-08-30
C0000581,Loyal,West,Bronze,Referral,2020-12-26
C0000582,Value,North,Silver,Referral,2015-05-18
C0000583,Premium,West,Gold,Online,2015-06-11
C0000584,Regular,West,Silver,Partner,2016-10-03
C0000585,Value,West,Bronze,Store Walk-in,2021-08-23
C0000586,Regular,South,Silver,Campaign,2021-03-24
C0000587,Premium,Central,Platinum,Campaign,2018-07-03
C0000588,Value,East,Silver,Store Walk-in,2021-10-20
C0000589,Loyal,Central,Gold,Store Walk-in,2018-10-17
C0000590,Loyal,East,Gold,Partner,2016-11-08
C0000591,Occasional,South,Bronze,Online,2019-01-25
C0000592,Regular,West,Bronze,Online,2021-01-24
C0000593,Regular,South,Silver,Online,2023-05-11
C0000594,Value,West,Silver,Campaign,2021-05-11
C0000595,Occasional,West,Bronze,Online,2020-03-31
C0000596,Regular,West,Bronze,Online,2019-05-21
C0000597,Regular,North,Bronze,Referral,2020-02-13
C0000598,Premium,East,Bronze,Online,2015-01-19
C0000599,Value,West,Bronze,Store Walk-in,2019-03-05
C0000600,Premium,South,Gold,Online,2021-02-14
C0000601,Occasional,West,Silver,Online,2015-05-07
C0000602,Regular,West,Silver,Campaign,2018-01-22
C0000603,Value,South,Bronze,Online,2018-04-18
C0000604,Occasional,West,Silver,Partner,2021-06-20
C0000605,Value,South,Bronze,Campaign,2015-03-21
C0000606,Value,West,Bronze,Partner,2016-12-12
C0000607,Premium,South,Platinum,Campaign,2019-12-15
C0000608,Regular,North,Silver,Store Walk-in,2023-04-01
C0000609,Value,Central,Bronze,Online,2020-05-05
C0000610,Premium,West,Gold,Online,2020-11-21
C0000611,Regular,South,Gold,Campaign,2017-09-06
C0000612,Value,South,Gold,Online,2019-01-16
C0000613,Loyal,West,Platinum,Online,2019-08-25
C0000614,Premium,West,Silver,Online,2019-10-16
C0000615,Value,North,Bronze,Partner,2022-08-05
C0000616,Regular,West,Bronze,Referral,2021-06-26
C0000617,Occasional,East,Bronze,Partner,2019-07-30
C0000618,Premium,East,Bronze,Partner,2015-04-07
C0000619,Value,East,Gold,Online,2023-12-27
C0000620,Loyal,East,Gold,Campaign,2015-11-17
C0000621,Regular,Central,Silver,Campaign,2024-08-07
C0000622,Value,North,Gold,Campaign,2020-05-19
C0000623,Regular,South,Bronze,Partner,2021-05-15
C0000624,Premium,South,Platinum,Referral,2015-12-08
C0000625,Loyal,North,Gold,Campaign,2020-09-24
C0000626,Premium,East,Silver,Online,2020-11-27
C0000627,Regular,Central,Silver,Online,2021-02-18
C0000628,Value,West,Bronze,Referral,2015-07-26
C0000629,Premium,East,Platinum,Store Walk-in,2017-06-25
C0000630,Loyal,South,Gold,Store Walk-in,2022-01-19
C0000631,Value,Central,Bronze,Store Walk-in,2024-10-13
C0000632,Premium,East,Gold,Store Walk-in,2022-05-25
C0000633,Loyal,North,Silver,Online,2016-08-22
C0000634,Regular,East,Bronze,Campaign,2021-11-02
C0000635,Value,East,Bronze,Partner,2025-11-09
C0000636,Regular,East,Bronze,Partner,2021-12-08
C0000637,Regular,North,Bronze,Store Walk-in,2022-01-24
C0000638,Value,West,Bronze,Campaign,2025-04-27
C0000639,Loyal,West,Silver,Store Walk-in,2017-01-28
C0000640,Value,North,Bronze,Store Walk-in,2018-08-12
C0000641,Value,North,Bronze,Referral,2018-04-02
C0000642,Value,West,Bronze,Campaign,2021-04-16
C0000643,Value,North,Bronze,Referral,2017-02-08
C0000644,Value,South,Bronze,Partner,2018-02-25
C0000645,Regular,Central,Bronze,Partner,2019-08-27
C0000646,Premium,South,Bronze,Referral,2016-09-03
C0000647,Regular,Central,Bronze,Partner,2019-12-11
C0000648,Regular,North,Silver,Referral,2016-12-24
C0000649,Regular,North,Silver,Online,2017-09-20
C0000650,Loyal,North,Silver,Online,2018-03-04
C0000651,Loyal,West,Gold,Campaign,2015-11-27
C0000652,Value,West,Silver,Online,2019-02-13
C0000653,Regular,West,Silver,Referral,2020-07-01
C0000654,Regular,South,Silver,Referral,2020-07-12
C0000655,Loyal,North,Silver,Store Walk-in,2020-07-06
C0000656,Loyal,South,Silver,Partner,2018-12-01
C0000657,Regular,West,Gold,Campaign,2025-06-26
C0000658,Regular,South,Bronze,Partner,2018-04-25
C0000659,Regular,South,Bronze,Online,2021-03-10
C0000660,Value,South,Silver,Referral,2024-12-30
C0000661,Premium,East,Gold,Online,2021-01-04
C0000662,Value,Central,Gold,Campaign,2021-06-09
C0000663,Value,West,Bronze,Referral,2023-01-02
C0000664,Value,South,Silver,Referral,2025-05-15
C0000665,Occasional,West,Bronze,Online,2020-08-05
C0000666,Loyal,North,Gold,Store Walk-in,2018-03-19
C0000667,Loyal,Central,Gold,Referral,2019-05-12
C0000668,Value,East,Silver,Store Walk-in,2024-01-02
C0000669,Regular,South,Bronze,Store Walk-in,2020-03-08
C0000670,Premium,West,Gold,Partner,2017-05-06
C0000671,Premium,North,Silver,Online,2018-08-29
C0000672,Regular,South,Bronze,Store Walk-in,2020-03-06
C0000673,Regular,West,Silver,Referral,2016-03-22
C0000674,Regular,North,Bronze,Online,2016-06-16
C0000675,Loyal,South,Silver,Referral,2019-10-05
C0000676,Value,South,Gold,Campaign,2019-04-11
C0000677,Regular,South,Bronze,Partner,2020-01-09
C0000678,Value,North,Gold,Online,2020-01-21
C0000679,Regular,North,Bronze,Referral,2022-06-27
C0000680,Value,West,Platinum,Campaign,2017-07-30
C0000681,Loyal,North,Platinum,Store Walk-in,2015-07-31
C0000682,Occasional,North,Bronze,Campaign,2022-11-01
C0000683,Premium,South,Bronze,Referral,2019-12-28
C0000684,Regular,South,Bronze,Referral,2018-06-03
C0000685,Occasional,East,Bronze,Campaign,2019-10-09
C0000686,Loyal,West,Silver,Store Walk-in,2025-07-18
C0000687,Regular,Central,Bronze,Partner,2017-06-24
C0000688,Loyal,East,Silver,Partner,2022-09-27
C0000689,Value,South,Bronze,Store Walk-in,2017-10-29
C0000690,Value,West,Bronze,Campaign,2023-05-19
C0000691,Regular,East,Silver,Store Walk-in,2019-06-24
C0000692,Regular,West,Silver,Partner,2017-07-29
C0000693,Value,West,Bronze,Online,2016-09-12
C0000694,Loyal,West,Gold,Online,2019-11-07
C0000695,Value,Central,Silver,Partner,2016-07-12
C0000696,Regular,Central,Gold,Online,2022-11-17
C0000697,Value,North,Bronze,Online,2020-02-22
C0000698,Regular,South,Bronze,Referral,2018-06-14
C0000699,Premium,North,Bronze,Campaign,2015-07-25
C0000700,Premium,North,Platinum,Referral,2017-11-20
C0000701,Premium,West,Gold,Referral,2023-08-31
C0000702,Regular,West,Silver,Campaign,2016-08-10
C0000703,Value,East,Bronze,Referral,2025-10-05
C0000704,Occasional,East,Bronze,Campaign,2018-05-25
C0000705,Value,East,Bronze,Store Walk-in,2016-11-29
C0000706,Premium,West,Platinum,Referral,2024-04-08
C0000707,Value,Central,Bronze,Online,2022-07-30
C0000708,Premium,West,Gold,Referral,2022-09-11
C0000709,Premium,West,Gold,Partner,2017-06-09
C0000710,Regular,North,Silver,Referral,2023-07-20
C0000711,Value,North,Silver,Referral,2023-07-04
C0000712,Regular,Central,Silver,Store Walk-in,2019-08-17
C0000713,Regular,East,Bronze,Partner,2021-09-19
C0000714,Regular,West,Bronze,Campaign,2022-04-29
C0000715,Value,West,Bronze,Store Walk-in,2022-03-06
C0000716,Value,Central,Bronze,Referral,2023-02-01
C0000717,Regular,South,Bronze,Campaign,2024-12-17
C0000718,Value,South,Bronze,Referral,2019-06-24
C0000719,Regular,North,Silver,Online,2024-07-06
C0000720,Regular,East,Bronze,Referral,2021-02-15
C0000721,Regular,South,Bronze,Online,2016-09-27
C0000722,Occasional,North,Bronze,Online,2020-02-02
C0000723,Premium,North,Silver,Store Walk-in,2020-11-16
C0000724,Regular,South,Bronze,Campaign,2023-12-30
C0000725,Regular,North,Bronze,Referral,2015-03-24
C0000726,Regular,South,Gold,Campaign,2023-05-28
C0000727,Value,South,Bronze,Online,2021-11-26
C0000728,Regular,North,Silver,Campaign,2016-05-15
C0000729,Value,West,Bronze,Store Walk-in,2018-05-10
C0000730,Regular,South,Silver,Online,2018-09-11
C0000731,Loyal,South,Gold,Campaign,2022-04-16
C0000732,Regular,South,Bronze,Referral,2016-10-05
C0000733,Occasional,West,Bronze,Partner,2017-10-31
C0000734,Occasional,South,Silver,Partner,2025-07-19
C0000735,Premium,West,Platinum,Partner,2016-01-04
C0000736,Premium,South,Gold,Campaign,2017-04-09
C0000737,Regular,East,Silver,Store Walk-in,2019-02-06
C0000738,Loyal,Central,Silver,Online,2015-06-08
C0000739,Premium,East,Silver,Partner,2022-06-12
C0000740,Regular,West,Silver,Store Walk-in,2017-04-21
C0000741,Loyal,North,Platinum,Store Walk-in,2024-02-20
C0000742,Value,South,Silver,Referral,2022-05-07
C0000743,Occasional,East,Bronze,Partner,2018-10-15
C0000744,Loyal,Central,Silver,Campaign,2025-11-22
C0000745,Value,South,Bronze,Referral,2021-10-17
C0000746,Regular,East,Silver,Online,2017-01-16
C0000747,Occasional,North,Bronze,Referral,2016-12-24
C0000748,Regular,East,Gold,Campaign,2015-06-19
C0000749,Value,East,Bronze,Campaign,2023-05-11
C0000750,Loyal,North,Silver,Store Walk-in,2023-10-23
C0000751,Loyal,West,Gold,Partner,2015-12-25
C0000752,Loyal,South,Gold,Online,2018-07-15
C0000753,Regular,West,Bronze,Referral,2025-06-03
C0000754,Regular,North,Gold,Online,2016-07-25
C0000755,Regular,East,Bronze,Partner,2024-07-25
C0000756,Regular,North,Silver,Partner,2017-09-03
C0000757,Regular,South,Silver,Campaign,2024-06-15
C0000758,Regular,North,Bronze,Campaign,2018-05-27
C0000759,Occasional,Central,Gold,Campaign,2015-05-01
C0000760,Value,North,Bronze,Campaign,2020-02-05
C0000761,Value,North,Bronze,Online,2016-12-06
C0000762,Premium,South,Bronze,Referral,2016-02-10
C0000763,Regular,South,Bronze,Referral,2016-02-09
C0000764,Premium,South,Silver,Online,2021-04-26
C0000765,Value,Central,Bronze,Partner,2024-12-20
C0000766,Loyal,South,Bronze,Store Walk-in,2025-03-30
C0000767,Regular,South,Silver,Store Walk-in,2018-06-19
C0000768,Regular,South,Bronze,Store Walk-in,2019-08-01
C0000769,Premium,South,Bronze,Referral,2018-02-16
C0000770,Premium,East,Platinum,Partner,2019-01-04
C0000771,Loyal,South,Gold,Online,2017-09-08
C0000772,Regular,South,Silver,Partner,2019-10-16
C0000773,Value,Central,Bronze,Campaign,2023-07-10
C0000774,Regular,South,Silver,Partner,2025-10-15
C0000775,Regular,Central,Bronze,Referral,2016-09-28
C0000776,Value,East,Bronze,Referral,2021-09-18
C0000777,Value,East,Bronze,Partner,2019-09-23
C0000778,Regular,South,Silver,Referral,2021-09-12
C0000779,Regular,South,Bronze,Referral,2021-01-28
C0000780,Occasional,North,Bronze,Online,2024-04-16
C0000781,Occasional,North,Bronze,Partner,2018-09-23
C0000782,Loyal,West,Gold,Referral,2018-04-27
C0000783,Premium,East,Platinum,Online,2025-09-09
C0000784,Value,North,Bronze,Campaign,2020-04-21
C0000785,Loyal,West,Silver,Partner,2018-10-01
C0000786,Loyal,West,Silver,Campaign,2018-11-27
C0000787,Value,North,Bronze,Online,2015-04-22
C0000788,Regular,North,Silver,Online,2021-02-17
C0000789,Value,East,Silver,Referral,2019-08-01
C0000790,Loyal,South,Silver,Referral,2019-02-27
C0000791,Loyal,South,Silver,Referral,2025-10-01
C0000792,Occasional,South,Bronze,Store Walk-in,2017-03-06
C0000793,Premium,West,Bronze,Referral,2016-03-24
C0000794,Value,North,Bronze,Online,2018-11-18
C0000795,Value,Central,Silver,Store Walk-in,2017-06-08
C0000796,Premium,East,Platinum,Store Walk-in,2021-05-25
C0000797,Premium,West,Gold,Referral,2019-10-13
C0000798,Regular,South,Bronze,Referral,2025-11-28
C0000799,Value,Central,Bronze,Partner,2015-01-28
C0000800,Value,South,Bronze,Campaign,2023-10-31
C0000801,Loyal,East,Bronze,Store Walk-in,2019-10-08
C0000802,Loyal,Central,Silver,Store Walk-in,2017-12-01
C0000803,Premium,West,Silver,Partner,2021-10-04
C0000804,Occasional,East,Silver,Store Walk-in,2016-06-27
C0000805,Value,South,Bronze,Referral,2019-05-22
C0000806,Occasional,West,Bronze,Campaign,2016-07-13
C0000807,Loyal,North,Gold,Campaign,2022-01-02
C0000808,Occasional,South,Bronze,Store Walk-in,2019-04-18
C0000809,Value,West,Bronze,Referral,2017-10-20
C0000810,Regular,West,Bronze,Referral,2023-06-14
C0000811,Regular,North,Silver,Store Walk-in,2015-02-27
C0000812,Value,North,Bronze,Online,2017-01-31
C0000813,Loyal,West,Gold,Online,2024-11-04
C0000814,Value,West,Bronze,Referral,2025-09-10
C0000815,Loyal,East,Silver,Store Walk-in,2016-10-21
C0000816,Regular,Central,Silver,Partner,2024-09-19
C0000817,Value,West,Bronze,Online,2015-09-08
C0000818,Regular,Central,Bronze,Referral,2017-03-09
C0000819,Regular,South,Gold,Campaign,2022-03-01
C0000820,Value,North,Gold,Partner,2016-02-03
C0000821,Regular,North,Platinum,Referral,2020-07-03
C0000822,Premium,West,Silver,Online,2024-10-12
C0000823,Occasional,North,Bronze,Campaign,2019-04-11
C0000824,Regular,North,Bronze,Referral,2023-04-19
C0000825,Premium,North,Gold,Partner,2022-10-02
C0000826,Regular,North,Platinum,Referral,2020-02-10
C0000827,Regular,North,Bronze,Partner,2016-06-09
C0000828,Value,South,Bronze,Store Walk-in,2017-12-22
C0000829,Regular,South,Silver,Store Walk-in,2016-08-29
C0000830,Value,South,Bronze,Online,2015-12-22
C0000831,Regular,South,Silver,Referral,2018-07-03
C0000832,Loyal,North,Silver,Campaign,2018-01-12
C0000833,Value,East,Bronze,Online,2022-02-28
C0000834,Value,West,Bronze,Referral,2018-11-15
C0000835,Premium,West,Gold,Store Walk-in,2017-09-18
C0000836,Value,South,Bronze,Online,2017-10-28
C0000837,Occasional,Central,Bronze,Store Walk-in,2018-10-23
C0000838,Regular,North,Silver,Partner,2017-10-05
C0000839,Loyal,East,Silver,Referral,2021-04-01
C0000840,Value,West,Bronze,Referral,2017-02-01
C0000841,Loyal,North,Silver,Store Walk-in,2019-06-13
C0000842,Occasional,South,Bronze,Online,2021-04-27
C0000843,Occasional,East,Bronze,Partner,2018-10-03
C0000844,Value,East,Bronze,Referral,2015-09-10
C0000845,Regular,East,Bronze,Referral,2022-01-14
C0000846,Value,South,Bronze,Partner,2016-09-25
C0000847,Value,West,Bronze,Online,2015-08-25
C0000848,Occasional,West,Bronze,Online,2022-11-05
C0000849,Value,East,Silver,Partner,2019-02-11
C0000850,Occasional,North,Bronze,Campaign,2015-01-31
C0000851,Regular,South,Bronze,Store Walk-in,2019-07-09
C0000852,Value,West,Bronze,Online,2020-07-27
C0000853,Premium,East,Platinum,Campaign,2017-09-29
C0000854,Occasional,South,Silver,Store Walk-in,2024-03-05
C0000855,Regular,South,Silver,Online,2018-12-15
C0000856,Regular,North,Bronze,Partner,2015-05-31
C0000857,Value,North,Bronze,Online,2015-05-05
C0000858,Occasional,Central,Silver,Online,2025-05-03
C0000859,Regular,South,Bronze,Store Walk-in,2015-03-31
C0000860,Premium,Central,Platinum,Referral,2018-01-03
C0000861,Premium,Central,Gold,Store Walk-in,2018-07-11
C0000862,Regular,North,Silver,Referral,2016-05-01
C0000863,Premium,Central,Platinum,Referral,2019-06-07
C0000864,Regular,South,Bronze,Campaign,2022-03-30
C0000865,Regular,East,Bronze,Referral,2015-09-30
C0000866,Regular,South,Gold,Store Walk-in,2016-09-11
C0000867,Regular,West,Silver,Partner,2020-01-25
C0000868,Value,East,Bronze,Online,2021-10-27
C0000869,Value,Central,Silver,Store Walk-in,2020-03-07
C0000870,Occasional,West,Bronze,Online,2018-11-07
C0000871,Loyal,South,Gold,Campaign,2021-02-14
C0000872,Premium,West,Bronze,Partner,2020-01-06
C0000873,Regular,North,Silver,Referral,2016-05-03
C0000874,Loyal,South,Platinum,Referral,2025-03-15
C0000875,Regular,North,Bronze,Campaign,2018-08-02
C0000876,Value,South,Gold,Store Walk-in,2016-02-06
C0000877,Value,East,Bronze,Store Walk-in,2024-06-04
C0000878,Value,East,Bronze,Partner,2017-09-06
C0000879,Occasional,North,Bronze,Campaign,2019-06-20
C0000880,Premium,North,Silver,Partner,2021-10-03
C0000881,Regular,West,Gold,Store Walk-in,2025-09-26
C0000882,Regular,Central,Silver,Referral,2015-04-21
C0000883,Regular,West,Silver,Campaign,2016-07-23
C0000884,Occasional,South,Bronze,Referral,2023-04-05
C0000885,Occasional,North,Bronze,Online,2017-04-17
C0000886,Value,North,Bronze,Referral,2017-09-25
C0000887,Loyal,West,Gold,Partner,2023-12-18
C0000888,Loyal,East,Gold,Online,2015-02-07
C0000889,Value,West,Bronze,Referral,2020-01-26
C0000890,Value,North,Bronze,Referral,2016-12-10
C0000891,Value,North,Silver,Campaign,2023-01-15
C0000892,Premium,North,Platinum,Referral,2019-08-07
C0000893,Occasional,West,Gold,Store Walk-in,2021-08-11
C0000894,Value,North,Bronze,Store Walk-in,2020-12-02
C0000895,Loyal,South,Bronze,Campaign,2015-05-16
C0000896,Occasional,East,Silver,Campaign,2020-09-13
C0000897,Value,East,Bronze,Online,2018-03-09
C0000898,Value,South,Bronze,Online,2015-07-26
C0000899,Value,South,Bronze,Campaign,2020-10-07
C0000900,Value,North,Bronze,Partner,2015-07-30
C0000901,Value,North,Silver,Partner,2021-01-25
C0000902,Regular,North,Bronze,Online,2021-05-25
C0000903,Occasional,West,Bronze,Referral,2016-11-11
C0000904,Premium,North,Platinum,Partner,2023-09-11
C0000905,Occasional,West,Bronze,Online,2016-05-06
C0000906,Regular,West,Bronze,Campaign,2019-02-07
C0000907,Value,South,Bronze,Campaign,2021-12-28
C0000908,Loyal,Central,Silver,Store Walk-in,2018-12-05
C0000909,Premium,West,Silver,Store Walk-in,2020-01-04
C0000910,Value,North,Bronze,Store Walk-in,2016-11-13
C0000911,Regular,South,Bronze,Store Walk-in,2016-04-09
C0000912,Regular,Central,Bronze,Campaign,2023-03-25
C0000913,Premium,West,Gold,Partner,2021-10-02
C0000914,Premium,North,Silver,Partner,2022-03-06
C0000915,Regular,North,Silver,Referral,2021-05-13
C0000916,Regular,East,Bronze,Online,2020-12-29
C0000917,Value,South,Bronze,Store Walk-in,2022-08-07
C0000918,Loyal,North,Gold,Partner,2021-06-02
C0000919,Value,North,Bronze,Store Walk-in,2024-03-30
C0000920,Occasional,West,Silver,Referral,2021-02-15
C0000921,Value,South,Bronze,Online,2023-09-22
C0000922,Loyal,South,Silver,Campaign,2024-08-15
C0000923,Regular,West,Bronze,Campaign,2019-06-06
C0000924,Regular,South,Bronze,Partner,2021-12-29
C0000925,Regular,North,Bronze,Online,2022-09-18
C0000926,Value,Central,Bronze,Online,2019-03-11
C0000927,Premium,Central,Gold,Online,2019-07-11
C0000928,Value,East,Bronze,Store Walk-in,2015-01-04
C0000929,Value,North,Gold,Partner,2017-02-18
C0000930,Value,South,Bronze,Partner,2024-11-26
C0000931,Premium,South,Gold,Store Walk-in,2016-05-21
C0000932,Occasional,East,Bronze,Campaign,2025-02-28
C0000933,Premium,East,Gold,Online,2020-10-21
C0000934,Value,Central,Silver,Partner,2017-10-17
C0000935,Value,North,Bronze,Partner,2015-03-07
C0000936,Value,East,Bronze,Store Walk-in,2016-11-13
C0000937,Regular,West,Bronze,Referral,2023-04-01
C0000938,Premium,North,Silver,Referral,2019-06-04
C0000939,Value,East,Bronze,Referral,2019-01-22
C0000940,Regular,East,Silver,Online,2024-02-13
C0000941,Regular,East,Silver,Store Walk-in,2015-03-13
C0000942,Value,Central,Gold,Referral,2015-12-05
C0000943,Regular,South,Bronze,Online,2021-10-29
C0000944,Regular,South,Bronze,Online,2016-05-24
C0000945,Occasional,East,Silver,Store Walk-in,2024-05-18
C0000946,Regular,East,Bronze,Referral,2017-03-15
C0000947,Value,South,Bronze,Online,2019-02-10
C0000948,Value,East,Silver,Online,2021-08-04
C0000949,Regular,North,Bronze,Referral,2020-09-25
C0000950,Occasional,North,Bronze,Partner,2020-07-16
C0000951,Regular,Central,Bronze,Online,2017-09-22
C0000952,Value,North,Bronze,Partner,2023-07-18
C0000953,Value,South,Gold,Referral,2017-12-31
C0000954,Loyal,East,Gold,Online,2015-12-12
C0000955,Value,East,Bronze,Campaign,2020-05-30
C0000956,Value,East,Bronze,Campaign,2015-03-12
C0000957,Occasional,North,Bronze,Referral,2024-06-19
C0000958,Regular,Central,Bronze,Referral,2020-09-08
C0000959,Regular,West,Bronze,Store Walk-in,2020-02-03
C0000960,Value,Central,Bronze,Online,2017-10-30
C0000961,Value,Central,Bronze,Partner,2015-08-24
C0000962,Regular,North,Gold,Store Walk-in,2020-02-21
C0000963,Regular,South,Bronze,Partner,2019-03-02
C0000964,Regular,South,Silver,Campaign,2020-10-24
C0000965,Regular,East,Bronze,Campaign,2021-08-21
C0000966,Occasional,East,Silver,Online,2015-01-28
C0000967,Loyal,West,Platinum,Referral,2023-05-28
C0000968,Regular,West,Bronze,Campaign,2020-09-16
C0000969,Regular,West,Silver,Partner,2016-04-02
C0000970,Value,South,Bronze,Store Walk-in,2016-04-24
C0000971,Regular,North,Gold,Campaign,2022-02-21
C0000972,Value,North,Silver,Online,2020-07-19
C0000973,Occasional,West,Gold,Partner,2021-09-08
C0000974,Occasional,East,Bronze,Store Walk-in,2023-07-31
C0000975,Regular,Central,Bronze,Partner,2016-01-29
C0000976,Regular,West,Silver,Partner,2015-08-03
C0000977,Value,South,Bronze,Referral,2015-03-14
C0000978,Regular,South,Silver,Partner,2018-08-17
C0000979,Value,North,Bronze,Campaign,2017-10-03
C0000980,Loyal,East,Silver,Partner,2025-12-19
C0000981,Value,South,Silver,Store Walk-in,2020-06-18
C0000982,Regular,South,Bronze,Campaign,2023-09-10
C0000983,Loyal,South,Platinum,Referral,2017-04-03
C0000984,Regular,West,Silver,Campaign,2016-05-26
C0000985,Premium,Central,Bronze,Store Walk-in,2022-03-09
C0000986,Premium,Central,Silver,Online,2020-03-11
C0000987,Value,South,Bronze,Online,2018-03-12
C0000988,Value,North,Bronze,Campaign,2017-02-20
C0000989,Premium,South,Gold,Online,2021-05-01
C0000990,Value,Central,Bronze,Online,2020-11-09
C0000991,Loyal,South,Bronze,Online,2023-04-30
C0000992,Loyal,North,Silver,Store Walk-in,2019-04-04
C0000993,Value,East,Silver,Campaign,2022-04-05
C0000994,Loyal,West,Silver,Campaign,2017-04-25
C0000995,Loyal,North,Silver,Store Walk-in,2025-02-01
C0000996,Value,West,Bronze,Campaign,2019-05-20
C0000997,Premium,South,Gold,Referral,2015-10-15
C0000998,Regular,West,Silver,Campaign,2016-09-24
C0000999,Premium,South,Platinum,Partner,2025-04-24
C0001000,Occasional,South,Bronze,Store Walk-in,2016-02-02
