date,product_id,store_id,opening_inventory,received_units,sold_units,closing_inventory,stockout_flag,inventory_days
2023-01-01,P00001,S00169,724,0,129,595,False,4.61
2023-01-02,P00001,S00169,595,0,66,529,False,8.02
2023-01-03,P00001,S00169,529,0,43,486,False,11.3
2023-01-04,P00001,S00169,486,2650,175,2961,False,16.92
2023-01-05,P00001,S00169,2961,0,257,2704,False,10.52
2023-01-06,P00001,S00169,2704,0,259,2445,False,9.44
2023-01-07,P00001,S00169,2445,0,150,2295,False,15.3
2023-01-08,P00001,S00169,2295,0,321,1974,False,6.15
2023-01-09,P00001,S00169,1974,0,124,1850,False,14.92
2023-01-10,P00001,S00169,1850,0,187,1663,False,8.89
2023-01-11,P00001,S00169,1663,0,291,1372,False,4.71
2023-01-12,P00001,S00169,1372,0,128,1244,False,9.72
2023-01-13,P00001,S00169,1244,1556,494,2306,False,4.67
2023-01-14,P00001,S00169,2306,0,87,2219,False,25.51
2023-01-15,P00001,S00169,2219,0,81,2138,False,26.4
2023-01-16,P00001,S00169,2138,0,58,2080,False,35.86
2023-01-17,P00001,S00169,2080,0,53,2027,False,38.25
2023-01-18,P00001,S00169,2027,0,24,2003,False,83.46
2023-01-19,P00001,S00169,2003,0,18,1985,False,110.28
2023-01-20,P00001,S00169,1985,0,88,1897,False,21.56
2023-01-21,P00001,S00169,1897,0,162,1735,False,10.71
2023-01-22,P00001,S00169,1735,0,65,1670,False,25.69
2023-01-23,P00001,S00169,1670,0,87,1583,False,18.2
2023-01-24,P00001,S00169,1583,0,20,1563,False,78.15
2023-01-25,P00001,S00169,1563,0,60,1503,False,25.05
2023-01-26,P00001,S00169,1503,0,166,1337,False,8.05
2023-01-27,P00001,S00169,1337,0,65,1272,False,19.57
2023-01-28,P00001,S00169,1272,0,150,1122,False,7.48
2023-01-29,P00001,S00169,1122,0,94,1028,False,10.94
2023-01-30,P00001,S00169,1028,0,188,840,False,4.47
2023-01-31,P00001,S00169,840,0,43,797,False,18.53
2023-02-01,P00001,S00169,797,0,71,726,False,10.23
2023-02-02,P00001,S00169,726,1237,82,1881,False,22.94
2023-02-03,P00001,S00169,1881,0,204,1677,False,8.22
2023-02-04,P00001,S00169,1677,0,30,1647,False,54.9
2023-02-05,P00001,S00169,1647,0,64,1583,False,24.73
2023-02-06,P00001,S00169,1583,0,41,1542,False,37.61
2023-02-07,P00001,S00169,1542,0,40,1502,False,37.55
2023-02-08,P00001,S00169,1502,0,98,1404,False,14.33
2023-02-09,P00001,S00169,1404,0,60,1344,False,22.4
2023-02-10,P00001,S00169,1344,0,144,1200,False,8.33
2023-02-11,P00001,S00169,1200,0,150,1050,False,7.0
2023-02-12,P00001,S00169,1050,0,84,966,False,11.5
2023-02-13,P00001,S00169,966,0,10,956,False,95.6
2023-02-14,P00001,S00169,956,0,47,909,False,19.34
2023-02-15,P00001,S00169,909,0,73,836,False,11.45
2023-02-16,P00001,S00169,836,0,64,772,False,12.06
2023-02-17,P00001,S00169,772,0,144,628,False,4.36
2023-02-18,P00001,S00169,628,0,78,550,False,7.05
2023-02-19,P00001,S00169,550,0,67,483,False,7.21
2023-02-20,P00001,S00169,483,897,47,1333,False,28.36
2023-02-21,P00001,S00169,1333,0,56,1277,False,22.8
2023-02-22,P00001,S00169,1277,0,67,1210,False,18.06
2023-02-23,P00001,S00169,1210,0,83,1127,False,13.58
2023-02-24,P00001,S00169,1127,0,18,1109,False,61.61
2023-02-25,P00001,S00169,1109,0,94,1015,False,10.8
2023-02-26,P00001,S00169,1015,0,118,897,False,7.6
2023-02-27,P00001,S00169,897,0,55,842,False,15.31
2023-02-28,P00001,S00169,842,0,96,746,False,7.77
2023-03-01,P00001,S00169,746,0,49,697,False,14.22
2023-03-02,P00001,S00169,697,0,75,622,False,8.29
2023-03-03,P00001,S00169,622,0,123,499,False,4.06
2023-03-04,P00001,S00169,499,0,212,287,False,1.35
2023-03-05,P00001,S00169,287,683,144,826,False,5.74
2023-03-06,P00001,S00169,826,0,167,659,False,3.95
2023-03-07,P00001,S00169,659,0,119,540,False,4.54
2023-03-08,P00001,S00169,540,878,94,1324,False,14.09
2023-03-09,P00001,S00169,1324,0,134,1190,False,8.88
2023-03-10,P00001,S00169,1190,0,75,1115,False,14.87
2023-03-11,P00001,S00169,1115,0,59,1056,False,17.9
2023-03-12,P00001,S00169,1056,0,142,914,False,6.44
2023-03-13,P00001,S00169,914,0,45,869,False,19.31
2023-03-14,P00001,S00169,869,0,56,813,False,14.52
2023-03-15,P00001,S00169,813,897,71,1639,False,23.08
2023-03-16,P00001,S00169,1639,0,24,1615,False,67.29
2023-03-17,P00001,S00169,1615,0,108,1507,False,13.95
2023-03-18,P00001,S00169,1507,0,89,1418,False,15.93
2023-03-19,P00001,S00169,1418,0,60,1358,False,22.63
2023-03-20,P00001,S00169,1358,0,49,1309,False,26.71
2023-03-21,P00001,S00169,1309,0,66,1243,False,18.83
2023-03-22,P00001,S00169,1243,0,161,1082,False,6.72
2023-03-23,P00001,S00169,1082,0,90,992,False,11.02
2023-03-24,P00001,S00169,992,0,55,937,False,17.04
2023-03-25,P00001,S00169,937,0,262,675,False,2.58
2023-03-26,P00001,S00169,675,0,80,595,False,7.44
2023-03-27,P00001,S00169,595,0,31,564,False,18.19
2023-03-28,P00001,S00169,564,1101,40,1625,False,40.62
2023-03-29,P00001,S00169,1625,0,30,1595,False,53.17
2023-03-30,P00001,S00169,1595,0,92,1503,False,16.34
2023-03-31,P00001,S00169,1503,0,100,1403,False,14.03
2023-01-01,P00001,S00001,487,0,46,441,False,9.59
2023-01-02,P00001,S00001,441,0,45,396,False,8.8
2023-01-03,P00001,S00001,396,0,21,375,False,17.86
2023-01-04,P00001,S00001,375,0,20,355,False,17.75
2023-01-05,P00001,S00001,355,0,20,335,False,16.75
2023-01-06,P00001,S00001,335,0,44,291,False,6.61
2023-01-07,P00001,S00001,291,0,54,237,False,4.39
2023-01-08,P00001,S00001,237,0,20,217,False,10.85
2023-01-09,P00001,S00001,217,0,22,195,False,8.86
2023-01-10,P00001,S00001,195,0,37,158,False,4.27
2023-01-11,P00001,S00001,158,0,36,122,False,3.39
2023-01-12,P00001,S00001,122,0,16,106,False,6.62
2023-01-13,P00001,S00001,106,0,34,72,False,2.12
2023-01-14,P00001,S00001,72,625,43,654,False,15.21
2023-01-15,P00001,S00001,654,0,33,621,False,18.82
2023-01-16,P00001,S00001,621,0,46,575,False,12.5
2023-01-17,P00001,S00001,575,0,32,543,False,16.97
2023-01-18,P00001,S00001,543,0,168,375,False,2.23
2023-01-19,P00001,S00001,375,0,37,338,False,9.14
2023-01-20,P00001,S00001,338,0,72,266,False,3.69
2023-01-21,P00001,S00001,266,0,64,202,False,3.16
2023-01-22,P00001,S00001,202,0,79,123,False,1.56
2023-01-23,P00001,S00001,123,0,50,73,False,1.46
2023-01-24,P00001,S00001,73,941,9,1005,False,111.67
2023-01-25,P00001,S00001,1005,0,25,980,False,39.2
2023-01-26,P00001,S00001,980,0,70,910,False,13.0
2023-01-27,P00001,S00001,910,0,55,855,False,15.55
2023-01-28,P00001,S00001,855,0,27,828,False,30.67
2023-01-29,P00001,S00001,828,0,21,807,False,38.43
2023-01-30,P00001,S00001,807,0,27,780,False,28.89
2023-01-31,P00001,S00001,780,0,10,770,False,77.0
2023-02-01,P00001,S00001,770,0,22,748,False,34.0
2023-02-02,P00001,S00001,748,0,33,715,False,21.67
2023-02-03,P00001,S00001,715,0,21,694,False,33.05
2023-02-04,P00001,S00001,694,0,112,582,False,5.2
2023-02-05,P00001,S00001,582,0,24,558,False,23.25
2023-02-06,P00001,S00001,558,0,22,536,False,24.36
2023-02-07,P00001,S00001,536,0,11,525,False,47.73
2023-02-08,P00001,S00001,525,0,49,476,False,9.71
2023-02-09,P00001,S00001,476,0,22,454,False,20.64
2023-02-10,P00001,S00001,454,0,20,434,False,21.7
2023-02-11,P00001,S00001,434,0,39,395,False,10.13
2023-02-12,P00001,S00001,395,0,21,374,False,17.81
2023-02-13,P00001,S00001,374,0,16,358,False,22.38
2023-02-14,P00001,S00001,358,0,47,311,False,6.62
2023-02-15,P00001,S00001,311,0,54,257,False,4.76
2023-02-16,P00001,S00001,257,0,24,233,False,9.71
2023-02-17,P00001,S00001,233,0,30,203,False,6.77
2023-02-18,P00001,S00001,203,0,142,61,False,0.43
2023-02-19,P00001,S00001,61,0,27,34,False,1.26
2023-02-20,P00001,S00001,34,0,34,0,True,0.0
2023-02-21,P00001,S00001,0,955,36,919,False,25.53
2023-02-22,P00001,S00001,919,0,67,852,False,12.72
2023-02-23,P00001,S00001,852,0,26,826,False,31.77
2023-02-24,P00001,S00001,826,0,40,786,False,19.65
2023-02-25,P00001,S00001,786,0,18,768,False,42.67
2023-02-26,P00001,S00001,768,0,74,694,False,9.38
2023-02-27,P00001,S00001,694,0,18,676,False,37.56
2023-02-28,P00001,S00001,676,0,27,649,False,24.04
2023-03-01,P00001,S00001,649,0,12,637,False,53.08
2023-03-02,P00001,S00001,637,0,70,567,False,8.1
2023-03-03,P00001,S00001,567,0,88,479,False,5.44
2023-03-04,P00001,S00001,479,0,79,400,False,5.06
2023-03-05,P00001,S00001,400,0,52,348,False,6.69
2023-03-06,P00001,S00001,348,0,67,281,False,4.19
2023-03-07,P00001,S00001,281,0,24,257,False,10.71
2023-03-08,P00001,S00001,257,0,113,144,False,1.27
2023-03-09,P00001,S00001,144,0,29,115,False,3.97
2023-03-10,P00001,S00001,115,0,109,6,False,0.06
2023-03-11,P00001,S00001,6,1095,60,1041,False,17.35
2023-03-12,P00001,S00001,1041,0,65,976,False,15.02
2023-03-13,P00001,S00001,976,0,77,899,False,11.68
2023-03-14,P00001,S00001,899,0,51,848,False,16.63
2023-03-15,P00001,S00001,848,0,16,832,False,52.0
2023-03-16,P00001,S00001,832,0,94,738,False,7.85
2023-03-17,P00001,S00001,738,0,92,646,False,7.02
2023-03-18,P00001,S00001,646,0,64,582,False,9.09
2023-03-19,P00001,S00001,582,0,24,558,False,23.25
2023-03-20,P00001,S00001,558,0,94,464,False,4.94
2023-03-21,P00001,S00001,464,0,54,410,False,7.59
2023-03-22,P00001,S00001,410,0,85,325,False,3.82
2023-03-23,P00001,S00001,325,0,18,307,False,17.06
2023-03-24,P00001,S00001,307,0,69,238,False,3.45
2023-03-25,P00001,S00001,238,0,70,168,False,2.4
2023-03-26,P00001,S00001,168,0,21,147,False,7.0
2023-03-27,P00001,S00001,147,1130,28,1249,False,44.61
2023-03-28,P00001,S00001,1249,0,30,1219,False,40.63
2023-03-29,P00001,S00001,1219,0,91,1128,False,12.4
2023-03-30,P00001,S00001,1128,0,38,1090,False,28.68
2023-03-31,P00001,S00001,1090,0,47,1043,False,22.19
2023-01-01,P00001,S00117,631,0,47,584,False,12.43
2023-01-02,P00001,S00117,584,0,85,499,False,5.87
2023-01-03,P00001,S00117,499,0,32,467,False,14.59
2023-01-04,P00001,S00117,467,0,150,317,False,2.11
2023-01-05,P00001,S00117,317,1343,207,1453,False,7.02
2023-01-06,P00001,S00117,1453,0,52,1401,False,26.94
2023-01-07,P00001,S00117,1401,0,176,1225,False,6.96
2023-01-08,P00001,S00117,1225,0,98,1127,False,11.5
2023-01-09,P00001,S00117,1127,0,124,1003,False,8.09
2023-01-10,P00001,S00117,1003,0,125,878,False,7.02
2023-01-11,P00001,S00117,878,0,35,843,False,24.09
2023-01-12,P00001,S00117,843,0,106,737,False,6.95
2023-01-13,P00001,S00117,737,0,41,696,False,16.98
2023-01-14,P00001,S00117,696,0,29,667,False,23.0
2023-01-15,P00001,S00117,667,0,77,590,False,7.66
2023-01-16,P00001,S00117,590,0,26,564,False,21.69
2023-01-17,P00001,S00117,564,0,67,497,False,7.42
2023-01-18,P00001,S00117,497,0,38,459,False,12.08
2023-01-19,P00001,S00117,459,0,12,447,False,37.25
2023-01-20,P00001,S00117,447,0,46,401,False,8.72
2023-01-21,P00001,S00117,401,1233,22,1612,False,73.27
2023-01-22,P00001,S00117,1612,0,57,1555,False,27.28
2023-01-23,P00001,S00117,1555,0,51,1504,False,29.49
2023-01-24,P00001,S00117,1504,0,20,1484,False,74.2
2023-01-25,P00001,S00117,1484,0,38,1446,False,38.05
2023-01-26,P00001,S00117,1446,0,39,1407,False,36.08
2023-01-27,P00001,S00117,1407,0,80,1327,False,16.59
2023-01-28,P00001,S00117,1327,0,26,1301,False,50.04
2023-01-29,P00001,S00117,1301,0,53,1248,False,23.55
2023-01-30,P00001,S00117,1248,0,24,1224,False,51.0
2023-01-31,P00001,S00117,1224,0,54,1170,False,21.67
2023-02-01,P00001,S00117,1170,0,91,1079,False,11.86
2023-02-02,P00001,S00117,1079,0,32,1047,False,32.72
2023-02-03,P00001,S00117,1047,0,47,1000,False,21.28
2023-02-04,P00001,S00117,1000,0,49,951,False,19.41
2023-02-05,P00001,S00117,951,0,66,885,False,13.41
2023-02-06,P00001,S00117,885,0,47,838,False,17.83
2023-02-07,P00001,S00117,838,0,24,814,False,33.92
2023-02-08,P00001,S00117,814,0,43,771,False,17.93
2023-02-09,P00001,S00117,771,0,92,679,False,7.38
2023-02-10,P00001,S00117,679,0,39,640,False,16.41
2023-02-11,P00001,S00117,640,0,43,597,False,13.88
2023-02-12,P00001,S00117,597,0,26,571,False,21.96
2023-02-13,P00001,S00117,571,0,45,526,False,11.69
2023-02-14,P00001,S00117,526,0,49,477,False,9.73
2023-02-15,P00001,S00117,477,0,33,444,False,13.45
2023-02-16,P00001,S00117,444,0,26,418,False,16.08
2023-02-17,P00001,S00117,418,0,63,355,False,5.63
2023-02-18,P00001,S00117,355,0,62,293,False,4.73
2023-02-19,P00001,S00117,293,0,28,265,False,9.46
2023-02-20,P00001,S00117,265,0,67,198,False,2.96
2023-02-21,P00001,S00117,198,0,76,122,False,1.61
2023-02-22,P00001,S00117,122,748,20,850,False,42.5
2023-02-23,P00001,S00117,850,0,38,812,False,21.37
2023-02-24,P00001,S00117,812,0,38,774,False,20.37
2023-02-25,P00001,S00117,774,0,51,723,False,14.18
2023-02-26,P00001,S00117,723,0,104,619,False,5.95
2023-02-27,P00001,S00117,619,0,94,525,False,5.59
2023-02-28,P00001,S00117,525,0,41,484,False,11.8
2023-03-01,P00001,S00117,484,0,76,408,False,5.37
2023-03-02,P00001,S00117,408,0,141,267,False,1.89
2023-03-03,P00001,S00117,267,0,67,200,False,2.99
2023-03-04,P00001,S00117,200,0,166,34,False,0.2
2023-03-05,P00001,S00117,34,0,34,0,True,0.0
2023-03-06,P00001,S00117,0,1152,27,1125,False,41.67
2023-03-07,P00001,S00117,1125,0,240,885,False,3.69
2023-03-08,P00001,S00117,885,0,18,867,False,48.17
2023-03-09,P00001,S00117,867,0,29,838,False,28.9
2023-03-10,P00001,S00117,838,0,17,821,False,48.29
2023-03-11,P00001,S00117,821,0,246,575,False,2.34
2023-03-12,P00001,S00117,575,0,33,542,False,16.42
2023-03-13,P00001,S00117,542,0,26,516,False,19.85
2023-03-14,P00001,S00117,516,0,28,488,False,17.43
2023-03-15,P00001,S00117,488,1378,34,1832,False,53.88
2023-03-16,P00001,S00117,1832,0,47,1785,False,37.98
2023-03-17,P00001,S00117,1785,0,100,1685,False,16.85
2023-03-18,P00001,S00117,1685,0,110,1575,False,14.32
2023-03-19,P00001,S00117,1575,0,106,1469,False,13.86
2023-03-20,P00001,S00117,1469,0,93,1376,False,14.8
2023-03-21,P00001,S00117,1376,0,70,1306,False,18.66
2023-03-22,P00001,S00117,1306,0,115,1191,False,10.36
2023-03-23,P00001,S00117,1191,0,226,965,False,4.27
2023-03-24,P00001,S00117,965,0,89,876,False,9.84
2023-03-25,P00001,S00117,876,0,193,683,False,3.54
2023-03-26,P00001,S00117,683,0,185,498,False,2.69
2023-03-27,P00001,S00117,498,0,60,438,False,7.3
2023-03-28,P00001,S00117,438,0,89,349,False,3.92
2023-03-29,P00001,S00117,349,1604,104,1849,False,17.78
2023-03-30,P00001,S00117,1849,0,84,1765,False,21.01
2023-03-31,P00001,S00117,1765,0,11,1754,False,159.45
2023-01-01,P00001,S00181,590,0,46,544,False,11.83
2023-01-02,P00001,S00181,544,0,30,514,False,17.13
2023-01-03,P00001,S00181,514,0,74,440,False,5.95
2023-01-04,P00001,S00181,440,0,35,405,False,11.57
2023-01-05,P00001,S00181,405,0,25,380,False,15.2
2023-01-06,P00001,S00181,380,0,43,337,False,7.84
2023-01-07,P00001,S00181,337,0,63,274,False,4.35
2023-01-08,P00001,S00181,274,0,40,234,False,5.85
2023-01-09,P00001,S00181,234,0,42,192,False,4.57
2023-01-10,P00001,S00181,192,0,81,111,False,1.37
2023-01-11,P00001,S00181,111,0,34,77,False,2.26
2023-01-12,P00001,S00181,77,630,74,633,False,8.55
2023-01-13,P00001,S00181,633,0,45,588,False,13.07
2023-01-14,P00001,S00181,588,0,84,504,False,6.0
2023-01-15,P00001,S00181,504,0,93,411,False,4.42
2023-01-16,P00001,S00181,411,0,30,381,False,12.7
2023-01-17,P00001,S00181,381,0,133,248,False,1.86
2023-01-18,P00001,S00181,248,0,47,201,False,4.28
2023-01-19,P00001,S00181,201,0,23,178,False,7.74
2023-01-20,P00001,S00181,178,0,23,155,False,6.74
2023-01-21,P00001,S00181,155,0,53,102,False,1.92
2023-01-22,P00001,S00181,102,929,59,972,False,16.47
2023-01-23,P00001,S00181,972,0,24,948,False,39.5
2023-01-24,P00001,S00181,948,0,30,918,False,30.6
2023-01-25,P00001,S00181,918,0,90,828,False,9.2
2023-01-26,P00001,S00181,828,0,106,722,False,6.81
2023-01-27,P00001,S00181,722,0,38,684,False,18.0
2023-01-28,P00001,S00181,684,0,23,661,False,28.74
2023-01-29,P00001,S00181,661,0,27,634,False,23.48
2023-01-30,P00001,S00181,634,0,71,563,False,7.93
2023-01-31,P00001,S00181,563,0,10,553,False,55.3
2023-02-01,P00001,S00181,553,0,44,509,False,11.57
2023-02-02,P00001,S00181,509,0,25,484,False,19.36
2023-02-03,P00001,S00181,484,0,65,419,False,6.45
2023-02-04,P00001,S00181,419,0,46,373,False,8.11
2023-02-05,P00001,S00181,373,0,81,292,False,3.6
2023-02-06,P00001,S00181,292,0,27,265,False,9.81
2023-02-07,P00001,S00181,265,0,49,216,False,4.41
2023-02-08,P00001,S00181,216,0,71,145,False,2.04
2023-02-09,P00001,S00181,145,0,28,117,False,4.18
2023-02-10,P00001,S00181,117,658,62,713,False,11.5
2023-02-11,P00001,S00181,713,0,93,620,False,6.67
2023-02-12,P00001,S00181,620,0,101,519,False,5.14
2023-02-13,P00001,S00181,519,0,57,462,False,8.11
2023-02-14,P00001,S00181,462,0,32,430,False,13.44
2023-02-15,P00001,S00181,430,0,100,330,False,3.3
2023-02-16,P00001,S00181,330,0,100,230,False,2.3
2023-02-17,P00001,S00181,230,0,82,148,False,1.8
2023-02-18,P00001,S00181,148,0,99,49,False,0.49
2023-02-19,P00001,S00181,49,0,49,0,True,0.0
2023-02-20,P00001,S00181,0,800,27,773,False,28.63
2023-02-21,P00001,S00181,773,0,127,646,False,5.09
2023-02-22,P00001,S00181,646,0,84,562,False,6.69
2023-02-23,P00001,S00181,562,0,71,491,False,6.92
2023-02-24,P00001,S00181,491,0,221,270,False,1.22
2023-02-25,P00001,S00181,270,0,112,158,False,1.41
2023-02-26,P00001,S00181,158,0,46,112,False,2.43
2023-02-27,P00001,S00181,112,0,101,11,False,0.11
2023-02-28,P00001,S00181,11,0,11,0,True,0.0
2023-03-01,P00001,S00181,0,1372,113,1259,False,11.14
2023-03-02,P00001,S00181,1259,0,227,1032,False,4.55
2023-03-03,P00001,S00181,1032,0,137,895,False,6.53
2023-03-04,P00001,S00181,895,0,219,676,False,3.09
2023-03-05,P00001,S00181,676,0,238,438,False,1.84
2023-03-06,P00001,S00181,438,0,218,220,False,1.01
2023-03-07,P00001,S00181,220,0,146,74,False,0.51
2023-03-08,P00001,S00181,74,0,74,0,True,0.0
2023-03-09,P00001,S00181,0,1542,123,1419,False,11.54
2023-03-10,P00001,S00181,1419,0,224,1195,False,5.33
2023-03-11,P00001,S00181,1195,0,83,1112,False,13.4
2023-03-12,P00001,S00181,1112,0,125,987,False,7.9
2023-03-13,P00001,S00181,987,0,109,878,False,8.06
2023-03-14,P00001,S00181,878,0,43,835,False,19.42
2023-03-15,P00001,S00181,835,0,58,777,False,13.4
2023-03-16,P00001,S00181,777,0,52,725,False,13.94
2023-03-17,P00001,S00181,725,0,100,625,False,6.25
2023-03-18,P00001,S00181,625,1606,116,2115,False,18.23
2023-03-19,P00001,S00181,2115,0,59,2056,False,34.85
2023-03-20,P00001,S00181,2056,0,49,2007,False,40.96
2023-03-21,P00001,S00181,2007,0,24,1983,False,82.62
2023-03-22,P00001,S00181,1983,0,104,1879,False,18.07
2023-03-23,P00001,S00181,1879,0,56,1823,False,32.55
2023-03-24,P00001,S00181,1823,0,90,1733,False,19.26
2023-03-25,P00001,S00181,1733,0,119,1614,False,13.56
2023-03-26,P00001,S00181,1614,0,45,1569,False,34.87
2023-03-27,P00001,S00181,1569,0,108,1461,False,13.53
2023-03-28,P00001,S00181,1461,0,67,1394,False,20.81
2023-03-29,P00001,S00181,1394,0,97,1297,False,13.37
2023-03-30,P00001,S00181,1297,0,18,1279,False,71.06
2023-03-31,P00001,S00181,1279,0,40,1239,False,30.98
2023-01-01,P00001,S00059,156,0,29,127,False,4.38
2023-01-02,P00001,S00059,127,0,20,107,False,5.35
2023-01-03,P00001,S00059,107,0,25,82,False,3.28
2023-01-04,P00001,S00059,82,0,34,48,False,1.41
2023-01-05,P00001,S00059,48,251,15,284,False,18.93
2023-01-06,P00001,S00059,284,0,29,255,False,8.79
2023-01-07,P00001,S00059,255,0,44,211,False,4.8
2023-01-08,P00001,S00059,211,0,15,196,False,13.07
2023-01-09,P00001,S00059,196,0,37,159,False,4.3
2023-01-10,P00001,S00059,159,0,38,121,False,3.18
2023-01-11,P00001,S00059,121,0,19,102,False,5.37
2023-01-12,P00001,S00059,102,0,42,60,False,1.43
2023-01-13,P00001,S00059,60,214,39,235,False,6.03
2023-01-14,P00001,S00059,235,0,17,218,False,12.82
2023-01-15,P00001,S00059,218,0,41,177,False,4.32
2023-01-16,P00001,S00059,177,0,7,170,False,24.29
2023-01-17,P00001,S00059,170,0,8,162,False,20.25
2023-01-18,P00001,S00059,162,0,3,159,False,53.0
2023-01-19,P00001,S00059,159,223,17,365,False,21.47
2023-01-20,P00001,S00059,365,0,10,355,False,35.5
2023-01-21,P00001,S00059,355,0,15,340,False,22.67
2023-01-22,P00001,S00059,340,0,9,331,False,36.78
2023-01-23,P00001,S00059,331,0,12,319,False,26.58
2023-01-24,P00001,S00059,319,0,6,313,False,52.17
2023-01-25,P00001,S00059,313,0,6,307,False,51.17
2023-01-26,P00001,S00059,307,0,12,295,False,24.58
2023-01-27,P00001,S00059,295,0,4,291,False,72.75
2023-01-28,P00001,S00059,291,0,3,288,False,96.0
2023-01-29,P00001,S00059,288,0,11,277,False,25.18
2023-01-30,P00001,S00059,277,0,11,266,False,24.18
2023-01-31,P00001,S00059,266,0,0,266,False,
2023-02-01,P00001,S00059,266,0,10,256,False,25.6
2023-02-02,P00001,S00059,256,0,8,248,False,31.0
2023-02-03,P00001,S00059,248,0,8,240,False,30.0
2023-02-04,P00001,S00059,240,0,7,233,False,33.29
2023-02-05,P00001,S00059,233,0,10,223,False,22.3
2023-02-06,P00001,S00059,223,0,3,220,False,73.33
2023-02-07,P00001,S00059,220,0,12,208,False,17.33
2023-02-08,P00001,S00059,208,0,18,190,False,10.56
2023-02-09,P00001,S00059,190,0,9,181,False,20.11
2023-02-10,P00001,S00059,181,0,14,167,False,11.93
2023-02-11,P00001,S00059,167,0,5,162,False,32.4
2023-02-12,P00001,S00059,162,0,15,147,False,9.8
2023-02-13,P00001,S00059,147,0,9,138,False,15.33
2023-02-14,P00001,S00059,138,0,16,122,False,7.62
2023-02-15,P00001,S00059,122,0,2,120,False,60.0
2023-02-16,P00001,S00059,120,0,2,118,False,59.0
2023-02-17,P00001,S00059,118,0,2,116,False,58.0
2023-02-18,P00001,S00059,116,0,27,89,False,3.3
2023-02-19,P00001,S00059,89,0,14,75,False,5.36
2023-02-20,P00001,S00059,75,0,1,74,False,74.0
2023-02-21,P00001,S00059,74,0,2,72,False,36.0
2023-02-22,P00001,S00059,72,0,7,65,False,9.29
2023-02-23,P00001,S00059,65,0,7,58,False,8.29
2023-02-24,P00001,S00059,58,0,25,33,False,1.32
2023-02-25,P00001,S00059,33,0,10,23,False,2.3
2023-02-26,P00001,S00059,23,0,13,10,False,0.77
2023-02-27,P00001,S00059,10,0,1,9,False,9.0
2023-02-28,P00001,S00059,9,102,13,98,False,7.54
2023-03-01,P00001,S00059,98,0,4,94,False,23.5
2023-03-02,P00001,S00059,94,0,10,84,False,8.4
2023-03-03,P00001,S00059,84,0,15,69,False,4.6
2023-03-04,P00001,S00059,69,0,38,31,False,0.82
2023-03-05,P00001,S00059,31,0,15,16,False,1.07
2023-03-06,P00001,S00059,16,0,10,6,False,0.6
2023-03-07,P00001,S00059,6,0,6,0,True,0.0
2023-03-08,P00001,S00059,0,137,18,119,False,6.61
2023-03-09,P00001,S00059,119,0,8,111,False,13.88
2023-03-10,P00001,S00059,111,0,5,106,False,21.2
2023-03-11,P00001,S00059,106,0,15,91,False,6.07
2023-03-12,P00001,S00059,91,0,26,65,False,2.5
2023-03-13,P00001,S00059,65,0,5,60,False,12.0
2023-03-14,P00001,S00059,60,0,16,44,False,2.75
2023-03-15,P00001,S00059,44,0,5,39,False,7.8
2023-03-16,P00001,S00059,39,115,5,149,False,29.8
2023-03-17,P00001,S00059,149,0,19,130,False,6.84
2023-03-18,P00001,S00059,130,0,17,113,False,6.65
2023-03-19,P00001,S00059,113,0,8,105,False,13.12
2023-03-20,P00001,S00059,105,0,11,94,False,8.55
2023-03-21,P00001,S00059,94,0,6,88,False,14.67
2023-03-22,P00001,S00059,88,0,8,80,False,10.0
2023-03-23,P00001,S00059,80,0,3,77,False,25.67
2023-03-24,P00001,S00059,77,0,8,69,False,8.62
2023-03-25,P00001,S00059,69,0,14,55,False,3.93
2023-03-26,P00001,S00059,55,0,7,48,False,6.86
2023-03-27,P00001,S00059,48,0,8,40,False,5.0
2023-03-28,P00001,S00059,40,0,15,25,False,1.67
2023-03-29,P00001,S00059,25,83,12,96,False,8.0
2023-03-30,P00001,S00059,96,0,10,86,False,8.6
2023-03-31,P00001,S00059,86,0,15,71,False,4.73
2023-01-01,P00001,S00180,468,0,16,452,False,28.25
2023-01-02,P00001,S00180,452,0,68,384,False,5.65
2023-01-03,P00001,S00180,384,0,26,358,False,13.77
2023-01-04,P00001,S00180,358,0,21,337,False,16.05
2023-01-05,P00001,S00180,337,0,11,326,False,29.64
2023-01-06,P00001,S00180,326,0,35,291,False,8.31
2023-01-07,P00001,S00180,291,0,60,231,False,3.85
2023-01-08,P00001,S00180,231,0,15,216,False,14.4
2023-01-09,P00001,S00180,216,0,41,175,False,4.27
2023-01-10,P00001,S00180,175,0,39,136,False,3.49
2023-01-11,P00001,S00180,136,0,38,98,False,2.58
2023-01-12,P00001,S00180,98,0,35,63,False,1.8
2023-01-13,P00001,S00180,63,242,31,274,False,8.84
2023-01-14,P00001,S00180,274,0,27,247,False,9.15
2023-01-15,P00001,S00180,247,0,40,207,False,5.18
2023-01-16,P00001,S00180,207,0,50,157,False,3.14
2023-01-17,P00001,S00180,157,0,27,130,False,4.81
2023-01-18,P00001,S00180,130,0,37,93,False,2.51
2023-01-19,P00001,S00180,93,39,25,107,False,4.28
2023-01-20,P00001,S00180,107,0,26,81,False,3.12
2023-01-21,P00001,S00180,81,0,33,48,False,1.45
2023-01-22,P00001,S00180,48,0,48,0,True,0.0
2023-01-23,P00001,S00180,0,0,0,0,True,
2023-01-24,P00001,S00180,0,39,14,25,False,1.79
2023-01-25,P00001,S00180,25,0,25,0,True,0.0
2023-01-26,P00001,S00180,0,183,11,172,False,15.64
2023-01-27,P00001,S00180,172,0,54,118,False,2.19
2023-01-28,P00001,S00180,118,0,38,80,False,2.11
2023-01-29,P00001,S00180,80,0,54,26,False,0.48
2023-01-30,P00001,S00180,26,237,30,233,False,7.77
2023-01-31,P00001,S00180,233,0,12,221,False,18.42
2023-02-01,P00001,S00180,221,0,17,204,False,12.0
2023-02-02,P00001,S00180,204,0,9,195,False,21.67
2023-02-03,P00001,S00180,195,0,25,170,False,6.8
2023-02-04,P00001,S00180,170,223,20,373,False,18.65
2023-02-05,P00001,S00180,373,0,36,337,False,9.36
2023-02-06,P00001,S00180,337,0,11,326,False,29.64
2023-02-07,P00001,S00180,326,0,19,307,False,16.16
2023-02-08,P00001,S00180,307,0,22,285,False,12.95
2023-02-09,P00001,S00180,285,0,54,231,False,4.28
2023-02-10,P00001,S00180,231,0,17,214,False,12.59
2023-02-11,P00001,S00180,214,0,24,190,False,7.92
2023-02-12,P00001,S00180,190,0,13,177,False,13.62
2023-02-13,P00001,S00180,177,0,13,164,False,12.62
2023-02-14,P00001,S00180,164,0,9,155,False,17.22
2023-02-15,P00001,S00180,155,162,15,302,False,20.13
2023-02-16,P00001,S00180,302,0,23,279,False,12.13
2023-02-17,P00001,S00180,279,0,37,242,False,6.54
2023-02-18,P00001,S00180,242,0,25,217,False,8.68
2023-02-19,P00001,S00180,217,0,38,179,False,4.71
2023-02-20,P00001,S00180,179,0,27,152,False,5.63
2023-02-21,P00001,S00180,152,0,22,130,False,5.91
2023-02-22,P00001,S00180,130,0,23,107,False,4.65
2023-02-23,P00001,S00180,107,0,36,71,False,1.97
2023-02-24,P00001,S00180,71,0,7,64,False,9.14
2023-02-25,P00001,S00180,64,170,39,195,False,5.0
2023-02-26,P00001,S00180,195,0,19,176,False,9.26
2023-02-27,P00001,S00180,176,0,53,123,False,2.32
2023-02-28,P00001,S00180,123,0,13,110,False,8.46
2023-03-01,P00001,S00180,110,0,13,97,False,7.46
2023-03-02,P00001,S00180,97,0,67,30,False,0.45
2023-03-03,P00001,S00180,30,160,36,154,False,4.28
2023-03-04,P00001,S00180,154,0,153,1,False,0.01
2023-03-05,P00001,S00180,1,0,1,0,True,0.0
2023-03-06,P00001,S00180,0,0,0,0,True,
2023-03-07,P00001,S00180,0,0,0,0,True,
2023-03-08,P00001,S00180,0,215,43,172,False,4.0
2023-03-09,P00001,S00180,172,0,21,151,False,7.19
2023-03-10,P00001,S00180,151,370,35,486,False,13.89
2023-03-11,P00001,S00180,486,0,52,434,False,8.35
2023-03-12,P00001,S00180,434,0,38,396,False,10.42
2023-03-13,P00001,S00180,396,0,13,383,False,29.46
2023-03-14,P00001,S00180,383,0,15,368,False,24.53
2023-03-15,P00001,S00180,368,0,27,341,False,12.63
2023-03-16,P00001,S00180,341,0,25,316,False,12.64
2023-03-17,P00001,S00180,316,0,56,260,False,4.64
2023-03-18,P00001,S00180,260,0,60,200,False,3.33
2023-03-19,P00001,S00180,200,0,31,169,False,5.45
2023-03-20,P00001,S00180,169,0,15,154,False,10.27
2023-03-21,P00001,S00180,154,0,12,142,False,11.83
2023-03-22,P00001,S00180,142,0,27,115,False,4.26
2023-03-23,P00001,S00180,115,230,30,315,False,10.5
2023-03-24,P00001,S00180,315,0,30,285,False,9.5
2023-03-25,P00001,S00180,285,0,12,273,False,22.75
2023-03-26,P00001,S00180,273,0,62,211,False,3.4
2023-03-27,P00001,S00180,211,0,22,189,False,8.59
2023-03-28,P00001,S00180,189,0,16,173,False,10.81
2023-03-29,P00001,S00180,173,0,32,141,False,4.41
2023-03-30,P00001,S00180,141,0,19,122,False,6.42
2023-03-31,P00001,S00180,122,0,74,48,False,0.65
2023-01-01,P00001,S00046,676,0,41,635,False,15.49
2023-01-02,P00001,S00046,635,0,10,625,False,62.5
2023-01-03,P00001,S00046,625,0,23,602,False,26.17
2023-01-04,P00001,S00046,602,0,48,554,False,11.54
2023-01-05,P00001,S00046,554,0,122,432,False,3.54
2023-01-06,P00001,S00046,432,0,29,403,False,13.9
2023-01-07,P00001,S00046,403,0,45,358,False,7.96
2023-01-08,P00001,S00046,358,0,29,329,False,11.34
2023-01-09,P00001,S00046,329,0,39,290,False,7.44
2023-01-10,P00001,S00046,290,0,61,229,False,3.75
2023-01-11,P00001,S00046,229,0,29,200,False,6.9
2023-01-12,P00001,S00046,200,355,72,483,False,6.71
2023-01-13,P00001,S00046,483,0,55,428,False,7.78
2023-01-14,P00001,S00046,428,0,34,394,False,11.59
2023-01-15,P00001,S00046,394,0,30,364,False,12.13
2023-01-16,P00001,S00046,364,0,8,356,False,44.5
2023-01-17,P00001,S00046,356,0,28,328,False,11.71
2023-01-18,P00001,S00046,328,0,49,279,False,5.69
2023-01-19,P00001,S00046,279,0,29,250,False,8.62
2023-01-20,P00001,S00046,250,0,89,161,False,1.81
2023-01-21,P00001,S00046,161,0,36,125,False,3.47
2023-01-22,P00001,S00046,125,343,55,413,False,7.51
2023-01-23,P00001,S00046,413,0,34,379,False,11.15
2023-01-24,P00001,S00046,379,0,25,354,False,14.16
2023-01-25,P00001,S00046,354,0,46,308,False,6.7
2023-01-26,P00001,S00046,308,0,65,243,False,3.74
2023-01-27,P00001,S00046,243,0,47,196,False,4.17
2023-01-28,P00001,S00046,196,0,46,150,False,3.26
2023-01-29,P00001,S00046,150,337,54,433,False,8.02
2023-01-30,P00001,S00046,433,0,42,391,False,9.31
2023-01-31,P00001,S00046,391,0,7,384,False,54.86
2023-02-01,P00001,S00046,384,0,63,321,False,5.1
2023-02-02,P00001,S00046,321,0,39,282,False,7.23
2023-02-03,P00001,S00046,282,0,57,225,False,3.95
2023-02-04,P00001,S00046,225,0,65,160,False,2.46
2023-02-05,P00001,S00046,160,347,44,463,False,10.52
2023-02-06,P00001,S00046,463,0,15,448,False,29.87
2023-02-07,P00001,S00046,448,0,61,387,False,6.34
2023-02-08,P00001,S00046,387,0,21,366,False,17.43
2023-02-09,P00001,S00046,366,0,19,347,False,18.26
2023-02-10,P00001,S00046,347,0,71,276,False,3.89
2023-02-11,P00001,S00046,276,0,27,249,False,9.22
2023-02-12,P00001,S00046,249,0,58,191,False,3.29
2023-02-13,P00001,S00046,191,0,21,170,False,8.1
2023-02-14,P00001,S00046,170,386,41,515,False,12.56
2023-02-15,P00001,S00046,515,0,47,468,False,9.96
2023-02-16,P00001,S00046,468,0,63,405,False,6.43
2023-02-17,P00001,S00046,405,0,44,361,False,8.2
2023-02-18,P00001,S00046,361,0,25,336,False,13.44
2023-02-19,P00001,S00046,336,0,46,290,False,6.3
2023-02-20,P00001,S00046,290,0,42,248,False,5.9
2023-02-21,P00001,S00046,248,0,43,205,False,4.77
2023-02-22,P00001,S00046,205,0,96,109,False,1.14
2023-02-23,P00001,S00046,109,357,88,378,False,4.3
2023-02-24,P00001,S00046,378,0,63,315,False,5.0
2023-02-25,P00001,S00046,315,0,133,182,False,1.37
2023-02-26,P00001,S00046,182,0,102,80,False,0.78
2023-02-27,P00001,S00046,80,413,82,411,False,5.01
2023-02-28,P00001,S00046,411,0,41,370,False,9.02
2023-03-01,P00001,S00046,370,0,76,294,False,3.87
2023-03-02,P00001,S00046,294,500,131,663,False,5.06
2023-03-03,P00001,S00046,663,0,290,373,False,1.29
2023-03-04,P00001,S00046,373,0,215,158,False,0.73
2023-03-05,P00001,S00046,158,0,158,0,True,0.0
2023-03-06,P00001,S00046,0,0,0,0,True,
2023-03-07,P00001,S00046,0,1059,131,928,False,7.08
2023-03-08,P00001,S00046,928,0,116,812,False,7.0
2023-03-09,P00001,S00046,812,0,50,762,False,15.24
2023-03-10,P00001,S00046,762,0,34,728,False,21.41
2023-03-11,P00001,S00046,728,1061,39,1750,False,44.87
2023-03-12,P00001,S00046,1750,0,34,1716,False,50.47
2023-03-13,P00001,S00046,1716,0,27,1689,False,62.56
2023-03-14,P00001,S00046,1689,0,58,1631,False,28.12
2023-03-15,P00001,S00046,1631,0,50,1581,False,31.62
2023-03-16,P00001,S00046,1581,0,20,1561,False,78.05
2023-03-17,P00001,S00046,1561,0,59,1502,False,25.46
2023-03-18,P00001,S00046,1502,0,49,1453,False,29.65
2023-03-19,P00001,S00046,1453,0,64,1389,False,21.7
2023-03-20,P00001,S00046,1389,0,85,1304,False,15.34
2023-03-21,P00001,S00046,1304,0,60,1244,False,20.73
2023-03-22,P00001,S00046,1244,0,65,1179,False,18.14
2023-03-23,P00001,S00046,1179,0,56,1123,False,20.05
2023-03-24,P00001,S00046,1123,0,36,1087,False,30.19
2023-03-25,P00001,S00046,1087,0,128,959,False,7.49
2023-03-26,P00001,S00046,959,0,74,885,False,11.96
2023-03-27,P00001,S00046,885,0,51,834,False,16.35
2023-03-28,P00001,S00046,834,0,83,751,False,9.05
2023-03-29,P00001,S00046,751,0,47,704,False,14.98
2023-03-30,P00001,S00046,704,0,78,626,False,8.03
2023-03-31,P00001,S00046,626,0,78,548,False,7.03
2023-01-01,P00001,S00030,959,0,31,928,False,29.94
2023-01-02,P00001,S00030,928,0,22,906,False,41.18
2023-01-03,P00001,S00030,906,0,57,849,False,14.89
2023-01-04,P00001,S00030,849,0,46,803,False,17.46
2023-01-05,P00001,S00030,803,0,106,697,False,6.58
2023-01-06,P00001,S00030,697,0,65,632,False,9.72
2023-01-07,P00001,S00030,632,0,165,467,False,2.83
2023-01-08,P00001,S00030,467,0,69,398,False,5.77
2023-01-09,P00001,S00030,398,0,24,374,False,15.58
2023-01-10,P00001,S00030,374,0,93,281,False,3.02
2023-01-11,P00001,S00030,281,0,109,172,False,1.58
2023-01-12,P00001,S00030,172,0,73,99,False,1.36
2023-01-13,P00001,S00030,99,0,61,38,False,0.62
2023-01-14,P00001,S00030,38,0,38,0,True,0.0
2023-01-15,P00001,S00030,0,0,0,0,True,
2023-01-16,P00001,S00030,0,0,0,0,True,
2023-01-17,P00001,S00030,0,978,56,922,False,16.46
2023-01-18,P00001,S00030,922,0,51,871,False,17.08
2023-01-19,P00001,S00030,871,0,124,747,False,6.02
2023-01-20,P00001,S00030,747,0,44,703,False,15.98
2023-01-21,P00001,S00030,703,0,68,635,False,9.34
2023-01-22,P00001,S00030,635,0,53,582,False,10.98
2023-01-23,P00001,S00030,582,0,78,504,False,6.46
2023-01-24,P00001,S00030,504,0,34,470,False,13.82
2023-01-25,P00001,S00030,470,0,39,431,False,11.05
2023-01-26,P00001,S00030,431,0,124,307,False,2.48
2023-01-27,P00001,S00030,307,0,48,259,False,5.4
2023-01-28,P00001,S00030,259,0,148,111,False,0.75
2023-01-29,P00001,S00030,111,0,43,68,False,1.58
2023-01-30,P00001,S00030,68,0,58,10,False,0.17
2023-01-31,P00001,S00030,10,0,10,0,True,0.0
2023-02-01,P00001,S00030,0,0,0,0,True,
2023-02-02,P00001,S00030,0,978,121,857,False,7.08
2023-02-03,P00001,S00030,857,0,59,798,False,13.53
2023-02-04,P00001,S00030,798,0,42,756,False,18.0
2023-02-05,P00001,S00030,756,0,68,688,False,10.12
2023-02-06,P00001,S00030,688,0,99,589,False,5.95
2023-02-07,P00001,S00030,589,0,75,514,False,6.85
2023-02-08,P00001,S00030,514,0,57,457,False,8.02
2023-02-09,P00001,S00030,457,0,176,281,False,1.6
2023-02-10,P00001,S00030,281,0,113,168,False,1.49
2023-02-11,P00001,S00030,168,0,88,80,False,0.91
2023-02-12,P00001,S00030,80,0,63,17,False,0.27
2023-02-13,P00001,S00030,17,0,17,0,True,0.0
2023-02-14,P00001,S00030,0,0,0,0,True,
2023-02-15,P00001,S00030,0,0,0,0,True,
2023-02-16,P00001,S00030,0,1132,107,1025,False,9.58
2023-02-17,P00001,S00030,1025,0,116,909,False,7.84
2023-02-18,P00001,S00030,909,0,100,809,False,8.09
2023-02-19,P00001,S00030,809,0,105,704,False,6.7
2023-02-20,P00001,S00030,704,0,98,606,False,6.18
2023-02-21,P00001,S00030,606,0,42,564,False,13.43
2023-02-22,P00001,S00030,564,0,100,464,False,4.64
2023-02-23,P00001,S00030,464,0,143,321,False,2.24
2023-02-24,P00001,S00030,321,0,35,286,False,8.17
2023-02-25,P00001,S00030,286,0,96,190,False,1.98
2023-02-26,P00001,S00030,190,0,155,35,False,0.23
2023-02-27,P00001,S00030,35,0,35,0,True,0.0
2023-02-28,P00001,S00030,0,0,0,0,True,
2023-03-01,P00001,S00030,0,0,0,0,True,
2023-03-02,P00001,S00030,0,1309,160,1149,False,7.18
2023-03-03,P00001,S00030,1149,0,223,926,False,4.15
2023-03-04,P00001,S00030,926,0,327,599,False,1.83
2023-03-05,P00001,S00030,599,0,131,468,False,3.57
2023-03-06,P00001,S00030,468,0,162,306,False,1.89
2023-03-07,P00001,S00030,306,0,171,135,False,0.79
2023-03-08,P00001,S00030,135,0,135,0,True,0.0
2023-03-09,P00001,S00030,0,0,0,0,True,
2023-03-10,P00001,S00030,0,0,0,0,True,
2023-03-11,P00001,S00030,0,0,0,0,True,
2023-03-12,P00001,S00030,0,1920,372,1548,False,4.16
2023-03-13,P00001,S00030,1548,0,114,1434,False,12.58
2023-03-14,P00001,S00030,1434,0,84,1350,False,16.07
2023-03-15,P00001,S00030,1350,0,125,1225,False,9.8
2023-03-16,P00001,S00030,1225,0,94,1131,False,12.03
2023-03-17,P00001,S00030,1131,0,196,935,False,4.77
2023-03-18,P00001,S00030,935,0,79,856,False,10.84
2023-03-19,P00001,S00030,856,0,32,824,False,25.75
2023-03-20,P00001,S00030,824,0,30,794,False,26.47
2023-03-21,P00001,S00030,794,0,170,624,False,3.67
2023-03-22,P00001,S00030,624,0,86,538,False,6.26
2023-03-23,P00001,S00030,538,0,101,437,False,4.33
2023-03-24,P00001,S00030,437,0,180,257,False,1.43
2023-03-25,P00001,S00030,257,0,110,147,False,1.34
2023-03-26,P00001,S00030,147,0,95,52,False,0.55
2023-03-27,P00001,S00030,52,0,52,0,True,0.0
2023-03-28,P00001,S00030,0,0,0,0,True,
2023-03-29,P00001,S00030,0,0,0,0,True,
2023-03-30,P00001,S00030,0,1657,109,1548,False,14.2
2023-03-31,P00001,S00030,1548,0,55,1493,False,27.15
2023-01-01,P00002,S00053,570,0,0,570,False,
2023-01-02,P00002,S00053,570,0,0,570,False,
2023-01-03,P00002,S00053,570,0,0,570,False,
2023-01-04,P00002,S00053,570,0,0,570,False,
2023-01-05,P00002,S00053,570,0,0,570,False,
2023-01-06,P00002,S00053,570,0,0,570,False,
2023-01-07,P00002,S00053,570,0,0,570,False,
2023-01-08,P00002,S00053,570,0,0,570,False,
2023-01-09,P00002,S00053,570,0,0,570,False,
2023-01-10,P00002,S00053,570,0,0,570,False,
2023-01-11,P00002,S00053,570,0,0,570,False,
2023-01-12,P00002,S00053,570,0,0,570,False,
2023-01-13,P00002,S00053,570,0,0,570,False,
2023-01-14,P00002,S00053,570,0,0,570,False,
2023-01-15,P00002,S00053,570,0,0,570,False,
2023-01-16,P00002,S00053,570,0,0,570,False,
2023-01-17,P00002,S00053,570,0,0,570,False,
2023-01-18,P00002,S00053,570,0,0,570,False,
2023-01-19,P00002,S00053,570,0,0,570,False,
2023-01-20,P00002,S00053,570,0,0,570,False,
2023-01-21,P00002,S00053,570,0,0,570,False,
2023-01-22,P00002,S00053,570,0,0,570,False,
2023-01-23,P00002,S00053,570,0,0,570,False,
2023-01-24,P00002,S00053,570,0,0,570,False,
2023-01-25,P00002,S00053,570,0,0,570,False,
2023-01-26,P00002,S00053,570,0,0,570,False,
2023-01-27,P00002,S00053,570,0,0,570,False,
2023-01-28,P00002,S00053,570,0,0,570,False,
2023-01-29,P00002,S00053,570,0,0,570,False,
2023-01-30,P00002,S00053,570,0,0,570,False,
2023-01-31,P00002,S00053,570,0,0,570,False,
2023-02-01,P00002,S00053,570,0,0,570,False,
2023-02-02,P00002,S00053,570,0,0,570,False,
2023-02-03,P00002,S00053,570,0,0,570,False,
2023-02-04,P00002,S00053,570,0,0,570,False,
2023-02-05,P00002,S00053,570,0,0,570,False,
2023-02-06,P00002,S00053,570,0,0,570,False,
2023-02-07,P00002,S00053,570,0,0,570,False,
2023-02-08,P00002,S00053,570,0,0,570,False,
2023-02-09,P00002,S00053,570,0,0,570,False,
2023-02-10,P00002,S00053,570,0,0,570,False,
2023-02-11,P00002,S00053,570,0,0,570,False,
2023-02-12,P00002,S00053,570,0,0,570,False,
2023-02-13,P00002,S00053,570,0,0,570,False,
2023-02-14,P00002,S00053,570,0,0,570,False,
2023-02-15,P00002,S00053,570,0,0,570,False,
2023-02-16,P00002,S00053,570,0,0,570,False,
2023-02-17,P00002,S00053,570,0,0,570,False,
2023-02-18,P00002,S00053,570,0,0,570,False,
2023-02-19,P00002,S00053,570,0,0,570,False,
2023-02-20,P00002,S00053,570,0,0,570,False,
2023-02-21,P00002,S00053,570,0,0,570,False,
2023-02-22,P00002,S00053,570,0,0,570,False,
2023-02-23,P00002,S00053,570,0,0,570,False,
2023-02-24,P00002,S00053,570,0,0,570,False,
2023-02-25,P00002,S00053,570,0,0,570,False,
2023-02-26,P00002,S00053,570,0,0,570,False,
2023-02-27,P00002,S00053,570,0,0,570,False,
2023-02-28,P00002,S00053,570,0,0,570,False,
2023-03-01,P00002,S00053,570,0,0,570,False,
2023-03-02,P00002,S00053,570,0,0,570,False,
2023-03-03,P00002,S00053,570,0,0,570,False,
2023-03-04,P00002,S00053,570,0,0,570,False,
2023-03-05,P00002,S00053,570,0,0,570,False,
2023-03-06,P00002,S00053,570,0,0,570,False,
2023-03-07,P00002,S00053,570,0,0,570,False,
2023-03-08,P00002,S00053,570,0,0,570,False,
2023-03-09,P00002,S00053,570,0,0,570,False,
2023-03-10,P00002,S00053,570,0,0,570,False,
2023-03-11,P00002,S00053,570,0,0,570,False,
2023-03-12,P00002,S00053,570,0,0,570,False,
2023-03-13,P00002,S00053,570,0,0,570,False,
2023-03-14,P00002,S00053,570,0,0,570,False,
2023-03-15,P00002,S00053,570,0,0,570,False,
2023-03-16,P00002,S00053,570,0,0,570,False,
2023-03-17,P00002,S00053,570,0,0,570,False,
2023-03-18,P00002,S00053,570,0,0,570,False,
2023-03-19,P00002,S00053,570,0,0,570,False,
2023-03-20,P00002,S00053,570,0,0,570,False,
2023-03-21,P00002,S00053,570,0,0,570,False,
2023-03-22,P00002,S00053,570,0,0,570,False,
2023-03-23,P00002,S00053,570,0,0,570,False,
2023-03-24,P00002,S00053,570,0,0,570,False,
2023-03-25,P00002,S00053,570,0,0,570,False,
2023-03-26,P00002,S00053,570,0,0,570,False,
2023-03-27,P00002,S00053,570,0,0,570,False,
2023-03-28,P00002,S00053,570,0,0,570,False,
2023-03-29,P00002,S00053,570,0,0,570,False,
2023-03-30,P00002,S00053,570,0,0,570,False,
2023-03-31,P00002,S00053,570,0,0,570,False,
2023-01-01,P00002,S00177,400,0,0,400,False,
2023-01-02,P00002,S00177,400,0,0,400,False,
2023-01-03,P00002,S00177,400,0,0,400,False,
2023-01-04,P00002,S00177,400,0,0,400,False,
2023-01-05,P00002,S00177,400,0,0,400,False,
2023-01-06,P00002,S00177,400,0,0,400,False,
2023-01-07,P00002,S00177,400,0,0,400,False,
2023-01-08,P00002,S00177,400,0,0,400,False,
2023-01-09,P00002,S00177,400,0,0,400,False,
2023-01-10,P00002,S00177,400,0,0,400,False,
2023-01-11,P00002,S00177,400,0,0,400,False,
2023-01-12,P00002,S00177,400,0,0,400,False,
2023-01-13,P00002,S00177,400,0,0,400,False,
2023-01-14,P00002,S00177,400,0,0,400,False,
2023-01-15,P00002,S00177,400,0,0,400,False,
2023-01-16,P00002,S00177,400,0,0,400,False,
2023-01-17,P00002,S00177,400,0,0,400,False,
2023-01-18,P00002,S00177,400,0,0,400,False,
2023-01-19,P00002,S00177,400,0,0,400,False,
2023-01-20,P00002,S00177,400,0,0,400,False,
2023-01-21,P00002,S00177,400,0,0,400,False,
2023-01-22,P00002,S00177,400,0,0,400,False,
2023-01-23,P00002,S00177,400,0,0,400,False,
2023-01-24,P00002,S00177,400,0,0,400,False,
2023-01-25,P00002,S00177,400,0,0,400,False,
2023-01-26,P00002,S00177,400,0,0,400,False,
2023-01-27,P00002,S00177,400,0,0,400,False,
2023-01-28,P00002,S00177,400,0,0,400,False,
2023-01-29,P00002,S00177,400,0,0,400,False,
2023-01-30,P00002,S00177,400,0,0,400,False,
2023-01-31,P00002,S00177,400,0,0,400,False,
2023-02-01,P00002,S00177,400,0,0,400,False,
2023-02-02,P00002,S00177,400,0,0,400,False,
2023-02-03,P00002,S00177,400,0,0,400,False,
2023-02-04,P00002,S00177,400,0,0,400,False,
2023-02-05,P00002,S00177,400,0,0,400,False,
2023-02-06,P00002,S00177,400,0,0,400,False,
2023-02-07,P00002,S00177,400,0,0,400,False,
2023-02-08,P00002,S00177,400,0,0,400,False,
2023-02-09,P00002,S00177,400,0,0,400,False,
2023-02-10,P00002,S00177,400,0,0,400,False,
2023-02-11,P00002,S00177,400,0,0,400,False,
2023-02-12,P00002,S00177,400,0,0,400,False,
2023-02-13,P00002,S00177,400,0,0,400,False,
2023-02-14,P00002,S00177,400,0,0,400,False,
2023-02-15,P00002,S00177,400,0,0,400,False,
2023-02-16,P00002,S00177,400,0,0,400,False,
2023-02-17,P00002,S00177,400,0,0,400,False,
2023-02-18,P00002,S00177,400,0,0,400,False,
2023-02-19,P00002,S00177,400,0,0,400,False,
2023-02-20,P00002,S00177,400,0,0,400,False,
2023-02-21,P00002,S00177,400,0,0,400,False,
2023-02-22,P00002,S00177,400,0,0,400,False,
2023-02-23,P00002,S00177,400,0,0,400,False,
2023-02-24,P00002,S00177,400,0,0,400,False,
2023-02-25,P00002,S00177,400,0,0,400,False,
2023-02-26,P00002,S00177,400,0,0,400,False,
2023-02-27,P00002,S00177,400,0,0,400,False,
2023-02-28,P00002,S00177,400,0,0,400,False,
2023-03-01,P00002,S00177,400,0,0,400,False,
2023-03-02,P00002,S00177,400,0,0,400,False,
2023-03-03,P00002,S00177,400,0,0,400,False,
2023-03-04,P00002,S00177,400,0,0,400,False,
2023-03-05,P00002,S00177,400,0,0,400,False,
2023-03-06,P00002,S00177,400,0,0,400,False,
2023-03-07,P00002,S00177,400,0,0,400,False,
2023-03-08,P00002,S00177,400,0,0,400,False,
2023-03-09,P00002,S00177,400,0,0,400,False,
2023-03-10,P00002,S00177,400,0,0,400,False,
2023-03-11,P00002,S00177,400,0,0,400,False,
2023-03-12,P00002,S00177,400,0,0,400,False,
2023-03-13,P00002,S00177,400,0,0,400,False,
2023-03-14,P00002,S00177,400,0,0,400,False,
2023-03-15,P00002,S00177,400,0,0,400,False,
2023-03-16,P00002,S00177,400,0,0,400,False,
2023-03-17,P00002,S00177,400,0,0,400,False,
2023-03-18,P00002,S00177,400,0,0,400,False,
2023-03-19,P00002,S00177,400,0,0,400,False,
2023-03-20,P00002,S00177,400,0,0,400,False,
2023-03-21,P00002,S00177,400,0,0,400,False,
2023-03-22,P00002,S00177,400,0,0,400,False,
2023-03-23,P00002,S00177,400,0,0,400,False,
2023-03-24,P00002,S00177,400,0,0,400,False,
2023-03-25,P00002,S00177,400,0,0,400,False,
2023-03-26,P00002,S00177,400,0,0,400,False,
2023-03-27,P00002,S00177,400,0,0,400,False,
2023-03-28,P00002,S00177,400,0,0,400,False,
2023-03-29,P00002,S00177,400,0,0,400,False,
2023-03-30,P00002,S00177,400,0,0,400,False,
2023-03-31,P00002,S00177,400,0,0,400,False,
2023-01-01,P00002,S00117,439,0,0,439,False,
2023-01-02,P00002,S00117,439,0,0,439,False,
2023-01-03,P00002,S00117,439,0,0,439,False,
2023-01-04,P00002,S00117,439,0,0,439,False,
2023-01-05,P00002,S00117,439,0,0,439,False,
2023-01-06,P00002,S00117,439,0,0,439,False,
2023-01-07,P00002,S00117,439,0,0,439,False,
2023-01-08,P00002,S00117,439,0,0,439,False,
2023-01-09,P00002,S00117,439,0,0,439,False,
2023-01-10,P00002,S00117,439,0,0,439,False,
2023-01-11,P00002,S00117,439,0,0,439,False,
2023-01-12,P00002,S00117,439,0,0,439,False,
2023-01-13,P00002,S00117,439,0,0,439,False,
2023-01-14,P00002,S00117,439,0,0,439,False,
2023-01-15,P00002,S00117,439,0,0,439,False,
2023-01-16,P00002,S00117,439,0,0,439,False,
2023-01-17,P00002,S00117,439,0,0,439,False,
2023-01-18,P00002,S00117,439,0,0,439,False,
2023-01-19,P00002,S00117,439,0,0,439,False,
2023-01-20,P00002,S00117,439,0,0,439,False,
2023-01-21,P00002,S00117,439,0,0,439,False,
2023-01-22,P00002,S00117,439,0,0,439,False,
2023-01-23,P00002,S00117,439,0,0,439,False,
2023-01-24,P00002,S00117,439,0,0,439,False,
2023-01-25,P00002,S00117,439,0,0,439,False,
2023-01-26,P00002,S00117,439,0,0,439,False,
2023-01-27,P00002,S00117,439,0,0,439,False,
2023-01-28,P00002,S00117,439,0,0,439,False,
2023-01-29,P00002,S00117,439,0,0,439,False,
2023-01-30,P00002,S00117,439,0,0,439,False,
2023-01-31,P00002,S00117,439,0,0,439,False,
2023-02-01,P00002,S00117,439,0,0,439,False,
2023-02-02,P00002,S00117,439,0,0,439,False,
2023-02-03,P00002,S00117,439,0,0,439,False,
2023-02-04,P00002,S00117,439,0,0,439,False,
2023-02-05,P00002,S00117,439,0,0,439,False,
2023-02-06,P00002,S00117,439,0,0,439,False,
2023-02-07,P00002,S00117,439,0,0,439,False,
2023-02-08,P00002,S00117,439,0,0,439,False,
2023-02-09,P00002,S00117,439,0,0,439,False,
2023-02-10,P00002,S00117,439,0,0,439,False,
2023-02-11,P00002,S00117,439,0,0,439,False,
2023-02-12,P00002,S00117,439,0,0,439,False,
2023-02-13,P00002,S00117,439,0,0,439,False,
2023-02-14,P00002,S00117,439,0,0,439,False,
2023-02-15,P00002,S00117,439,0,0,439,False,
2023-02-16,P00002,S00117,439,0,0,439,False,
2023-02-17,P00002,S00117,439,0,0,439,False,
2023-02-18,P00002,S00117,439,0,0,439,False,
2023-02-19,P00002,S00117,439,0,0,439,False,
2023-02-20,P00002,S00117,439,0,0,439,False,
2023-02-21,P00002,S00117,439,0,0,439,False,
2023-02-22,P00002,S00117,439,0,0,439,False,
2023-02-23,P00002,S00117,439,0,0,439,False,
2023-02-24,P00002,S00117,439,0,0,439,False,
2023-02-25,P00002,S00117,439,0,0,439,False,
2023-02-26,P00002,S00117,439,0,0,439,False,
2023-02-27,P00002,S00117,439,0,0,439,False,
2023-02-28,P00002,S00117,439,0,0,439,False,
2023-03-01,P00002,S00117,439,0,0,439,False,
2023-03-02,P00002,S00117,439,0,0,439,False,
2023-03-03,P00002,S00117,439,0,0,439,False,
2023-03-04,P00002,S00117,439,0,0,439,False,
2023-03-05,P00002,S00117,439,0,0,439,False,
2023-03-06,P00002,S00117,439,0,0,439,False,
2023-03-07,P00002,S00117,439,0,0,439,False,
2023-03-08,P00002,S00117,439,0,0,439,False,
2023-03-09,P00002,S00117,439,0,0,439,False,
2023-03-10,P00002,S00117,439,0,0,439,False,
2023-03-11,P00002,S00117,439,0,0,439,False,
2023-03-12,P00002,S00117,439,0,0,439,False,
2023-03-13,P00002,S00117,439,0,0,439,False,
2023-03-14,P00002,S00117,439,0,0,439,False,
2023-03-15,P00002,S00117,439,0,0,439,False,
2023-03-16,P00002,S00117,439,0,0,439,False,
2023-03-17,P00002,S00117,439,0,0,439,False,
2023-03-18,P00002,S00117,439,0,0,439,False,
2023-03-19,P00002,S00117,439,0,0,439,False,
2023-03-20,P00002,S00117,439,0,0,439,False,
2023-03-21,P00002,S00117,439,0,0,439,False,
2023-03-22,P00002,S00117,439,0,0,439,False,
2023-03-23,P00002,S00117,439,0,0,439,False,
2023-03-24,P00002,S00117,439,0,0,439,False,
2023-03-25,P00002,S00117,439,0,0,439,False,
2023-03-26,P00002,S00117,439,0,0,439,False,
2023-03-27,P00002,S00117,439,0,0,439,False,
2023-03-28,P00002,S00117,439,0,0,439,False,
2023-03-29,P00002,S00117,439,0,0,439,False,
2023-03-30,P00002,S00117,439,0,0,439,False,
2023-03-31,P00002,S00117,439,0,0,439,False,
2023-01-01,P00002,S00027,464,0,0,464,False,
2023-01-02,P00002,S00027,464,0,0,464,False,
2023-01-03,P00002,S00027,464,0,0,464,False,
2023-01-04,P00002,S00027,464,0,0,464,False,
2023-01-05,P00002,S00027,464,0,0,464,False,
2023-01-06,P00002,S00027,464,0,0,464,False,
2023-01-07,P00002,S00027,464,0,0,464,False,
2023-01-08,P00002,S00027,464,0,0,464,False,
2023-01-09,P00002,S00027,464,0,0,464,False,
2023-01-10,P00002,S00027,464,0,0,464,False,
