transaction_id,date,product_id,store_id,customer_id,units,regular_price,selling_price,discount_percentage,revenue,cost,gross_profit,promotion_id,channel
T0000000001,2023-02-14,P00238,S00094,C0020413,5,119.32,119.32,0.0,596.6,403.15,193.45,,Convenience
T0000000002,2023-02-14,P00238,S00094,C0012814,4,119.32,119.32,0.0,477.28,322.52,154.76,,Convenience
T0000000003,2023-02-04,P00128,S00012,C0027787,3,244.92,244.92,0.0,734.76,366.36,368.4,,Supermarket
T0000000004,2023-02-04,P00128,S00012,C0005320,3,244.92,244.92,0.0,734.76,366.36,368.4,,Supermarket
T0000000005,2023-02-04,P00128,S00012,C0029809,3,244.92,244.92,0.0,734.76,366.36,368.4,,Supermarket
T0000000006,2023-02-04,P00128,S00012,C0028664,3,244.92,244.92,0.0,734.76,366.36,368.4,,Supermarket
T0000000007,2023-02-04,P00128,S00012,C0016874,3,244.92,244.92,0.0,734.76,366.36,368.4,,Supermarket
T0000000008,2023-02-04,P00128,S00012,C0020594,3,244.92,244.92,0.0,734.76,366.36,368.4,,Supermarket
T0000000009,2023-02-04,P00128,S00012,C0013142,3,244.92,244.92,0.0,734.76,366.36,368.4,,Supermarket
T0000000010,2023-02-04,P00128,S00012,C0016779,3,244.92,244.92,0.0,734.76,366.36,368.4,,Supermarket
T0000000011,2023-02-04,P00128,S00012,C0020309,3,244.92,244.92,0.0,734.76,366.36,368.4,,Supermarket
T0000000012,2023-02-04,P00128,S00012,C0002670,3,244.92,244.92,0.0,734.76,366.36,368.4,,Supermarket
T0000000013,2023-02-04,P00128,S00012,C0016528,3,244.92,244.92,0.0,734.76,366.36,368.4,,Supermarket
T0000000014,2023-02-04,P00128,S00012,C0014734,3,244.92,244.92,0.0,734.76,366.36,368.4,,Supermarket
T0000000015,2023-02-04,P00128,S00012,C0016546,3,244.92,244.92,0.0,734.76,366.36,368.4,,Supermarket
T0000000016,2023-02-04,P00128,S00012,C0021381,3,244.92,244.92,0.0,734.76,366.36,368.4,,Supermarket
T0000000017,2023-02-04,P00128,S00012,C0026648,3,244.92,244.92,0.0,734.76,366.36,368.4,,Supermarket
T0000000018,2023-02-04,P00128,S00012,C0015396,3,244.92,244.92,0.0,734.76,366.36,368.4,,Supermarket
T0000000019,2023-02-04,P00128,S00012,C0004239,3,244.92,244.92,0.0,734.76,366.36,368.4,,Supermarket
T0000000020,2023-02-04,P00128,S00012,C0011180,3,244.92,244.92,0.0,734.76,366.36,368.4,,Supermarket
T0000000021,2023-02-04,P00128,S00012,C0022177,3,244.92,244.92,0.0,734.76,366.36,368.4,,Supermarket
T0000000022,2023-01-11,P00018,S00072,C0015951,10,109.47,83.67,23.56,836.7,683.8,152.9,PR0005514,Supermarket
T0000000023,2023-01-11,P00018,S00072,C0022472,10,109.47,83.67,23.56,836.7,683.8,152.9,PR0005514,Supermarket
T0000000024,2023-01-11,P00018,S00072,C0013479,10,109.47,83.67,23.56,836.7,683.8,152.9,PR0005514,Supermarket
T0000000025,2023-01-11,P00018,S00072,C0012751,10,109.47,83.67,23.56,836.7,683.8,152.9,PR0005514,Supermarket
T0000000026,2023-01-11,P00018,S00072,C0027167,10,109.47,83.67,23.56,836.7,683.8,152.9,PR0005514,Supermarket
T0000000027,2023-01-11,P00018,S00072,C0016625,10,109.47,83.67,23.56,836.7,683.8,152.9,PR0005514,Supermarket
T0000000028,2023-01-11,P00018,S00072,C0008556,10,109.47,83.67,23.56,836.7,683.8,152.9,PR0005514,Supermarket
T0000000029,2023-01-11,P00018,S00072,C0017855,10,109.47,83.67,23.56,836.7,683.8,152.9,PR0005514,Supermarket
T0000000030,2023-01-11,P00018,S00072,C0025301,10,109.47,83.67,23.56,836.7,683.8,152.9,PR0005514,Supermarket
T0000000031,2023-01-11,P00018,S00072,C0015222,10,109.47,83.67,23.56,836.7,683.8,152.9,PR0005514,Supermarket
T0000000032,2023-01-11,P00018,S00072,C0005603,10,109.47,83.67,23.56,836.7,683.8,152.9,PR0005514,Supermarket
T0000000033,2023-01-11,P00018,S00072,C0025297,9,109.47,83.67,23.56,753.03,615.42,137.61,PR0005514,Supermarket
T0000000034,2023-01-11,P00018,S00072,C0015323,9,109.47,83.67,23.56,753.03,615.42,137.61,PR0005514,Supermarket
T0000000035,2023-01-11,P00018,S00072,C0022246,9,109.47,83.67,23.56,753.03,615.42,137.61,PR0005514,Supermarket
T0000000036,2023-01-11,P00018,S00072,C0004263,9,109.47,83.67,23.56,753.03,615.42,137.61,PR0005514,Supermarket
T0000000037,2023-01-11,P00018,S00072,C0004819,9,109.47,83.67,23.56,753.03,615.42,137.61,PR0005514,Supermarket
T0000000038,2023-01-11,P00018,S00072,C0025163,9,109.47,83.67,23.56,753.03,615.42,137.61,PR0005514,Supermarket
T0000000039,2023-01-11,P00018,S00072,C0022351,9,109.47,83.67,23.56,753.03,615.42,137.61,PR0005514,Supermarket
T0000000040,2023-01-11,P00018,S00072,C0006388,9,109.47,83.67,23.56,753.03,615.42,137.61,PR0005514,Supermarket
T0000000041,2023-01-11,P00018,S00072,C0012294,9,109.47,83.67,23.56,753.03,615.42,137.61,PR0005514,Supermarket
T0000000042,2023-01-11,P00018,S00072,C0023145,9,109.47,83.67,23.56,753.03,615.42,137.61,PR0005514,Supermarket
T0000000043,2023-01-11,P00018,S00072,C0009633,9,109.47,83.67,23.56,753.03,615.42,137.61,PR0005514,Supermarket
T0000000044,2023-01-11,P00018,S00072,C0019364,9,109.47,83.67,23.56,753.03,615.42,137.61,PR0005514,Supermarket
T0000000045,2023-01-11,P00018,S00072,C0005642,9,109.47,83.67,23.56,753.03,615.42,137.61,PR0005514,Supermarket
T0000000046,2023-01-11,P00018,S00072,C0016719,9,109.47,83.67,23.56,753.03,615.42,137.61,PR0005514,Supermarket
T0000000047,2023-02-24,P00149,S00181,C0018016,5,61.23,54.37,11.21,271.85,161.45,110.4,PR0044595,Hypermarket
T0000000048,2023-02-24,P00149,S00181,C0010240,5,61.23,54.37,11.21,271.85,161.45,110.4,PR0044595,Hypermarket
T0000000049,2023-02-24,P00149,S00181,C0010643,5,61.23,54.37,11.21,271.85,161.45,110.4,PR0044595,Hypermarket
T0000000050,2023-02-24,P00149,S00181,C0014570,5,61.23,54.37,11.21,271.85,161.45,110.4,PR0044595,Hypermarket
T0000000051,2023-02-24,P00149,S00181,C0016381,5,61.23,54.37,11.21,271.85,161.45,110.4,PR0044595,Hypermarket
T0000000052,2023-02-24,P00149,S00181,C0013579,5,61.23,54.37,11.21,271.85,161.45,110.4,PR0044595,Hypermarket
T0000000053,2023-02-24,P00149,S00181,C0019497,5,61.23,54.37,11.21,271.85,161.45,110.4,PR0044595,Hypermarket
T0000000054,2023-02-24,P00149,S00181,C0006747,5,61.23,54.37,11.21,271.85,161.45,110.4,PR0044595,Hypermarket
T0000000055,2023-02-24,P00149,S00181,C0002457,4,61.23,54.37,11.21,217.48,129.16,88.32,PR0044595,Hypermarket
T0000000056,2023-02-24,P00149,S00181,C0016408,4,61.23,54.37,11.21,217.48,129.16,88.32,PR0044595,Hypermarket
T0000000057,2023-02-24,P00149,S00181,C0007837,4,61.23,54.37,11.21,217.48,129.16,88.32,PR0044595,Hypermarket
T0000000058,2023-02-24,P00149,S00181,C0014806,4,61.23,54.37,11.21,217.48,129.16,88.32,PR0044595,Hypermarket
T0000000059,2023-02-24,P00149,S00181,C0007338,4,61.23,54.37,11.21,217.48,129.16,88.32,PR0044595,Hypermarket
T0000000060,2023-02-24,P00149,S00181,C0000080,4,61.23,54.37,11.21,217.48,129.16,88.32,PR0044595,Hypermarket
T0000000061,2023-02-24,P00149,S00181,C0010455,4,61.23,54.37,11.21,217.48,129.16,88.32,PR0044595,Hypermarket
T0000000062,2023-02-24,P00149,S00181,C0007086,4,61.23,54.37,11.21,217.48,129.16,88.32,PR0044595,Hypermarket
T0000000063,2023-02-24,P00149,S00181,C0024674,4,61.23,54.37,11.21,217.48,129.16,88.32,PR0044595,Hypermarket
T0000000064,2023-02-24,P00149,S00181,C0019605,4,61.23,54.37,11.21,217.48,129.16,88.32,PR0044595,Hypermarket
T0000000065,2023-02-24,P00149,S00181,C0026157,4,61.23,54.37,11.21,217.48,129.16,88.32,PR0044595,Hypermarket
T0000000066,2023-02-24,P00149,S00181,C0007860,4,61.23,54.37,11.21,217.48,129.16,88.32,PR0044595,Hypermarket
T0000000067,2023-02-24,P00149,S00181,C0021157,4,61.23,54.37,11.21,217.48,129.16,88.32,PR0044595,Hypermarket
T0000000068,2023-02-24,P00149,S00181,C0006333,4,61.23,54.37,11.21,217.48,129.16,88.32,PR0044595,Hypermarket
T0000000069,2023-02-24,P00149,S00181,C0022029,4,61.23,54.37,11.21,217.48,129.16,88.32,PR0044595,Hypermarket
T0000000070,2023-02-24,P00149,S00181,C0001226,4,61.23,54.37,11.21,217.48,129.16,88.32,PR0044595,Hypermarket
T0000000071,2023-02-24,P00149,S00181,C0001226,4,61.23,54.37,11.21,217.48,129.16,88.32,PR0044595,Hypermarket
T0000000072,2023-01-07,P00107,S00081,C0022261,4,240.18,240.18,0.0,960.72,465.12,495.6,,Hypermarket
T0000000073,2023-01-07,P00107,S00081,C0025086,4,240.18,240.18,0.0,960.72,465.12,495.6,,Hypermarket
T0000000074,2023-01-07,P00107,S00081,C0015683,4,240.18,240.18,0.0,960.72,465.12,495.6,,Hypermarket
T0000000075,2023-01-07,P00107,S00081,C0001327,4,240.18,240.18,0.0,960.72,465.12,495.6,,Hypermarket
T0000000076,2023-01-07,P00107,S00081,C0014468,4,240.18,240.18,0.0,960.72,465.12,495.6,,Hypermarket
T0000000077,2023-01-07,P00107,S00081,C0006972,4,240.18,240.18,0.0,960.72,465.12,495.6,,Hypermarket
T0000000078,2023-01-07,P00107,S00081,C0025218,4,240.18,240.18,0.0,960.72,465.12,495.6,,Hypermarket
T0000000079,2023-03-16,P00050,S00033,C0029885,2,41.33,41.33,0.0,82.66,52.72,29.94,,Supermarket
T0000000080,2023-03-16,P00050,S00033,C0020147,2,41.33,41.33,0.0,82.66,52.72,29.94,,Supermarket
T0000000081,2023-03-16,P00050,S00033,C0002126,2,41.33,41.33,0.0,82.66,52.72,29.94,,Supermarket
T0000000082,2023-03-16,P00050,S00033,C0004674,2,41.33,41.33,0.0,82.66,52.72,29.94,,Supermarket
T0000000083,2023-03-16,P00050,S00033,C0000071,2,41.33,41.33,0.0,82.66,52.72,29.94,,Supermarket
T0000000084,2023-03-16,P00050,S00033,C0002331,2,41.33,41.33,0.0,82.66,52.72,29.94,,Supermarket
T0000000085,2023-03-16,P00050,S00033,C0009470,2,41.33,41.33,0.0,82.66,52.72,29.94,,Supermarket
T0000000086,2023-03-16,P00050,S00033,C0004314,2,41.33,41.33,0.0,82.66,52.72,29.94,,Supermarket
T0000000087,2023-03-16,P00050,S00033,C0016428,2,41.33,41.33,0.0,82.66,52.72,29.94,,Supermarket
T0000000088,2023-03-16,P00050,S00033,C0001618,2,41.33,41.33,0.0,82.66,52.72,29.94,,Supermarket
T0000000089,2023-03-16,P00050,S00033,C0005678,2,41.33,41.33,0.0,82.66,52.72,29.94,,Supermarket
T0000000090,2023-03-16,P00050,S00033,C0000542,2,41.33,41.33,0.0,82.66,52.72,29.94,,Supermarket
T0000000091,2023-03-16,P00050,S00033,C0028159,2,41.33,41.33,0.0,82.66,52.72,29.94,,Supermarket
T0000000092,2023-03-16,P00050,S00033,C0027533,2,41.33,41.33,0.0,82.66,52.72,29.94,,Supermarket
T0000000093,2023-03-16,P00050,S00033,C0009070,2,41.33,41.33,0.0,82.66,52.72,29.94,,Supermarket
T0000000094,2023-03-16,P00050,S00033,C0002698,2,41.33,41.33,0.0,82.66,52.72,29.94,,Supermarket
T0000000095,2023-03-16,P00050,S00033,C0006316,1,41.33,41.33,0.0,41.33,26.36,14.97,,Supermarket
T0000000096,2023-03-16,P00050,S00033,C0008944,1,41.33,41.33,0.0,41.33,26.36,14.97,,Supermarket
T0000000097,2023-03-16,P00050,S00033,C0020236,1,41.33,41.33,0.0,41.33,26.36,14.97,,Supermarket
T0000000098,2023-03-16,P00050,S00033,C0018268,1,41.33,41.33,0.0,41.33,26.36,14.97,,Supermarket
T0000000099,2023-03-16,P00050,S00033,C0003309,1,41.33,41.33,0.0,41.33,26.36,14.97,,Supermarket
T0000000100,2023-03-16,P00050,S00033,C0017663,1,41.33,41.33,0.0,41.33,26.36,14.97,,Supermarket
T0000000101,2023-03-16,P00050,S00033,C0023145,1,41.33,41.33,0.0,41.33,26.36,14.97,,Supermarket
T0000000102,2023-03-16,P00050,S00033,C0029414,1,41.33,41.33,0.0,41.33,26.36,14.97,,Supermarket
T0000000103,2023-03-16,P00050,S00033,C0013871,1,41.33,41.33,0.0,41.33,26.36,14.97,,Supermarket
T0000000104,2023-02-04,P00219,S00075,C0013795,3,150.91,150.91,0.0,452.73,330.45,122.28,,Wholesale
T0000000105,2023-02-04,P00219,S00075,C0021197,3,150.91,150.91,0.0,452.73,330.45,122.28,,Wholesale
T0000000106,2023-02-04,P00219,S00075,C0013312,3,150.91,150.91,0.0,452.73,330.45,122.28,,Wholesale
T0000000107,2023-02-04,P00219,S00075,C0020536,3,150.91,150.91,0.0,452.73,330.45,122.28,,Wholesale
T0000000108,2023-02-04,P00219,S00075,C0017605,2,150.91,150.91,0.0,301.82,220.3,81.52,,Wholesale
T0000000109,2023-02-04,P00219,S00075,C0001511,2,150.91,150.91,0.0,301.82,220.3,81.52,,Wholesale
T0000000110,2023-02-04,P00219,S00075,C0019185,2,150.91,150.91,0.0,301.82,220.3,81.52,,Wholesale
T0000000111,2023-02-04,P00219,S00075,C0028123,2,150.91,150.91,0.0,301.82,220.3,81.52,,Wholesale
T0000000112,2023-02-04,P00219,S00075,C0015882,2,150.91,150.91,0.0,301.82,220.3,81.52,,Wholesale
T0000000113,2023-02-04,P00219,S00075,C0021795,2,150.91,150.91,0.0,301.82,220.3,81.52,,Wholesale
T0000000114,2023-02-04,P00219,S00075,C0016987,2,150.91,150.91,0.0,301.82,220.3,81.52,,Wholesale
T0000000115,2023-02-04,P00219,S00075,C0020785,2,150.91,150.91,0.0,301.82,220.3,81.52,,Wholesale
T0000000116,2023-02-04,P00219,S00075,C0024799,2,150.91,150.91,0.0,301.82,220.3,81.52,,Wholesale
T0000000117,2023-02-04,P00219,S00075,C0028520,2,150.91,150.91,0.0,301.82,220.3,81.52,,Wholesale
T0000000118,2023-02-04,P00219,S00075,C0000228,2,150.91,150.91,0.0,301.82,220.3,81.52,,Wholesale
T0000000119,2023-02-04,P00219,S00075,C0027533,2,150.91,150.91,0.0,301.82,220.3,81.52,,Wholesale
T0000000120,2023-02-04,P00219,S00075,C0021448,2,150.91,150.91,0.0,301.82,220.3,81.52,,Wholesale
T0000000121,2023-02-04,P00219,S00075,C0011627,2,150.91,150.91,0.0,301.82,220.3,81.52,,Wholesale
T0000000122,2023-02-04,P00219,S00075,C0015542,2,150.91,150.91,0.0,301.82,220.3,81.52,,Wholesale
T0000000123,2023-02-04,P00219,S00075,C0024720,2,150.91,150.91,0.0,301.82,220.3,81.52,,Wholesale
T0000000124,2023-02-04,P00219,S00075,C0016237,2,150.91,150.91,0.0,301.82,220.3,81.52,,Wholesale
T0000000125,2023-02-04,P00219,S00075,C0020389,2,150.91,150.91,0.0,301.82,220.3,81.52,,Wholesale
T0000000126,2023-02-04,P00219,S00075,C0018333,2,150.91,150.91,0.0,301.82,220.3,81.52,,Wholesale
T0000000127,2023-02-04,P00219,S00075,C0011276,2,150.91,150.91,0.0,301.82,220.3,81.52,,Wholesale
T0000000128,2023-02-04,P00219,S00075,C0021033,2,150.91,150.91,0.0,301.82,220.3,81.52,,Wholesale
T0000000129,2023-03-03,P00224,S00130,C0003163,4,40.07,34.65,13.52,138.6,114.16,24.44,PR0068098,Wholesale
T0000000130,2023-03-03,P00224,S00130,C0014399,3,40.07,34.65,13.52,103.95,85.62,18.33,PR0068098,Wholesale
T0000000131,2023-03-03,P00224,S00130,C0002592,3,40.07,34.65,13.52,103.95,85.62,18.33,PR0068098,Wholesale
T0000000132,2023-03-03,P00224,S00130,C0017802,3,40.07,34.65,13.52,103.95,85.62,18.33,PR0068098,Wholesale
T0000000133,2023-03-03,P00224,S00130,C0024246,3,40.07,34.65,13.52,103.95,85.62,18.33,PR0068098,Wholesale
T0000000134,2023-03-03,P00224,S00130,C0023985,3,40.07,34.65,13.52,103.95,85.62,18.33,PR0068098,Wholesale
T0000000135,2023-03-03,P00224,S00130,C0020200,3,40.07,34.65,13.52,103.95,85.62,18.33,PR0068098,Wholesale
T0000000136,2023-03-03,P00224,S00130,C0024443,3,40.07,34.65,13.52,103.95,85.62,18.33,PR0068098,Wholesale
T0000000137,2023-03-03,P00224,S00130,C0022566,3,40.07,34.65,13.52,103.95,85.62,18.33,PR0068098,Wholesale
T0000000138,2023-03-03,P00224,S00130,C0014158,3,40.07,34.65,13.52,103.95,85.62,18.33,PR0068098,Wholesale
T0000000139,2023-03-03,P00224,S00130,C0016459,3,40.07,34.65,13.52,103.95,85.62,18.33,PR0068098,Wholesale
T0000000140,2023-03-03,P00224,S00130,C0003830,3,40.07,34.65,13.52,103.95,85.62,18.33,PR0068098,Wholesale
T0000000141,2023-03-03,P00224,S00130,C0009020,3,40.07,34.65,13.52,103.95,85.62,18.33,PR0068098,Wholesale
T0000000142,2023-03-03,P00224,S00130,C0014470,3,40.07,34.65,13.52,103.95,85.62,18.33,PR0068098,Wholesale
T0000000143,2023-03-03,P00224,S00130,C0004262,3,40.07,34.65,13.52,103.95,85.62,18.33,PR0068098,Wholesale
T0000000144,2023-03-03,P00224,S00130,C0017864,3,40.07,34.65,13.52,103.95,85.62,18.33,PR0068098,Wholesale
T0000000145,2023-03-03,P00224,S00130,C0024395,3,40.07,34.65,13.52,103.95,85.62,18.33,PR0068098,Wholesale
T0000000146,2023-03-03,P00224,S00130,C0000378,3,40.07,34.65,13.52,103.95,85.62,18.33,PR0068098,Wholesale
T0000000147,2023-03-03,P00224,S00130,C0008102,3,40.07,34.65,13.52,103.95,85.62,18.33,PR0068098,Wholesale
T0000000148,2023-03-03,P00224,S00130,C0002491,3,40.07,34.65,13.52,103.95,85.62,18.33,PR0068098,Wholesale
T0000000149,2023-03-03,P00224,S00130,C0020799,3,40.07,34.65,13.52,103.95,85.62,18.33,PR0068098,Wholesale
T0000000150,2023-03-03,P00224,S00130,C0000227,3,40.07,34.65,13.52,103.95,85.62,18.33,PR0068098,Wholesale
T0000000151,2023-03-03,P00224,S00130,C0005519,3,40.07,34.65,13.52,103.95,85.62,18.33,PR0068098,Wholesale
T0000000152,2023-03-03,P00224,S00130,C0027559,3,40.07,34.65,13.52,103.95,85.62,18.33,PR0068098,Wholesale
T0000000153,2023-03-03,P00224,S00130,C0027569,3,40.07,34.65,13.52,103.95,85.62,18.33,PR0068098,Wholesale
T0000000154,2023-02-11,P00258,S00115,C0020334,5,136.86,136.86,0.0,684.3,504.6,179.7,,Hypermarket
T0000000155,2023-02-11,P00258,S00115,C0002940,5,136.86,136.86,0.0,684.3,504.6,179.7,,Hypermarket
T0000000156,2023-02-11,P00258,S00115,C0005878,5,136.86,136.86,0.0,684.3,504.6,179.7,,Hypermarket
T0000000157,2023-02-11,P00258,S00115,C0022518,5,136.86,136.86,0.0,684.3,504.6,179.7,,Hypermarket
T0000000158,2023-02-11,P00258,S00115,C0001346,5,136.86,136.86,0.0,684.3,504.6,179.7,,Hypermarket
T0000000159,2023-02-11,P00258,S00115,C0019882,5,136.86,136.86,0.0,684.3,504.6,179.7,,Hypermarket
T0000000160,2023-02-11,P00258,S00115,C0002583,5,136.86,136.86,0.0,684.3,504.6,179.7,,Hypermarket
T0000000161,2023-02-11,P00258,S00115,C0029735,5,136.86,136.86,0.0,684.3,504.6,179.7,,Hypermarket
T0000000162,2023-02-11,P00258,S00115,C0016414,5,136.86,136.86,0.0,684.3,504.6,179.7,,Hypermarket
T0000000163,2023-02-11,P00258,S00115,C0015540,5,136.86,136.86,0.0,684.3,504.6,179.7,,Hypermarket
T0000000164,2023-02-11,P00258,S00115,C0017584,5,136.86,136.86,0.0,684.3,504.6,179.7,,Hypermarket
T0000000165,2023-02-11,P00258,S00115,C0015579,5,136.86,136.86,0.0,684.3,504.6,179.7,,Hypermarket
T0000000166,2023-02-11,P00258,S00115,C0006417,5,136.86,136.86,0.0,684.3,504.6,179.7,,Hypermarket
T0000000167,2023-02-11,P00258,S00115,C0002678,5,136.86,136.86,0.0,684.3,504.6,179.7,,Hypermarket
T0000000168,2023-02-11,P00258,S00115,C0018805,5,136.86,136.86,0.0,684.3,504.6,179.7,,Hypermarket
T0000000169,2023-02-11,P00258,S00115,C0021333,5,136.86,136.86,0.0,684.3,504.6,179.7,,Hypermarket
T0000000170,2023-02-11,P00258,S00115,C0009523,5,136.86,136.86,0.0,684.3,504.6,179.7,,Hypermarket
T0000000171,2023-02-11,P00258,S00115,C0012325,5,136.86,136.86,0.0,684.3,504.6,179.7,,Hypermarket
T0000000172,2023-02-11,P00258,S00115,C0003761,5,136.86,136.86,0.0,684.3,504.6,179.7,,Hypermarket
T0000000173,2023-02-11,P00258,S00115,C0015529,5,136.86,136.86,0.0,684.3,504.6,179.7,,Hypermarket
T0000000174,2023-02-11,P00258,S00115,C0022132,4,136.86,136.86,0.0,547.44,403.68,143.76,,Hypermarket
T0000000175,2023-02-11,P00258,S00115,C0015068,4,136.86,136.86,0.0,547.44,403.68,143.76,,Hypermarket
T0000000176,2023-02-11,P00258,S00115,C0029496,4,136.86,136.86,0.0,547.44,403.68,143.76,,Hypermarket
T0000000177,2023-02-11,P00258,S00115,C0025555,4,136.86,136.86,0.0,547.44,403.68,143.76,,Hypermarket
T0000000178,2023-02-11,P00258,S00115,C0025453,4,136.86,136.86,0.0,547.44,403.68,143.76,,Hypermarket
T0000000179,2023-02-27,P00232,S00019,C0002234,2,105.47,105.47,0.0,210.94,159.3,51.64,,Supermarket
T0000000180,2023-02-27,P00232,S00019,C0017942,2,105.47,105.47,0.0,210.94,159.3,51.64,,Supermarket
T0000000181,2023-02-27,P00232,S00019,C0001364,2,105.47,105.47,0.0,210.94,159.3,51.64,,Supermarket
T0000000182,2023-02-27,P00232,S00019,C0027164,2,105.47,105.47,0.0,210.94,159.3,51.64,,Supermarket
T0000000183,2023-02-27,P00232,S00019,C0011422,2,105.47,105.47,0.0,210.94,159.3,51.64,,Supermarket
T0000000184,2023-02-27,P00232,S00019,C0014769,2,105.47,105.47,0.0,210.94,159.3,51.64,,Supermarket
T0000000185,2023-02-27,P00232,S00019,C0029376,2,105.47,105.47,0.0,210.94,159.3,51.64,,Supermarket
T0000000186,2023-02-27,P00232,S00019,C0029980,2,105.47,105.47,0.0,210.94,159.3,51.64,,Supermarket
T0000000187,2023-02-27,P00232,S00019,C0028740,2,105.47,105.47,0.0,210.94,159.3,51.64,,Supermarket
T0000000188,2023-02-27,P00232,S00019,C0007981,2,105.47,105.47,0.0,210.94,159.3,51.64,,Supermarket
T0000000189,2023-02-27,P00232,S00019,C0026531,1,105.47,105.47,0.0,105.47,79.65,25.82,,Supermarket
T0000000190,2023-02-27,P00232,S00019,C0029581,1,105.47,105.47,0.0,105.47,79.65,25.82,,Supermarket
T0000000191,2023-02-27,P00232,S00019,C0012811,1,105.47,105.47,0.0,105.47,79.65,25.82,,Supermarket
T0000000192,2023-02-27,P00232,S00019,C0025505,1,105.47,105.47,0.0,105.47,79.65,25.82,,Supermarket
T0000000193,2023-02-27,P00232,S00019,C0001787,1,105.47,105.47,0.0,105.47,79.65,25.82,,Supermarket
T0000000194,2023-02-27,P00232,S00019,C0001244,1,105.47,105.47,0.0,105.47,79.65,25.82,,Supermarket
T0000000195,2023-02-27,P00232,S00019,C0024770,1,105.47,105.47,0.0,105.47,79.65,25.82,,Supermarket
T0000000196,2023-02-27,P00232,S00019,C0007861,1,105.47,105.47,0.0,105.47,79.65,25.82,,Supermarket
T0000000197,2023-02-27,P00232,S00019,C0016962,1,105.47,105.47,0.0,105.47,79.65,25.82,,Supermarket
T0000000198,2023-02-27,P00232,S00019,C0026147,1,105.47,105.47,0.0,105.47,79.65,25.82,,Supermarket
T0000000199,2023-02-27,P00232,S00019,C0018905,1,105.47,105.47,0.0,105.47,79.65,25.82,,Supermarket
T0000000200,2023-02-27,P00232,S00019,C0009324,1,105.47,105.47,0.0,105.47,79.65,25.82,,Supermarket
T0000000201,2023-02-27,P00232,S00019,C0004850,1,105.47,105.47,0.0,105.47,79.65,25.82,,Supermarket
T0000000202,2023-02-27,P00232,S00019,C0012095,1,105.47,105.47,0.0,105.47,79.65,25.82,,Supermarket
T0000000203,2023-02-27,P00232,S00019,C0027424,1,105.47,105.47,0.0,105.47,79.65,25.82,,Supermarket
T0000000204,2023-03-23,P00258,S00139,C0015472,5,135.56,104.17,23.16,520.85,504.6,16.25,PR0078487,Wholesale
T0000000205,2023-03-23,P00258,S00139,C0001047,5,135.56,104.17,23.16,520.85,504.6,16.25,PR0078487,Wholesale
T0000000206,2023-03-23,P00258,S00139,C0006882,5,135.56,104.17,23.16,520.85,504.6,16.25,PR0078487,Wholesale
T0000000207,2023-03-23,P00258,S00139,C0019090,5,135.56,104.17,23.16,520.85,504.6,16.25,PR0078487,Wholesale
T0000000208,2023-03-23,P00258,S00139,C0008798,5,135.56,104.17,23.16,520.85,504.6,16.25,PR0078487,Wholesale
T0000000209,2023-03-23,P00258,S00139,C0022542,5,135.56,104.17,23.16,520.85,504.6,16.25,PR0078487,Wholesale
T0000000210,2023-03-23,P00258,S00139,C0003805,5,135.56,104.17,23.16,520.85,504.6,16.25,PR0078487,Wholesale
T0000000211,2023-03-23,P00258,S00139,C0001175,5,135.56,104.17,23.16,520.85,504.6,16.25,PR0078487,Wholesale
T0000000212,2023-03-23,P00258,S00139,C0021052,5,135.56,104.17,23.16,520.85,504.6,16.25,PR0078487,Wholesale
T0000000213,2023-03-23,P00258,S00139,C0025722,5,135.56,104.17,23.16,520.85,504.6,16.25,PR0078487,Wholesale
T0000000214,2023-03-23,P00258,S00139,C0002573,5,135.56,104.17,23.16,520.85,504.6,16.25,PR0078487,Wholesale
T0000000215,2023-03-23,P00258,S00139,C0002772,5,135.56,104.17,23.16,520.85,504.6,16.25,PR0078487,Wholesale
T0000000216,2023-03-23,P00258,S00139,C0026138,5,135.56,104.17,23.16,520.85,504.6,16.25,PR0078487,Wholesale
T0000000217,2023-03-23,P00258,S00139,C0000893,5,135.56,104.17,23.16,520.85,504.6,16.25,PR0078487,Wholesale
T0000000218,2023-03-23,P00258,S00139,C0029709,5,135.56,104.17,23.16,520.85,504.6,16.25,PR0078487,Wholesale
T0000000219,2023-03-23,P00258,S00139,C0022201,5,135.56,104.17,23.16,520.85,504.6,16.25,PR0078487,Wholesale
T0000000220,2023-03-23,P00258,S00139,C0021262,5,135.56,104.17,23.16,520.85,504.6,16.25,PR0078487,Wholesale
T0000000221,2023-03-23,P00258,S00139,C0015933,5,135.56,104.17,23.16,520.85,504.6,16.25,PR0078487,Wholesale
T0000000222,2023-03-23,P00258,S00139,C0004914,5,135.56,104.17,23.16,520.85,504.6,16.25,PR0078487,Wholesale
T0000000223,2023-03-23,P00258,S00139,C0016825,4,135.56,104.17,23.16,416.68,403.68,13.0,PR0078487,Wholesale
T0000000224,2023-03-25,P00236,S00060,C0029479,6,73.75,73.75,0.0,442.5,316.74,125.76,,E-commerce
T0000000225,2023-03-25,P00236,S00060,C0009958,6,73.75,73.75,0.0,442.5,316.74,125.76,,E-commerce
T0000000226,2023-03-25,P00236,S00060,C0026406,6,73.75,73.75,0.0,442.5,316.74,125.76,,E-commerce
T0000000227,2023-03-25,P00236,S00060,C0020259,6,73.75,73.75,0.0,442.5,316.74,125.76,,E-commerce
T0000000228,2023-03-25,P00236,S00060,C0019059,6,73.75,73.75,0.0,442.5,316.74,125.76,,E-commerce
T0000000229,2023-03-25,P00236,S00060,C0015045,6,73.75,73.75,0.0,442.5,316.74,125.76,,E-commerce
T0000000230,2023-03-25,P00236,S00060,C0011830,6,73.75,73.75,0.0,442.5,316.74,125.76,,E-commerce
T0000000231,2023-03-25,P00236,S00060,C0011480,6,73.75,73.75,0.0,442.5,316.74,125.76,,E-commerce
T0000000232,2023-03-25,P00236,S00060,C0015727,6,73.75,73.75,0.0,442.5,316.74,125.76,,E-commerce
T0000000233,2023-03-25,P00236,S00060,C0011618,6,73.75,73.75,0.0,442.5,316.74,125.76,,E-commerce
T0000000234,2023-03-25,P00236,S00060,C0024202,6,73.75,73.75,0.0,442.5,316.74,125.76,,E-commerce
T0000000235,2023-03-25,P00236,S00060,C0016309,6,73.75,73.75,0.0,442.5,316.74,125.76,,E-commerce
T0000000236,2023-03-25,P00236,S00060,C0004885,6,73.75,73.75,0.0,442.5,316.74,125.76,,E-commerce
T0000000237,2023-03-25,P00236,S00060,C0022049,6,73.75,73.75,0.0,442.5,316.74,125.76,,E-commerce
T0000000238,2023-03-25,P00236,S00060,C0000829,6,73.75,73.75,0.0,442.5,316.74,125.76,,E-commerce
T0000000239,2023-03-25,P00236,S00060,C0015962,6,73.75,73.75,0.0,442.5,316.74,125.76,,E-commerce
T0000000240,2023-03-25,P00236,S00060,C0028626,6,73.75,73.75,0.0,442.5,316.74,125.76,,E-commerce
T0000000241,2023-03-25,P00236,S00060,C0000858,5,73.75,73.75,0.0,368.75,263.95,104.8,,E-commerce
T0000000242,2023-03-25,P00236,S00060,C0003936,5,73.75,73.75,0.0,368.75,263.95,104.8,,E-commerce
T0000000243,2023-03-25,P00236,S00060,C0014937,5,73.75,73.75,0.0,368.75,263.95,104.8,,E-commerce
T0000000244,2023-03-25,P00236,S00060,C0019523,5,73.75,73.75,0.0,368.75,263.95,104.8,,E-commerce
T0000000245,2023-02-14,P00071,S00070,C0022977,6,45.98,45.98,0.0,275.88,177.06,98.82,,E-commerce
T0000000246,2023-02-14,P00071,S00070,C0016095,6,45.98,45.98,0.0,275.88,177.06,98.82,,E-commerce
T0000000247,2023-02-14,P00071,S00070,C0012341,6,45.98,45.98,0.0,275.88,177.06,98.82,,E-commerce
T0000000248,2023-02-14,P00071,S00070,C0028910,6,45.98,45.98,0.0,275.88,177.06,98.82,,E-commerce
T0000000249,2023-02-14,P00071,S00070,C0027968,6,45.98,45.98,0.0,275.88,177.06,98.82,,E-commerce
T0000000250,2023-02-14,P00071,S00070,C0014079,6,45.98,45.98,0.0,275.88,177.06,98.82,,E-commerce
T0000000251,2023-02-14,P00071,S00070,C0013763,6,45.98,45.98,0.0,275.88,177.06,98.82,,E-commerce
T0000000252,2023-02-14,P00071,S00070,C0022194,6,45.98,45.98,0.0,275.88,177.06,98.82,,E-commerce
T0000000253,2023-02-14,P00071,S00070,C0022358,6,45.98,45.98,0.0,275.88,177.06,98.82,,E-commerce
T0000000254,2023-02-14,P00071,S00070,C0024866,6,45.98,45.98,0.0,275.88,177.06,98.82,,E-commerce
T0000000255,2023-02-14,P00071,S00070,C0007973,6,45.98,45.98,0.0,275.88,177.06,98.82,,E-commerce
T0000000256,2023-02-14,P00071,S00070,C0024383,6,45.98,45.98,0.0,275.88,177.06,98.82,,E-commerce
T0000000257,2023-02-14,P00071,S00070,C0021070,6,45.98,45.98,0.0,275.88,177.06,98.82,,E-commerce
T0000000258,2023-02-14,P00071,S00070,C0013208,6,45.98,45.98,0.0,275.88,177.06,98.82,,E-commerce
T0000000259,2023-02-14,P00071,S00070,C0025633,6,45.98,45.98,0.0,275.88,177.06,98.82,,E-commerce
T0000000260,2023-02-14,P00071,S00070,C0022565,6,45.98,45.98,0.0,275.88,177.06,98.82,,E-commerce
T0000000261,2023-02-14,P00071,S00070,C0025912,5,45.98,45.98,0.0,229.9,147.55,82.35,,E-commerce
T0000000262,2023-02-14,P00071,S00070,C0013560,5,45.98,45.98,0.0,229.9,147.55,82.35,,E-commerce
T0000000263,2023-02-14,P00071,S00070,C0027804,5,45.98,45.98,0.0,229.9,147.55,82.35,,E-commerce
T0000000264,2023-02-14,P00071,S00070,C0010089,5,45.98,45.98,0.0,229.9,147.55,82.35,,E-commerce
T0000000265,2023-02-14,P00071,S00070,C0021921,5,45.98,45.98,0.0,229.9,147.55,82.35,,E-commerce
T0000000266,2023-02-14,P00071,S00070,C0020203,5,45.98,45.98,0.0,229.9,147.55,82.35,,E-commerce
T0000000267,2023-02-14,P00071,S00070,C0009646,5,45.98,45.98,0.0,229.9,147.55,82.35,,E-commerce
T0000000268,2023-02-14,P00071,S00070,C0013718,5,45.98,45.98,0.0,229.9,147.55,82.35,,E-commerce
T0000000269,2023-02-14,P00071,S00070,C0009365,5,45.98,45.98,0.0,229.9,147.55,82.35,,E-commerce
T0000000270,2023-01-01,P00168,S00169,C0015733,1,223.64,223.64,0.0,223.64,106.87,116.77,,Supermarket
T0000000271,2023-01-01,P00168,S00169,C0017484,1,223.64,223.64,0.0,223.64,106.87,116.77,,Supermarket
T0000000272,2023-03-24,P00079,S00101,C0014858,4,41.63,41.63,0.0,166.52,97.96,68.56,,Supermarket
T0000000273,2023-03-24,P00079,S00101,C0024001,4,41.63,41.63,0.0,166.52,97.96,68.56,,Supermarket
T0000000274,2023-03-24,P00079,S00101,C0007748,4,41.63,41.63,0.0,166.52,97.96,68.56,,Supermarket
T0000000275,2023-03-24,P00079,S00101,C0027837,4,41.63,41.63,0.0,166.52,97.96,68.56,,Supermarket
T0000000276,2023-03-24,P00079,S00101,C0021860,4,41.63,41.63,0.0,166.52,97.96,68.56,,Supermarket
T0000000277,2023-03-24,P00079,S00101,C0024677,4,41.63,41.63,0.0,166.52,97.96,68.56,,Supermarket
T0000000278,2023-03-24,P00079,S00101,C0019466,4,41.63,41.63,0.0,166.52,97.96,68.56,,Supermarket
T0000000279,2023-03-24,P00079,S00101,C0007904,4,41.63,41.63,0.0,166.52,97.96,68.56,,Supermarket
T0000000280,2023-03-24,P00079,S00101,C0014869,4,41.63,41.63,0.0,166.52,97.96,68.56,,Supermarket
T0000000281,2023-03-24,P00079,S00101,C0028637,4,41.63,41.63,0.0,166.52,97.96,68.56,,Supermarket
T0000000282,2023-03-24,P00079,S00101,C0015797,4,41.63,41.63,0.0,166.52,97.96,68.56,,Supermarket
T0000000283,2023-03-24,P00079,S00101,C0020740,4,41.63,41.63,0.0,166.52,97.96,68.56,,Supermarket
T0000000284,2023-03-24,P00079,S00101,C0002266,4,41.63,41.63,0.0,166.52,97.96,68.56,,Supermarket
T0000000285,2023-03-24,P00079,S00101,C0000854,4,41.63,41.63,0.0,166.52,97.96,68.56,,Supermarket
T0000000286,2023-03-24,P00079,S00101,C0024137,4,41.63,41.63,0.0,166.52,97.96,68.56,,Supermarket
T0000000287,2023-03-24,P00079,S00101,C0015446,3,41.63,41.63,0.0,124.89,73.47,51.42,,Supermarket
T0000000288,2023-03-24,P00079,S00101,C0011817,3,41.63,41.63,0.0,124.89,73.47,51.42,,Supermarket
T0000000289,2023-03-05,P00129,S00173,C0026984,3,370.15,310.74,16.05,932.22,636.15,296.07,PR0038975,Hypermarket
T0000000290,2023-03-05,P00129,S00173,C0012778,3,370.15,310.74,16.05,932.22,636.15,296.07,PR0038975,Hypermarket
T0000000291,2023-03-05,P00129,S00173,C0022788,3,370.15,310.74,16.05,932.22,636.15,296.07,PR0038975,Hypermarket
T0000000292,2023-03-05,P00129,S00173,C0013764,3,370.15,310.74,16.05,932.22,636.15,296.07,PR0038975,Hypermarket
T0000000293,2023-03-05,P00129,S00173,C0019929,3,370.15,310.74,16.05,932.22,636.15,296.07,PR0038975,Hypermarket
T0000000294,2023-03-05,P00129,S00173,C0029102,3,370.15,310.74,16.05,932.22,636.15,296.07,PR0038975,Hypermarket
T0000000295,2023-03-05,P00129,S00173,C0029398,3,370.15,310.74,16.05,932.22,636.15,296.07,PR0038975,Hypermarket
T0000000296,2023-03-05,P00129,S00173,C0005539,3,370.15,310.74,16.05,932.22,636.15,296.07,PR0038975,Hypermarket
T0000000297,2023-03-05,P00129,S00173,C0009658,3,370.15,310.74,16.05,932.22,636.15,296.07,PR0038975,Hypermarket
T0000000298,2023-03-05,P00129,S00173,C0003511,3,370.15,310.74,16.05,932.22,636.15,296.07,PR0038975,Hypermarket
T0000000299,2023-03-05,P00129,S00173,C0015323,3,370.15,310.74,16.05,932.22,636.15,296.07,PR0038975,Hypermarket
T0000000300,2023-03-05,P00129,S00173,C0006340,3,370.15,310.74,16.05,932.22,636.15,296.07,PR0038975,Hypermarket
T0000000301,2023-03-05,P00129,S00173,C0018720,3,370.15,310.74,16.05,932.22,636.15,296.07,PR0038975,Hypermarket
T0000000302,2023-03-05,P00129,S00173,C0008658,3,370.15,310.74,16.05,932.22,636.15,296.07,PR0038975,Hypermarket
T0000000303,2023-03-05,P00129,S00173,C0025073,3,370.15,310.74,16.05,932.22,636.15,296.07,PR0038975,Hypermarket
T0000000304,2023-03-05,P00129,S00173,C0017929,3,370.15,310.74,16.05,932.22,636.15,296.07,PR0038975,Hypermarket
T0000000305,2023-03-05,P00129,S00173,C0015339,3,370.15,310.74,16.05,932.22,636.15,296.07,PR0038975,Hypermarket
T0000000306,2023-03-05,P00129,S00173,C0027753,3,370.15,310.74,16.05,932.22,636.15,296.07,PR0038975,Hypermarket
T0000000307,2023-03-05,P00129,S00173,C0021772,3,370.15,310.74,16.05,932.22,636.15,296.07,PR0038975,Hypermarket
T0000000308,2023-03-05,P00129,S00173,C0026851,2,370.15,310.74,16.05,621.48,424.1,197.38,PR0038975,Hypermarket
T0000000309,2023-03-05,P00129,S00173,C0028616,2,370.15,310.74,16.05,621.48,424.1,197.38,PR0038975,Hypermarket
T0000000310,2023-03-05,P00129,S00173,C0020182,2,370.15,310.74,16.05,621.48,424.1,197.38,PR0038975,Hypermarket
T0000000311,2023-03-05,P00129,S00173,C0016415,2,370.15,310.74,16.05,621.48,424.1,197.38,PR0038975,Hypermarket
T0000000312,2023-03-05,P00129,S00173,C0021284,2,370.15,310.74,16.05,621.48,424.1,197.38,PR0038975,Hypermarket
T0000000313,2023-03-05,P00129,S00173,C0006362,2,370.15,310.74,16.05,621.48,424.1,197.38,PR0038975,Hypermarket
T0000000314,2023-01-05,P00215,S00177,C0014163,4,41.21,41.21,0.0,164.84,119.32,45.52,,Supermarket
T0000000315,2023-01-05,P00215,S00177,C0012471,4,41.21,41.21,0.0,164.84,119.32,45.52,,Supermarket
T0000000316,2023-01-05,P00215,S00177,C0007968,4,41.21,41.21,0.0,164.84,119.32,45.52,,Supermarket
T0000000317,2023-01-05,P00215,S00177,C0012642,4,41.21,41.21,0.0,164.84,119.32,45.52,,Supermarket
T0000000318,2023-01-05,P00215,S00177,C0002281,4,41.21,41.21,0.0,164.84,119.32,45.52,,Supermarket
T0000000319,2023-01-05,P00215,S00177,C0021840,4,41.21,41.21,0.0,164.84,119.32,45.52,,Supermarket
T0000000320,2023-01-05,P00215,S00177,C0028575,4,41.21,41.21,0.0,164.84,119.32,45.52,,Supermarket
T0000000321,2023-01-05,P00215,S00177,C0028721,3,41.21,41.21,0.0,123.63,89.49,34.14,,Supermarket
T0000000322,2023-01-05,P00215,S00177,C0018054,3,41.21,41.21,0.0,123.63,89.49,34.14,,Supermarket
T0000000323,2023-01-05,P00215,S00177,C0029058,3,41.21,41.21,0.0,123.63,89.49,34.14,,Supermarket
T0000000324,2023-01-05,P00215,S00177,C0003887,3,41.21,41.21,0.0,123.63,89.49,34.14,,Supermarket
T0000000325,2023-01-05,P00215,S00177,C0016360,3,41.21,41.21,0.0,123.63,89.49,34.14,,Supermarket
T0000000326,2023-01-05,P00215,S00177,C0013920,3,41.21,41.21,0.0,123.63,89.49,34.14,,Supermarket
T0000000327,2023-01-05,P00215,S00177,C0005890,3,41.21,41.21,0.0,123.63,89.49,34.14,,Supermarket
T0000000328,2023-01-05,P00215,S00177,C0009446,3,41.21,41.21,0.0,123.63,89.49,34.14,,Supermarket
T0000000329,2023-01-05,P00215,S00177,C0003063,3,41.21,41.21,0.0,123.63,89.49,34.14,,Supermarket
T0000000330,2023-01-05,P00215,S00177,C0020928,3,41.21,41.21,0.0,123.63,89.49,34.14,,Supermarket
T0000000331,2023-01-05,P00215,S00177,C0020660,3,41.21,41.21,0.0,123.63,89.49,34.14,,Supermarket
T0000000332,2023-01-05,P00215,S00177,C0022937,3,41.21,41.21,0.0,123.63,89.49,34.14,,Supermarket
T0000000333,2023-01-05,P00215,S00177,C0004074,3,41.21,41.21,0.0,123.63,89.49,34.14,,Supermarket
T0000000334,2023-01-05,P00215,S00177,C0021855,3,41.21,41.21,0.0,123.63,89.49,34.14,,Supermarket
T0000000335,2023-01-05,P00215,S00177,C0020401,3,41.21,41.21,0.0,123.63,89.49,34.14,,Supermarket
T0000000336,2023-01-05,P00215,S00177,C0011697,3,41.21,41.21,0.0,123.63,89.49,34.14,,Supermarket
T0000000337,2023-01-05,P00215,S00177,C0000196,3,41.21,41.21,0.0,123.63,89.49,34.14,,Supermarket
T0000000338,2023-01-05,P00215,S00177,C0005837,3,41.21,41.21,0.0,123.63,89.49,34.14,,Supermarket
T0000000339,2023-03-02,P00135,S00012,C0029226,2,227.47,227.47,0.0,454.94,273.66,181.28,,Supermarket
T0000000340,2023-03-02,P00135,S00012,C0000292,2,227.47,227.47,0.0,454.94,273.66,181.28,,Supermarket
T0000000341,2023-03-02,P00135,S00012,C0020387,2,227.47,227.47,0.0,454.94,273.66,181.28,,Supermarket
T0000000342,2023-03-02,P00135,S00012,C0004023,2,227.47,227.47,0.0,454.94,273.66,181.28,,Supermarket
T0000000343,2023-03-02,P00135,S00012,C0015832,2,227.47,227.47,0.0,454.94,273.66,181.28,,Supermarket
T0000000344,2023-03-02,P00135,S00012,C0015051,2,227.47,227.47,0.0,454.94,273.66,181.28,,Supermarket
T0000000345,2023-03-02,P00135,S00012,C0009505,2,227.47,227.47,0.0,454.94,273.66,181.28,,Supermarket
T0000000346,2023-03-02,P00135,S00012,C0004373,2,227.47,227.47,0.0,454.94,273.66,181.28,,Supermarket
T0000000347,2023-01-29,P00256,S00083,C0019260,1,63.52,63.52,0.0,63.52,41.51,22.01,,Convenience
T0000000348,2023-01-29,P00256,S00083,C0014056,1,63.52,63.52,0.0,63.52,41.51,22.01,,Convenience
T0000000349,2023-01-29,P00256,S00083,C0028039,1,63.52,63.52,0.0,63.52,41.51,22.01,,Convenience
T0000000350,2023-01-29,P00256,S00083,C0022650,1,63.52,63.52,0.0,63.52,41.51,22.01,,Convenience
T0000000351,2023-01-29,P00256,S00083,C0006142,1,63.52,63.52,0.0,63.52,41.51,22.01,,Convenience
T0000000352,2023-01-29,P00256,S00083,C0022385,1,63.52,63.52,0.0,63.52,41.51,22.01,,Convenience
T0000000353,2023-01-29,P00256,S00083,C0029318,1,63.52,63.52,0.0,63.52,41.51,22.01,,Convenience
T0000000354,2023-01-29,P00256,S00083,C0026290,1,63.52,63.52,0.0,63.52,41.51,22.01,,Convenience
T0000000355,2023-01-29,P00256,S00083,C0001943,1,63.52,63.52,0.0,63.52,41.51,22.01,,Convenience
T0000000356,2023-01-29,P00256,S00083,C0018815,1,63.52,63.52,0.0,63.52,41.51,22.01,,Convenience
T0000000357,2023-01-01,P00123,S00187,C0008990,6,369.51,369.51,0.0,2217.06,950.4,1266.66,,Wholesale
T0000000358,2023-01-01,P00123,S00187,C0014506,6,369.51,369.51,0.0,2217.06,950.4,1266.66,,Wholesale
T0000000359,2023-01-01,P00123,S00187,C0025542,6,369.51,369.51,0.0,2217.06,950.4,1266.66,,Wholesale
T0000000360,2023-01-01,P00123,S00187,C0014510,5,369.51,369.51,0.0,1847.55,792.0,1055.55,,Wholesale
T0000000361,2023-01-01,P00123,S00187,C0018655,5,369.51,369.51,0.0,1847.55,792.0,1055.55,,Wholesale
T0000000362,2023-01-01,P00123,S00187,C0020968,5,369.51,369.51,0.0,1847.55,792.0,1055.55,,Wholesale
T0000000363,2023-01-01,P00123,S00187,C0006773,5,369.51,369.51,0.0,1847.55,792.0,1055.55,,Wholesale
T0000000364,2023-01-01,P00123,S00187,C0000507,5,369.51,369.51,0.0,1847.55,792.0,1055.55,,Wholesale
T0000000365,2023-01-01,P00123,S00187,C0005700,5,369.51,369.51,0.0,1847.55,792.0,1055.55,,Wholesale
T0000000366,2023-01-01,P00123,S00187,C0010608,5,369.51,369.51,0.0,1847.55,792.0,1055.55,,Wholesale
T0000000367,2023-01-01,P00123,S00187,C0008160,5,369.51,369.51,0.0,1847.55,792.0,1055.55,,Wholesale
T0000000368,2023-01-01,P00123,S00187,C0014009,5,369.51,369.51,0.0,1847.55,792.0,1055.55,,Wholesale
T0000000369,2023-01-01,P00123,S00187,C0002656,5,369.51,369.51,0.0,1847.55,792.0,1055.55,,Wholesale
T0000000370,2023-01-01,P00123,S00187,C0014345,5,369.51,369.51,0.0,1847.55,792.0,1055.55,,Wholesale
T0000000371,2023-01-01,P00123,S00187,C0026347,5,369.51,369.51,0.0,1847.55,792.0,1055.55,,Wholesale
T0000000372,2023-01-01,P00123,S00187,C0004562,5,369.51,369.51,0.0,1847.55,792.0,1055.55,,Wholesale
T0000000373,2023-01-01,P00123,S00187,C0008340,5,369.51,369.51,0.0,1847.55,792.0,1055.55,,Wholesale
T0000000374,2023-01-01,P00123,S00187,C0028619,5,369.51,369.51,0.0,1847.55,792.0,1055.55,,Wholesale
T0000000375,2023-01-01,P00123,S00187,C0017899,5,369.51,369.51,0.0,1847.55,792.0,1055.55,,Wholesale
T0000000376,2023-01-01,P00123,S00187,C0027435,5,369.51,369.51,0.0,1847.55,792.0,1055.55,,Wholesale
T0000000377,2023-01-01,P00123,S00187,C0024781,5,369.51,369.51,0.0,1847.55,792.0,1055.55,,Wholesale
T0000000378,2023-01-01,P00123,S00187,C0018077,5,369.51,369.51,0.0,1847.55,792.0,1055.55,,Wholesale
T0000000379,2023-01-01,P00123,S00187,C0003868,5,369.51,369.51,0.0,1847.55,792.0,1055.55,,Wholesale
T0000000380,2023-01-01,P00123,S00187,C0013692,5,369.51,369.51,0.0,1847.55,792.0,1055.55,,Wholesale
T0000000381,2023-01-01,P00123,S00187,C0016071,5,369.51,369.51,0.0,1847.55,792.0,1055.55,,Wholesale
T0000000382,2023-02-10,P00078,S00110,C0006053,9,28.63,28.63,0.0,257.67,172.53,85.14,,Wholesale
T0000000383,2023-02-10,P00078,S00110,C0018790,9,28.63,28.63,0.0,257.67,172.53,85.14,,Wholesale
T0000000384,2023-02-10,P00078,S00110,C0028098,9,28.63,28.63,0.0,257.67,172.53,85.14,,Wholesale
T0000000385,2023-02-10,P00078,S00110,C0002969,9,28.63,28.63,0.0,257.67,172.53,85.14,,Wholesale
T0000000386,2023-02-10,P00078,S00110,C0001028,9,28.63,28.63,0.0,257.67,172.53,85.14,,Wholesale
T0000000387,2023-02-10,P00078,S00110,C0003900,9,28.63,28.63,0.0,257.67,172.53,85.14,,Wholesale
T0000000388,2023-02-10,P00078,S00110,C0021793,9,28.63,28.63,0.0,257.67,172.53,85.14,,Wholesale
T0000000389,2023-02-10,P00078,S00110,C0000072,9,28.63,28.63,0.0,257.67,172.53,85.14,,Wholesale
T0000000390,2023-02-10,P00078,S00110,C0006489,9,28.63,28.63,0.0,257.67,172.53,85.14,,Wholesale
T0000000391,2023-02-10,P00078,S00110,C0002902,9,28.63,28.63,0.0,257.67,172.53,85.14,,Wholesale
T0000000392,2023-02-10,P00078,S00110,C0028366,9,28.63,28.63,0.0,257.67,172.53,85.14,,Wholesale
T0000000393,2023-02-10,P00078,S00110,C0012533,9,28.63,28.63,0.0,257.67,172.53,85.14,,Wholesale
T0000000394,2023-02-10,P00078,S00110,C0015588,9,28.63,28.63,0.0,257.67,172.53,85.14,,Wholesale
T0000000395,2023-02-10,P00078,S00110,C0017192,9,28.63,28.63,0.0,257.67,172.53,85.14,,Wholesale
T0000000396,2023-02-10,P00078,S00110,C0022604,9,28.63,28.63,0.0,257.67,172.53,85.14,,Wholesale
T0000000397,2023-02-10,P00078,S00110,C0007802,9,28.63,28.63,0.0,257.67,172.53,85.14,,Wholesale
T0000000398,2023-02-10,P00078,S00110,C0006448,9,28.63,28.63,0.0,257.67,172.53,85.14,,Wholesale
T0000000399,2023-02-10,P00078,S00110,C0011417,9,28.63,28.63,0.0,257.67,172.53,85.14,,Wholesale
T0000000400,2023-02-10,P00078,S00110,C0006885,9,28.63,28.63,0.0,257.67,172.53,85.14,,Wholesale
T0000000401,2023-02-10,P00078,S00110,C0004911,9,28.63,28.63,0.0,257.67,172.53,85.14,,Wholesale
T0000000402,2023-02-10,P00078,S00110,C0019792,9,28.63,28.63,0.0,257.67,172.53,85.14,,Wholesale
T0000000403,2023-02-10,P00078,S00110,C0018915,9,28.63,28.63,0.0,257.67,172.53,85.14,,Wholesale
T0000000404,2023-02-10,P00078,S00110,C0002349,9,28.63,28.63,0.0,257.67,172.53,85.14,,Wholesale
T0000000405,2023-02-10,P00078,S00110,C0008068,9,28.63,28.63,0.0,257.67,172.53,85.14,,Wholesale
T0000000406,2023-02-10,P00078,S00110,C0005585,9,28.63,28.63,0.0,257.67,172.53,85.14,,Wholesale
T0000000407,2023-03-08,P00101,S00115,C0023685,11,91.34,91.34,0.0,1004.74,583.99,420.75,,Hypermarket
T0000000408,2023-03-08,P00101,S00115,C0021835,11,91.34,91.34,0.0,1004.74,583.99,420.75,,Hypermarket
T0000000409,2023-03-08,P00101,S00115,C0017404,11,91.34,91.34,0.0,1004.74,583.99,420.75,,Hypermarket
T0000000410,2023-03-08,P00101,S00115,C0001106,11,91.34,91.34,0.0,1004.74,583.99,420.75,,Hypermarket
T0000000411,2023-03-08,P00101,S00115,C0027510,11,91.34,91.34,0.0,1004.74,583.99,420.75,,Hypermarket
T0000000412,2023-03-08,P00101,S00115,C0027846,11,91.34,91.34,0.0,1004.74,583.99,420.75,,Hypermarket
T0000000413,2023-03-08,P00101,S00115,C0023943,11,91.34,91.34,0.0,1004.74,583.99,420.75,,Hypermarket
T0000000414,2023-03-08,P00101,S00115,C0010917,11,91.34,91.34,0.0,1004.74,583.99,420.75,,Hypermarket
T0000000415,2023-03-08,P00101,S00115,C0015013,11,91.34,91.34,0.0,1004.74,583.99,420.75,,Hypermarket
T0000000416,2023-03-08,P00101,S00115,C0002855,11,91.34,91.34,0.0,1004.74,583.99,420.75,,Hypermarket
T0000000417,2023-03-08,P00101,S00115,C0014006,11,91.34,91.34,0.0,1004.74,583.99,420.75,,Hypermarket
T0000000418,2023-03-08,P00101,S00115,C0001608,11,91.34,91.34,0.0,1004.74,583.99,420.75,,Hypermarket
T0000000419,2023-03-08,P00101,S00115,C0008993,11,91.34,91.34,0.0,1004.74,583.99,420.75,,Hypermarket
T0000000420,2023-03-08,P00101,S00115,C0019096,11,91.34,91.34,0.0,1004.74,583.99,420.75,,Hypermarket
T0000000421,2023-03-08,P00101,S00115,C0000689,10,91.34,91.34,0.0,913.4,530.9,382.5,,Hypermarket
T0000000422,2023-03-08,P00101,S00115,C0003093,10,91.34,91.34,0.0,913.4,530.9,382.5,,Hypermarket
T0000000423,2023-03-08,P00101,S00115,C0001253,10,91.34,91.34,0.0,913.4,530.9,382.5,,Hypermarket
T0000000424,2023-03-08,P00101,S00115,C0008098,10,91.34,91.34,0.0,913.4,530.9,382.5,,Hypermarket
T0000000425,2023-03-08,P00101,S00115,C0023352,10,91.34,91.34,0.0,913.4,530.9,382.5,,Hypermarket
T0000000426,2023-03-08,P00101,S00115,C0022061,10,91.34,91.34,0.0,913.4,530.9,382.5,,Hypermarket
T0000000427,2023-03-08,P00101,S00115,C0013333,10,91.34,91.34,0.0,913.4,530.9,382.5,,Hypermarket
T0000000428,2023-03-08,P00101,S00115,C0011289,10,91.34,91.34,0.0,913.4,530.9,382.5,,Hypermarket
T0000000429,2023-03-08,P00101,S00115,C0000125,10,91.34,91.34,0.0,913.4,530.9,382.5,,Hypermarket
T0000000430,2023-03-08,P00101,S00115,C0013248,10,91.34,91.34,0.0,913.4,530.9,382.5,,Hypermarket
T0000000431,2023-03-08,P00101,S00115,C0003790,10,91.34,91.34,0.0,913.4,530.9,382.5,,Hypermarket
T0000000432,2023-03-17,P00220,S00145,C0017672,3,231.6,231.6,0.0,694.8,493.29,201.51,,Hypermarket
T0000000433,2023-03-17,P00220,S00145,C0011060,2,231.6,231.6,0.0,463.2,328.86,134.34,,Hypermarket
T0000000434,2023-03-17,P00220,S00145,C0021082,2,231.6,231.6,0.0,463.2,328.86,134.34,,Hypermarket
T0000000435,2023-03-17,P00220,S00145,C0007159,2,231.6,231.6,0.0,463.2,328.86,134.34,,Hypermarket
T0000000436,2023-03-17,P00220,S00145,C0018219,2,231.6,231.6,0.0,463.2,328.86,134.34,,Hypermarket
T0000000437,2023-03-17,P00220,S00145,C0021619,2,231.6,231.6,0.0,463.2,328.86,134.34,,Hypermarket
T0000000438,2023-03-17,P00220,S00145,C0012349,2,231.6,231.6,0.0,463.2,328.86,134.34,,Hypermarket
T0000000439,2023-03-17,P00220,S00145,C0020062,2,231.6,231.6,0.0,463.2,328.86,134.34,,Hypermarket
T0000000440,2023-03-17,P00220,S00145,C0007117,2,231.6,231.6,0.0,463.2,328.86,134.34,,Hypermarket
T0000000441,2023-03-17,P00220,S00145,C0021464,2,231.6,231.6,0.0,463.2,328.86,134.34,,Hypermarket
T0000000442,2023-03-17,P00220,S00145,C0016182,2,231.6,231.6,0.0,463.2,328.86,134.34,,Hypermarket
T0000000443,2023-03-17,P00220,S00145,C0016159,2,231.6,231.6,0.0,463.2,328.86,134.34,,Hypermarket
T0000000444,2023-03-17,P00220,S00145,C0024433,2,231.6,231.6,0.0,463.2,328.86,134.34,,Hypermarket
T0000000445,2023-03-17,P00220,S00145,C0021863,2,231.6,231.6,0.0,463.2,328.86,134.34,,Hypermarket
T0000000446,2023-03-17,P00220,S00145,C0020084,2,231.6,231.6,0.0,463.2,328.86,134.34,,Hypermarket
T0000000447,2023-03-17,P00220,S00145,C0015172,2,231.6,231.6,0.0,463.2,328.86,134.34,,Hypermarket
T0000000448,2023-03-17,P00220,S00145,C0021832,2,231.6,231.6,0.0,463.2,328.86,134.34,,Hypermarket
T0000000449,2023-03-17,P00220,S00145,C0020268,2,231.6,231.6,0.0,463.2,328.86,134.34,,Hypermarket
T0000000450,2023-03-17,P00220,S00145,C0009720,2,231.6,231.6,0.0,463.2,328.86,134.34,,Hypermarket
T0000000451,2023-03-17,P00220,S00145,C0029175,2,231.6,231.6,0.0,463.2,328.86,134.34,,Hypermarket
T0000000452,2023-03-17,P00220,S00145,C0008880,2,231.6,231.6,0.0,463.2,328.86,134.34,,Hypermarket
T0000000453,2023-03-17,P00220,S00145,C0009581,2,231.6,231.6,0.0,463.2,328.86,134.34,,Hypermarket
T0000000454,2023-03-17,P00220,S00145,C0029044,2,231.6,231.6,0.0,463.2,328.86,134.34,,Hypermarket
T0000000455,2023-03-17,P00220,S00145,C0002897,2,231.6,231.6,0.0,463.2,328.86,134.34,,Hypermarket
T0000000456,2023-03-17,P00220,S00145,C0018624,2,231.6,231.6,0.0,463.2,328.86,134.34,,Hypermarket
T0000000457,2023-03-02,P00140,S00139,C0003371,5,286.36,286.36,0.0,1431.8,866.4,565.4,,Wholesale
T0000000458,2023-03-02,P00140,S00139,C0017536,5,286.36,286.36,0.0,1431.8,866.4,565.4,,Wholesale
T0000000459,2023-03-02,P00140,S00139,C0020520,5,286.36,286.36,0.0,1431.8,866.4,565.4,,Wholesale
T0000000460,2023-03-02,P00140,S00139,C0000854,5,286.36,286.36,0.0,1431.8,866.4,565.4,,Wholesale
T0000000461,2023-03-02,P00140,S00139,C0004132,5,286.36,286.36,0.0,1431.8,866.4,565.4,,Wholesale
T0000000462,2023-03-02,P00140,S00139,C0012437,5,286.36,286.36,0.0,1431.8,866.4,565.4,,Wholesale
T0000000463,2023-03-02,P00140,S00139,C0000343,5,286.36,286.36,0.0,1431.8,866.4,565.4,,Wholesale
T0000000464,2023-03-02,P00140,S00139,C0014366,5,286.36,286.36,0.0,1431.8,866.4,565.4,,Wholesale
T0000000465,2023-03-02,P00140,S00139,C0009025,5,286.36,286.36,0.0,1431.8,866.4,565.4,,Wholesale
T0000000466,2023-03-02,P00140,S00139,C0015822,5,286.36,286.36,0.0,1431.8,866.4,565.4,,Wholesale
T0000000467,2023-03-02,P00140,S00139,C0003733,5,286.36,286.36,0.0,1431.8,866.4,565.4,,Wholesale
T0000000468,2023-03-02,P00140,S00139,C0005216,5,286.36,286.36,0.0,1431.8,866.4,565.4,,Wholesale
T0000000469,2023-03-02,P00140,S00139,C0019331,5,286.36,286.36,0.0,1431.8,866.4,565.4,,Wholesale
T0000000470,2023-03-02,P00140,S00139,C0009576,5,286.36,286.36,0.0,1431.8,866.4,565.4,,Wholesale
T0000000471,2023-03-02,P00140,S00139,C0005597,5,286.36,286.36,0.0,1431.8,866.4,565.4,,Wholesale
T0000000472,2023-03-02,P00140,S00139,C0004543,5,286.36,286.36,0.0,1431.8,866.4,565.4,,Wholesale
T0000000473,2023-03-02,P00140,S00139,C0022498,5,286.36,286.36,0.0,1431.8,866.4,565.4,,Wholesale
T0000000474,2023-03-02,P00140,S00139,C0025176,5,286.36,286.36,0.0,1431.8,866.4,565.4,,Wholesale
T0000000475,2023-03-02,P00140,S00139,C0004447,5,286.36,286.36,0.0,1431.8,866.4,565.4,,Wholesale
T0000000476,2023-03-02,P00140,S00139,C0028116,5,286.36,286.36,0.0,1431.8,866.4,565.4,,Wholesale
T0000000477,2023-03-02,P00140,S00139,C0003925,5,286.36,286.36,0.0,1431.8,866.4,565.4,,Wholesale
T0000000478,2023-03-02,P00140,S00139,C0016620,5,286.36,286.36,0.0,1431.8,866.4,565.4,,Wholesale
T0000000479,2023-03-02,P00140,S00139,C0006980,4,286.36,286.36,0.0,1145.44,693.12,452.32,,Wholesale
T0000000480,2023-03-02,P00140,S00139,C0005145,4,286.36,286.36,0.0,1145.44,693.12,452.32,,Wholesale
T0000000481,2023-03-02,P00140,S00139,C0024883,4,286.36,286.36,0.0,1145.44,693.12,452.32,,Wholesale
T0000000482,2023-01-30,P00130,S00015,C0011838,1,326.37,326.37,0.0,326.37,164.87,161.5,,E-commerce
T0000000483,2023-01-30,P00130,S00015,C0020429,1,326.37,326.37,0.0,326.37,164.87,161.5,,E-commerce
T0000000484,2023-01-30,P00130,S00015,C0000919,1,326.37,326.37,0.0,326.37,164.87,161.5,,E-commerce
T0000000485,2023-01-30,P00130,S00015,C0026219,1,326.37,326.37,0.0,326.37,164.87,161.5,,E-commerce
T0000000486,2023-01-30,P00130,S00015,C0023166,1,326.37,326.37,0.0,326.37,164.87,161.5,,E-commerce
T0000000487,2023-01-30,P00130,S00015,C0005525,1,326.37,326.37,0.0,326.37,164.87,161.5,,E-commerce
T0000000488,2023-01-30,P00130,S00015,C0005790,1,326.37,326.37,0.0,326.37,164.87,161.5,,E-commerce
T0000000489,2023-01-30,P00130,S00015,C0027804,1,326.37,326.37,0.0,326.37,164.87,161.5,,E-commerce
T0000000490,2023-01-30,P00130,S00015,C0003578,1,326.37,326.37,0.0,326.37,164.87,161.5,,E-commerce
T0000000491,2023-01-30,P00130,S00015,C0001016,1,326.37,326.37,0.0,326.37,164.87,161.5,,E-commerce
T0000000492,2023-01-30,P00130,S00015,C0015699,1,326.37,326.37,0.0,326.37,164.87,161.5,,E-commerce
T0000000493,2023-01-30,P00130,S00015,C0024976,1,326.37,326.37,0.0,326.37,164.87,161.5,,E-commerce
T0000000494,2023-01-30,P00130,S00015,C0003055,1,326.37,326.37,0.0,326.37,164.87,161.5,,E-commerce
T0000000495,2023-01-30,P00130,S00015,C0012100,1,326.37,326.37,0.0,326.37,164.87,161.5,,E-commerce
T0000000496,2023-01-30,P00130,S00015,C0029259,1,326.37,326.37,0.0,326.37,164.87,161.5,,E-commerce
T0000000497,2023-01-30,P00130,S00015,C0001365,1,326.37,326.37,0.0,326.37,164.87,161.5,,E-commerce
T0000000498,2023-01-30,P00130,S00015,C0016047,1,326.37,326.37,0.0,326.37,164.87,161.5,,E-commerce
T0000000499,2023-01-30,P00130,S00015,C0018744,1,326.37,326.37,0.0,326.37,164.87,161.5,,E-commerce
T0000000500,2023-01-30,P00130,S00015,C0015652,1,326.37,326.37,0.0,326.37,164.87,161.5,,E-commerce
T0000000501,2023-01-30,P00130,S00015,C0022741,1,326.37,326.37,0.0,326.37,164.87,161.5,,E-commerce
T0000000502,2023-01-30,P00130,S00015,C0022721,1,326.37,326.37,0.0,326.37,164.87,161.5,,E-commerce
T0000000503,2023-01-30,P00130,S00015,C0017335,1,326.37,326.37,0.0,326.37,164.87,161.5,,E-commerce
T0000000504,2023-01-30,P00130,S00015,C0021042,1,326.37,326.37,0.0,326.37,164.87,161.5,,E-commerce
T0000000505,2023-01-30,P00130,S00015,C0016303,1,326.37,326.37,0.0,326.37,164.87,161.5,,E-commerce
T0000000506,2023-01-30,P00130,S00015,C0000713,1,326.37,326.37,0.0,326.37,164.87,161.5,,E-commerce
T0000000507,2023-02-15,P00132,S00176,C0013500,1,82.8,82.8,0.0,82.8,45.97,36.83,,E-commerce
T0000000508,2023-02-15,P00132,S00176,C0026728,1,82.8,82.8,0.0,82.8,45.97,36.83,,E-commerce
T0000000509,2023-02-15,P00132,S00176,C0018834,1,82.8,82.8,0.0,82.8,45.97,36.83,,E-commerce
T0000000510,2023-02-15,P00132,S00176,C0005382,1,82.8,82.8,0.0,82.8,45.97,36.83,,E-commerce
T0000000511,2023-02-15,P00132,S00176,C0014892,1,82.8,82.8,0.0,82.8,45.97,36.83,,E-commerce
T0000000512,2023-02-15,P00132,S00176,C0019845,1,82.8,82.8,0.0,82.8,45.97,36.83,,E-commerce
T0000000513,2023-02-15,P00132,S00176,C0018240,1,82.8,82.8,0.0,82.8,45.97,36.83,,E-commerce
T0000000514,2023-02-15,P00132,S00176,C0024611,1,82.8,82.8,0.0,82.8,45.97,36.83,,E-commerce
T0000000515,2023-02-15,P00132,S00176,C0012089,1,82.8,82.8,0.0,82.8,45.97,36.83,,E-commerce
T0000000516,2023-02-15,P00132,S00176,C0002998,1,82.8,82.8,0.0,82.8,45.97,36.83,,E-commerce
T0000000517,2023-02-22,P00164,S00092,C0008827,2,65.48,65.48,0.0,130.96,76.48,54.48,,Hypermarket
T0000000518,2023-02-22,P00164,S00092,C0009627,2,65.48,65.48,0.0,130.96,76.48,54.48,,Hypermarket
T0000000519,2023-02-22,P00164,S00092,C0025790,2,65.48,65.48,0.0,130.96,76.48,54.48,,Hypermarket
T0000000520,2023-02-22,P00164,S00092,C0024520,2,65.48,65.48,0.0,130.96,76.48,54.48,,Hypermarket
T0000000521,2023-02-22,P00164,S00092,C0004148,2,65.48,65.48,0.0,130.96,76.48,54.48,,Hypermarket
T0000000522,2023-02-22,P00164,S00092,C0021584,2,65.48,65.48,0.0,130.96,76.48,54.48,,Hypermarket
T0000000523,2023-02-22,P00164,S00092,C0019069,2,65.48,65.48,0.0,130.96,76.48,54.48,,Hypermarket
T0000000524,2023-02-22,P00164,S00092,C0019577,2,65.48,65.48,0.0,130.96,76.48,54.48,,Hypermarket
T0000000525,2023-02-22,P00164,S00092,C0009311,2,65.48,65.48,0.0,130.96,76.48,54.48,,Hypermarket
T0000000526,2023-02-22,P00164,S00092,C0003974,2,65.48,65.48,0.0,130.96,76.48,54.48,,Hypermarket
T0000000527,2023-02-22,P00164,S00092,C0015433,2,65.48,65.48,0.0,130.96,76.48,54.48,,Hypermarket
T0000000528,2023-02-22,P00164,S00092,C0028792,2,65.48,65.48,0.0,130.96,76.48,54.48,,Hypermarket
T0000000529,2023-02-22,P00164,S00092,C0019381,2,65.48,65.48,0.0,130.96,76.48,54.48,,Hypermarket
T0000000530,2023-02-22,P00164,S00092,C0020166,2,65.48,65.48,0.0,130.96,76.48,54.48,,Hypermarket
T0000000531,2023-02-22,P00164,S00092,C0011924,2,65.48,65.48,0.0,130.96,76.48,54.48,,Hypermarket
T0000000532,2023-02-22,P00164,S00092,C0008794,2,65.48,65.48,0.0,130.96,76.48,54.48,,Hypermarket
T0000000533,2023-02-22,P00164,S00092,C0011201,2,65.48,65.48,0.0,130.96,76.48,54.48,,Hypermarket
T0000000534,2023-02-22,P00164,S00092,C0027908,1,65.48,65.48,0.0,65.48,38.24,27.24,,Hypermarket
T0000000535,2023-02-16,P00042,S00148,C0002345,2,42.27,42.27,0.0,84.54,52.46,32.08,,Wholesale
T0000000536,2023-02-16,P00042,S00148,C0000568,2,42.27,42.27,0.0,84.54,52.46,32.08,,Wholesale
T0000000537,2023-02-16,P00042,S00148,C0004542,2,42.27,42.27,0.0,84.54,52.46,32.08,,Wholesale
T0000000538,2023-02-16,P00042,S00148,C0018173,2,42.27,42.27,0.0,84.54,52.46,32.08,,Wholesale
T0000000539,2023-02-16,P00042,S00148,C0003975,2,42.27,42.27,0.0,84.54,52.46,32.08,,Wholesale
T0000000540,2023-02-16,P00042,S00148,C0019668,2,42.27,42.27,0.0,84.54,52.46,32.08,,Wholesale
T0000000541,2023-02-16,P00042,S00148,C0028767,2,42.27,42.27,0.0,84.54,52.46,32.08,,Wholesale
T0000000542,2023-02-16,P00042,S00148,C0001426,2,42.27,42.27,0.0,84.54,52.46,32.08,,Wholesale
T0000000543,2023-02-16,P00042,S00148,C0003100,2,42.27,42.27,0.0,84.54,52.46,32.08,,Wholesale
T0000000544,2023-02-16,P00042,S00148,C0022553,2,42.27,42.27,0.0,84.54,52.46,32.08,,Wholesale
T0000000545,2023-02-16,P00042,S00148,C0024269,2,42.27,42.27,0.0,84.54,52.46,32.08,,Wholesale
T0000000546,2023-02-16,P00042,S00148,C0019381,2,42.27,42.27,0.0,84.54,52.46,32.08,,Wholesale
T0000000547,2023-02-26,P00278,S00048,C0029764,1,888.39,888.39,0.0,888.39,475.08,413.31,,Supermarket
T0000000548,2023-02-26,P00278,S00048,C0009269,1,888.39,888.39,0.0,888.39,475.08,413.31,,Supermarket
T0000000549,2023-02-26,P00278,S00048,C0006063,1,888.39,888.39,0.0,888.39,475.08,413.31,,Supermarket
T0000000550,2023-02-26,P00278,S00048,C0006600,1,888.39,888.39,0.0,888.39,475.08,413.31,,Supermarket
T0000000551,2023-02-26,P00278,S00048,C0001834,1,888.39,888.39,0.0,888.39,475.08,413.31,,Supermarket
T0000000552,2023-02-26,P00278,S00048,C0028671,1,888.39,888.39,0.0,888.39,475.08,413.31,,Supermarket
T0000000553,2023-02-26,P00278,S00048,C0008968,1,888.39,888.39,0.0,888.39,475.08,413.31,,Supermarket
T0000000554,2023-02-26,P00278,S00048,C0006775,1,888.39,888.39,0.0,888.39,475.08,413.31,,Supermarket
T0000000555,2023-02-26,P00278,S00048,C0022246,1,888.39,888.39,0.0,888.39,475.08,413.31,,Supermarket
T0000000556,2023-02-26,P00278,S00048,C0020758,1,888.39,888.39,0.0,888.39,475.08,413.31,,Supermarket
T0000000557,2023-02-26,P00278,S00048,C0010381,1,888.39,888.39,0.0,888.39,475.08,413.31,,Supermarket
T0000000558,2023-02-26,P00278,S00048,C0004554,1,888.39,888.39,0.0,888.39,475.08,413.31,,Supermarket
T0000000559,2023-02-26,P00278,S00048,C0020035,1,888.39,888.39,0.0,888.39,475.08,413.31,,Supermarket
T0000000560,2023-02-26,P00278,S00048,C0006996,1,888.39,888.39,0.0,888.39,475.08,413.31,,Supermarket
T0000000561,2023-02-26,P00278,S00048,C0018400,1,888.39,888.39,0.0,888.39,475.08,413.31,,Supermarket
T0000000562,2023-02-26,P00278,S00048,C0017881,1,888.39,888.39,0.0,888.39,475.08,413.31,,Supermarket
T0000000563,2023-02-26,P00278,S00048,C0012884,1,888.39,888.39,0.0,888.39,475.08,413.31,,Supermarket
T0000000564,2023-02-26,P00278,S00048,C0000862,1,888.39,888.39,0.0,888.39,475.08,413.31,,Supermarket
T0000000565,2023-02-26,P00278,S00048,C0011797,1,888.39,888.39,0.0,888.39,475.08,413.31,,Supermarket
T0000000566,2023-02-26,P00278,S00048,C0002300,1,888.39,888.39,0.0,888.39,475.08,413.31,,Supermarket
T0000000567,2023-02-26,P00278,S00048,C0025879,1,888.39,888.39,0.0,888.39,475.08,413.31,,Supermarket
T0000000568,2023-02-11,P00187,S00187,C0022154,2,155.51,145.38,6.51,290.76,198.62,92.14,PR0056382,Wholesale
T0000000569,2023-02-11,P00187,S00187,C0022692,2,155.51,145.38,6.51,290.76,198.62,92.14,PR0056382,Wholesale
T0000000570,2023-02-11,P00187,S00187,C0009618,2,155.51,145.38,6.51,290.76,198.62,92.14,PR0056382,Wholesale
T0000000571,2023-02-11,P00187,S00187,C0000728,2,155.51,145.38,6.51,290.76,198.62,92.14,PR0056382,Wholesale
T0000000572,2023-02-11,P00187,S00187,C0023204,2,155.51,145.38,6.51,290.76,198.62,92.14,PR0056382,Wholesale
T0000000573,2023-02-11,P00187,S00187,C0007429,2,155.51,145.38,6.51,290.76,198.62,92.14,PR0056382,Wholesale
T0000000574,2023-02-11,P00187,S00187,C0015787,2,155.51,145.38,6.51,290.76,198.62,92.14,PR0056382,Wholesale
T0000000575,2023-02-11,P00187,S00187,C0014592,2,155.51,145.38,6.51,290.76,198.62,92.14,PR0056382,Wholesale
T0000000576,2023-02-11,P00187,S00187,C0008378,2,155.51,145.38,6.51,290.76,198.62,92.14,PR0056382,Wholesale
T0000000577,2023-02-11,P00187,S00187,C0016454,2,155.51,145.38,6.51,290.76,198.62,92.14,PR0056382,Wholesale
T0000000578,2023-02-11,P00187,S00187,C0010398,2,155.51,145.38,6.51,290.76,198.62,92.14,PR0056382,Wholesale
T0000000579,2023-02-11,P00187,S00187,C0000243,2,155.51,145.38,6.51,290.76,198.62,92.14,PR0056382,Wholesale
T0000000580,2023-02-11,P00187,S00187,C0010313,2,155.51,145.38,6.51,290.76,198.62,92.14,PR0056382,Wholesale
T0000000581,2023-02-11,P00187,S00187,C0019737,2,155.51,145.38,6.51,290.76,198.62,92.14,PR0056382,Wholesale
T0000000582,2023-02-11,P00187,S00187,C0015511,2,155.51,145.38,6.51,290.76,198.62,92.14,PR0056382,Wholesale
T0000000583,2023-02-11,P00187,S00187,C0001729,2,155.51,145.38,6.51,290.76,198.62,92.14,PR0056382,Wholesale
T0000000584,2023-02-11,P00187,S00187,C0006599,2,155.51,145.38,6.51,290.76,198.62,92.14,PR0056382,Wholesale
T0000000585,2023-02-11,P00187,S00187,C0025388,2,155.51,145.38,6.51,290.76,198.62,92.14,PR0056382,Wholesale
T0000000586,2023-02-11,P00187,S00187,C0015424,2,155.51,145.38,6.51,290.76,198.62,92.14,PR0056382,Wholesale
T0000000587,2023-02-11,P00187,S00187,C0008861,2,155.51,145.38,6.51,290.76,198.62,92.14,PR0056382,Wholesale
T0000000588,2023-02-11,P00187,S00187,C0027026,2,155.51,145.38,6.51,290.76,198.62,92.14,PR0056382,Wholesale
T0000000589,2023-02-11,P00187,S00187,C0027138,2,155.51,145.38,6.51,290.76,198.62,92.14,PR0056382,Wholesale
T0000000590,2023-02-11,P00187,S00187,C0010428,2,155.51,145.38,6.51,290.76,198.62,92.14,PR0056382,Wholesale
T0000000591,2023-02-11,P00187,S00187,C0021129,1,155.51,145.38,6.51,145.38,99.31,46.07,PR0056382,Wholesale
T0000000592,2023-02-11,P00187,S00187,C0009377,1,155.51,145.38,6.51,145.38,99.31,46.07,PR0056382,Wholesale
T0000000593,2023-03-24,P00027,S00049,C0001123,2,93.15,93.15,0.0,186.3,123.32,62.98,,Convenience
T0000000594,2023-03-24,P00027,S00049,C0012098,2,93.15,93.15,0.0,186.3,123.32,62.98,,Convenience
T0000000595,2023-03-24,P00027,S00049,C0026714,2,93.15,93.15,0.0,186.3,123.32,62.98,,Convenience
T0000000596,2023-03-24,P00027,S00049,C0007695,2,93.15,93.15,0.0,186.3,123.32,62.98,,Convenience
T0000000597,2023-03-24,P00027,S00049,C0007717,2,93.15,93.15,0.0,186.3,123.32,62.98,,Convenience
T0000000598,2023-03-24,P00027,S00049,C0029887,2,93.15,93.15,0.0,186.3,123.32,62.98,,Convenience
T0000000599,2023-03-24,P00027,S00049,C0017378,2,93.15,93.15,0.0,186.3,123.32,62.98,,Convenience
T0000000600,2023-03-24,P00027,S00049,C0017866,2,93.15,93.15,0.0,186.3,123.32,62.98,,Convenience
T0000000601,2023-03-24,P00027,S00049,C0001927,2,93.15,93.15,0.0,186.3,123.32,62.98,,Convenience
T0000000602,2023-03-24,P00027,S00049,C0021075,2,93.15,93.15,0.0,186.3,123.32,62.98,,Convenience
T0000000603,2023-03-24,P00027,S00049,C0002350,2,93.15,93.15,0.0,186.3,123.32,62.98,,Convenience
T0000000604,2023-03-24,P00027,S00049,C0005298,2,93.15,93.15,0.0,186.3,123.32,62.98,,Convenience
T0000000605,2023-03-24,P00027,S00049,C0019700,2,93.15,93.15,0.0,186.3,123.32,62.98,,Convenience
T0000000606,2023-03-24,P00027,S00049,C0018295,1,93.15,93.15,0.0,93.15,61.66,31.49,,Convenience
T0000000607,2023-03-24,P00027,S00049,C0016338,1,93.15,93.15,0.0,93.15,61.66,31.49,,Convenience
T0000000608,2023-03-24,P00027,S00049,C0018805,1,93.15,93.15,0.0,93.15,61.66,31.49,,Convenience
T0000000609,2023-03-24,P00027,S00049,C0020777,1,93.15,93.15,0.0,93.15,61.66,31.49,,Convenience
T0000000610,2023-03-24,P00027,S00049,C0002586,1,93.15,93.15,0.0,93.15,61.66,31.49,,Convenience
T0000000611,2023-03-24,P00027,S00049,C0012427,1,93.15,93.15,0.0,93.15,61.66,31.49,,Convenience
T0000000612,2023-03-24,P00027,S00049,C0013630,1,93.15,93.15,0.0,93.15,61.66,31.49,,Convenience
T0000000613,2023-03-24,P00027,S00049,C0029300,1,93.15,93.15,0.0,93.15,61.66,31.49,,Convenience
T0000000614,2023-03-24,P00027,S00049,C0013508,1,93.15,93.15,0.0,93.15,61.66,31.49,,Convenience
T0000000615,2023-03-24,P00027,S00049,C0015435,1,93.15,93.15,0.0,93.15,61.66,31.49,,Convenience
T0000000616,2023-03-24,P00027,S00049,C0009453,1,93.15,93.15,0.0,93.15,61.66,31.49,,Convenience
T0000000617,2023-03-24,P00027,S00049,C0006628,1,93.15,93.15,0.0,93.15,61.66,31.49,,Convenience
T0000000618,2023-02-07,P00004,S00126,C0006300,9,37.11,37.11,0.0,333.99,202.77,131.22,,Hypermarket
T0000000619,2023-02-07,P00004,S00126,C0022919,9,37.11,37.11,0.0,333.99,202.77,131.22,,Hypermarket
T0000000620,2023-02-07,P00004,S00126,C0019856,8,37.11,37.11,0.0,296.88,180.24,116.64,,Hypermarket
T0000000621,2023-02-07,P00004,S00126,C0002704,8,37.11,37.11,0.0,296.88,180.24,116.64,,Hypermarket
T0000000622,2023-02-07,P00004,S00126,C0016356,8,37.11,37.11,0.0,296.88,180.24,116.64,,Hypermarket
T0000000623,2023-02-07,P00004,S00126,C0023381,8,37.11,37.11,0.0,296.88,180.24,116.64,,Hypermarket
T0000000624,2023-02-07,P00004,S00126,C0029220,8,37.11,37.11,0.0,296.88,180.24,116.64,,Hypermarket
T0000000625,2023-02-07,P00004,S00126,C0014855,8,37.11,37.11,0.0,296.88,180.24,116.64,,Hypermarket
T0000000626,2023-02-07,P00004,S00126,C0022805,8,37.11,37.11,0.0,296.88,180.24,116.64,,Hypermarket
T0000000627,2023-02-07,P00004,S00126,C0006618,8,37.11,37.11,0.0,296.88,180.24,116.64,,Hypermarket
T0000000628,2023-02-07,P00004,S00126,C0005850,8,37.11,37.11,0.0,296.88,180.24,116.64,,Hypermarket
T0000000629,2023-02-07,P00004,S00126,C0009385,8,37.11,37.11,0.0,296.88,180.24,116.64,,Hypermarket
T0000000630,2023-02-07,P00004,S00126,C0025737,8,37.11,37.11,0.0,296.88,180.24,116.64,,Hypermarket
T0000000631,2023-02-07,P00004,S00126,C0005277,8,37.11,37.11,0.0,296.88,180.24,116.64,,Hypermarket
T0000000632,2023-02-07,P00004,S00126,C0018139,8,37.11,37.11,0.0,296.88,180.24,116.64,,Hypermarket
T0000000633,2023-02-07,P00004,S00126,C0014826,8,37.11,37.11,0.0,296.88,180.24,116.64,,Hypermarket
T0000000634,2023-02-07,P00004,S00126,C0017400,8,37.11,37.11,0.0,296.88,180.24,116.64,,Hypermarket
T0000000635,2023-02-07,P00004,S00126,C0020582,8,37.11,37.11,0.0,296.88,180.24,116.64,,Hypermarket
T0000000636,2023-02-07,P00004,S00126,C0013679,8,37.11,37.11,0.0,296.88,180.24,116.64,,Hypermarket
T0000000637,2023-02-07,P00004,S00126,C0005879,8,37.11,37.11,0.0,296.88,180.24,116.64,,Hypermarket
T0000000638,2023-02-07,P00004,S00126,C0012516,8,37.11,37.11,0.0,296.88,180.24,116.64,,Hypermarket
T0000000639,2023-02-07,P00004,S00126,C0025080,8,37.11,37.11,0.0,296.88,180.24,116.64,,Hypermarket
T0000000640,2023-02-07,P00004,S00126,C0013071,8,37.11,37.11,0.0,296.88,180.24,116.64,,Hypermarket
T0000000641,2023-02-07,P00004,S00126,C0028471,8,37.11,37.11,0.0,296.88,180.24,116.64,,Hypermarket
T0000000642,2023-02-07,P00004,S00126,C0029094,8,37.11,37.11,0.0,296.88,180.24,116.64,,Hypermarket
T0000000643,2023-03-26,P00278,S00176,C0027017,2,876.33,876.33,0.0,1752.66,950.16,802.5,,E-commerce
T0000000644,2023-03-26,P00278,S00176,C0020625,2,876.33,876.33,0.0,1752.66,950.16,802.5,,E-commerce
T0000000645,2023-03-26,P00278,S00176,C0010602,2,876.33,876.33,0.0,1752.66,950.16,802.5,,E-commerce
T0000000646,2023-03-26,P00278,S00176,C0014697,2,876.33,876.33,0.0,1752.66,950.16,802.5,,E-commerce
T0000000647,2023-03-26,P00278,S00176,C0021022,2,876.33,876.33,0.0,1752.66,950.16,802.5,,E-commerce
T0000000648,2023-03-26,P00278,S00176,C0020863,1,876.33,876.33,0.0,876.33,475.08,401.25,,E-commerce
T0000000649,2023-03-15,P00118,S00184,C0020610,2,191.56,191.56,0.0,383.12,225.24,157.88,,Supermarket
T0000000650,2023-03-15,P00118,S00184,C0002390,2,191.56,191.56,0.0,383.12,225.24,157.88,,Supermarket
T0000000651,2023-03-15,P00118,S00184,C0028861,2,191.56,191.56,0.0,383.12,225.24,157.88,,Supermarket
T0000000652,2023-03-15,P00118,S00184,C0016121,2,191.56,191.56,0.0,383.12,225.24,157.88,,Supermarket
T0000000653,2023-03-15,P00118,S00184,C0007431,2,191.56,191.56,0.0,383.12,225.24,157.88,,Supermarket
T0000000654,2023-03-15,P00118,S00184,C0014832,2,191.56,191.56,0.0,383.12,225.24,157.88,,Supermarket
T0000000655,2023-03-15,P00118,S00184,C0022615,1,191.56,191.56,0.0,191.56,112.62,78.94,,Supermarket
T0000000656,2023-01-22,P00098,S00071,C0015645,6,63.53,63.53,0.0,381.18,237.12,144.06,,Wholesale
T0000000657,2023-01-22,P00098,S00071,C0028202,6,63.53,63.53,0.0,381.18,237.12,144.06,,Wholesale
T0000000658,2023-01-22,P00098,S00071,C0001202,6,63.53,63.53,0.0,381.18,237.12,144.06,,Wholesale
T0000000659,2023-01-22,P00098,S00071,C0028057,6,63.53,63.53,0.0,381.18,237.12,144.06,,Wholesale
T0000000660,2023-01-22,P00098,S00071,C0008077,6,63.53,63.53,0.0,381.18,237.12,144.06,,Wholesale
T0000000661,2023-01-22,P00098,S00071,C0007930,6,63.53,63.53,0.0,381.18,237.12,144.06,,Wholesale
T0000000662,2023-01-22,P00098,S00071,C0017112,6,63.53,63.53,0.0,381.18,237.12,144.06,,Wholesale
T0000000663,2023-01-22,P00098,S00071,C0018199,6,63.53,63.53,0.0,381.18,237.12,144.06,,Wholesale
T0000000664,2023-01-22,P00098,S00071,C0020792,6,63.53,63.53,0.0,381.18,237.12,144.06,,Wholesale
T0000000665,2023-01-22,P00098,S00071,C0006763,5,63.53,63.53,0.0,317.65,197.6,120.05,,Wholesale
T0000000666,2023-01-22,P00098,S00071,C0022145,5,63.53,63.53,0.0,317.65,197.6,120.05,,Wholesale
T0000000667,2023-01-22,P00098,S00071,C0016157,5,63.53,63.53,0.0,317.65,197.6,120.05,,Wholesale
T0000000668,2023-01-22,P00098,S00071,C0023305,5,63.53,63.53,0.0,317.65,197.6,120.05,,Wholesale
T0000000669,2023-01-22,P00098,S00071,C0007247,5,63.53,63.53,0.0,317.65,197.6,120.05,,Wholesale
T0000000670,2023-01-22,P00098,S00071,C0017670,5,63.53,63.53,0.0,317.65,197.6,120.05,,Wholesale
T0000000671,2023-01-22,P00098,S00071,C0002379,5,63.53,63.53,0.0,317.65,197.6,120.05,,Wholesale
T0000000672,2023-01-22,P00098,S00071,C0002824,5,63.53,63.53,0.0,317.65,197.6,120.05,,Wholesale
T0000000673,2023-01-22,P00098,S00071,C0014235,5,63.53,63.53,0.0,317.65,197.6,120.05,,Wholesale
T0000000674,2023-01-22,P00098,S00071,C0002619,5,63.53,63.53,0.0,317.65,197.6,120.05,,Wholesale
T0000000675,2023-01-22,P00098,S00071,C0017014,5,63.53,63.53,0.0,317.65,197.6,120.05,,Wholesale
T0000000676,2023-01-22,P00098,S00071,C0003948,5,63.53,63.53,0.0,317.65,197.6,120.05,,Wholesale
T0000000677,2023-01-22,P00098,S00071,C0021195,5,63.53,63.53,0.0,317.65,197.6,120.05,,Wholesale
T0000000678,2023-01-22,P00098,S00071,C0023502,5,63.53,63.53,0.0,317.65,197.6,120.05,,Wholesale
T0000000679,2023-01-22,P00098,S00071,C0020170,5,63.53,63.53,0.0,317.65,197.6,120.05,,Wholesale
T0000000680,2023-01-22,P00098,S00071,C0010220,5,63.53,63.53,0.0,317.65,197.6,120.05,,Wholesale
T0000000681,2023-01-06,P00096,S00135,C0000249,6,42.52,42.52,0.0,255.12,150.48,104.64,,E-commerce
T0000000682,2023-01-06,P00096,S00135,C0021067,6,42.52,42.52,0.0,255.12,150.48,104.64,,E-commerce
T0000000683,2023-01-06,P00096,S00135,C0007397,6,42.52,42.52,0.0,255.12,150.48,104.64,,E-commerce
T0000000684,2023-01-06,P00096,S00135,C0022134,6,42.52,42.52,0.0,255.12,150.48,104.64,,E-commerce
T0000000685,2023-01-06,P00096,S00135,C0016013,5,42.52,42.52,0.0,212.6,125.4,87.2,,E-commerce
T0000000686,2023-01-06,P00096,S00135,C0003205,5,42.52,42.52,0.0,212.6,125.4,87.2,,E-commerce
T0000000687,2023-01-06,P00096,S00135,C0024941,5,42.52,42.52,0.0,212.6,125.4,87.2,,E-commerce
T0000000688,2023-01-06,P00096,S00135,C0018773,5,42.52,42.52,0.0,212.6,125.4,87.2,,E-commerce
T0000000689,2023-01-06,P00096,S00135,C0008429,5,42.52,42.52,0.0,212.6,125.4,87.2,,E-commerce
T0000000690,2023-01-06,P00096,S00135,C0010951,5,42.52,42.52,0.0,212.6,125.4,87.2,,E-commerce
T0000000691,2023-01-06,P00096,S00135,C0020512,5,42.52,42.52,0.0,212.6,125.4,87.2,,E-commerce
T0000000692,2023-01-06,P00096,S00135,C0009650,5,42.52,42.52,0.0,212.6,125.4,87.2,,E-commerce
T0000000693,2023-01-06,P00096,S00135,C0022880,5,42.52,42.52,0.0,212.6,125.4,87.2,,E-commerce
T0000000694,2023-01-06,P00096,S00135,C0017033,5,42.52,42.52,0.0,212.6,125.4,87.2,,E-commerce
T0000000695,2023-01-06,P00096,S00135,C0022655,5,42.52,42.52,0.0,212.6,125.4,87.2,,E-commerce
T0000000696,2023-01-06,P00096,S00135,C0011486,5,42.52,42.52,0.0,212.6,125.4,87.2,,E-commerce
T0000000697,2023-01-06,P00096,S00135,C0015452,5,42.52,42.52,0.0,212.6,125.4,87.2,,E-commerce
T0000000698,2023-01-06,P00096,S00135,C0023595,5,42.52,42.52,0.0,212.6,125.4,87.2,,E-commerce
T0000000699,2023-01-06,P00096,S00135,C0010587,5,42.52,42.52,0.0,212.6,125.4,87.2,,E-commerce
T0000000700,2023-01-06,P00096,S00135,C0018827,5,42.52,42.52,0.0,212.6,125.4,87.2,,E-commerce
T0000000701,2023-01-06,P00096,S00135,C0014157,5,42.52,42.52,0.0,212.6,125.4,87.2,,E-commerce
T0000000702,2023-01-06,P00096,S00135,C0004267,5,42.52,42.52,0.0,212.6,125.4,87.2,,E-commerce
T0000000703,2023-01-06,P00096,S00135,C0016988,5,42.52,42.52,0.0,212.6,125.4,87.2,,E-commerce
T0000000704,2023-01-06,P00096,S00135,C0001617,5,42.52,42.52,0.0,212.6,125.4,87.2,,E-commerce
T0000000705,2023-01-06,P00096,S00135,C0002425,5,42.52,42.52,0.0,212.6,125.4,87.2,,E-commerce
T0000000706,2023-01-04,P00259,S00163,C0005055,16,63.88,63.88,0.0,1022.08,689.12,332.96,,E-commerce
T0000000707,2023-01-04,P00259,S00163,C0005378,16,63.88,63.88,0.0,1022.08,689.12,332.96,,E-commerce
T0000000708,2023-01-04,P00259,S00163,C0022523,16,63.88,63.88,0.0,1022.08,689.12,332.96,,E-commerce
T0000000709,2023-01-04,P00259,S00163,C0003335,16,63.88,63.88,0.0,1022.08,689.12,332.96,,E-commerce
T0000000710,2023-01-04,P00259,S00163,C0020478,16,63.88,63.88,0.0,1022.08,689.12,332.96,,E-commerce
T0000000711,2023-01-04,P00259,S00163,C0027191,16,63.88,63.88,0.0,1022.08,689.12,332.96,,E-commerce
T0000000712,2023-01-04,P00259,S00163,C0021567,16,63.88,63.88,0.0,1022.08,689.12,332.96,,E-commerce
T0000000713,2023-01-04,P00259,S00163,C0000563,16,63.88,63.88,0.0,1022.08,689.12,332.96,,E-commerce
T0000000714,2023-01-04,P00259,S00163,C0027871,16,63.88,63.88,0.0,1022.08,689.12,332.96,,E-commerce
T0000000715,2023-01-04,P00259,S00163,C0028788,16,63.88,63.88,0.0,1022.08,689.12,332.96,,E-commerce
T0000000716,2023-01-04,P00259,S00163,C0003400,16,63.88,63.88,0.0,1022.08,689.12,332.96,,E-commerce
T0000000717,2023-01-04,P00259,S00163,C0000766,16,63.88,63.88,0.0,1022.08,689.12,332.96,,E-commerce
T0000000718,2023-01-04,P00259,S00163,C0012451,16,63.88,63.88,0.0,1022.08,689.12,332.96,,E-commerce
T0000000719,2023-01-04,P00259,S00163,C0024562,16,63.88,63.88,0.0,1022.08,689.12,332.96,,E-commerce
T0000000720,2023-01-04,P00259,S00163,C0022746,16,63.88,63.88,0.0,1022.08,689.12,332.96,,E-commerce
T0000000721,2023-01-04,P00259,S00163,C0009608,16,63.88,63.88,0.0,1022.08,689.12,332.96,,E-commerce
T0000000722,2023-01-04,P00259,S00163,C0018215,16,63.88,63.88,0.0,1022.08,689.12,332.96,,E-commerce
T0000000723,2023-01-04,P00259,S00163,C0016179,16,63.88,63.88,0.0,1022.08,689.12,332.96,,E-commerce
T0000000724,2023-01-04,P00259,S00163,C0004084,16,63.88,63.88,0.0,1022.08,689.12,332.96,,E-commerce
T0000000725,2023-01-04,P00259,S00163,C0023222,16,63.88,63.88,0.0,1022.08,689.12,332.96,,E-commerce
T0000000726,2023-01-04,P00259,S00163,C0022530,16,63.88,63.88,0.0,1022.08,689.12,332.96,,E-commerce
T0000000727,2023-01-04,P00259,S00163,C0017312,15,63.88,63.88,0.0,958.2,646.05,312.15,,E-commerce
T0000000728,2023-01-04,P00259,S00163,C0006363,15,63.88,63.88,0.0,958.2,646.05,312.15,,E-commerce
T0000000729,2023-01-04,P00259,S00163,C0015130,15,63.88,63.88,0.0,958.2,646.05,312.15,,E-commerce
T0000000730,2023-01-04,P00259,S00163,C0011402,15,63.88,63.88,0.0,958.2,646.05,312.15,,E-commerce
T0000000731,2023-01-06,P00023,S00121,C0004450,2,87.31,87.31,0.0,174.62,100.72,73.9,,Supermarket
T0000000732,2023-01-06,P00023,S00121,C0007890,2,87.31,87.31,0.0,174.62,100.72,73.9,,Supermarket
T0000000733,2023-01-06,P00023,S00121,C0019799,2,87.31,87.31,0.0,174.62,100.72,73.9,,Supermarket
T0000000734,2023-01-06,P00023,S00121,C0024564,2,87.31,87.31,0.0,174.62,100.72,73.9,,Supermarket
T0000000735,2023-01-06,P00023,S00121,C0012855,2,87.31,87.31,0.0,174.62,100.72,73.9,,Supermarket
T0000000736,2023-01-06,P00023,S00121,C0007321,2,87.31,87.31,0.0,174.62,100.72,73.9,,Supermarket
T0000000737,2023-01-06,P00023,S00121,C0021683,2,87.31,87.31,0.0,174.62,100.72,73.9,,Supermarket
T0000000738,2023-01-06,P00023,S00121,C0010673,2,87.31,87.31,0.0,174.62,100.72,73.9,,Supermarket
T0000000739,2023-01-06,P00023,S00121,C0004626,2,87.31,87.31,0.0,174.62,100.72,73.9,,Supermarket
T0000000740,2023-01-06,P00023,S00121,C0003649,2,87.31,87.31,0.0,174.62,100.72,73.9,,Supermarket
T0000000741,2023-01-06,P00023,S00121,C0007347,2,87.31,87.31,0.0,174.62,100.72,73.9,,Supermarket
T0000000742,2023-01-06,P00023,S00121,C0006261,2,87.31,87.31,0.0,174.62,100.72,73.9,,Supermarket
T0000000743,2023-01-06,P00023,S00121,C0022586,2,87.31,87.31,0.0,174.62,100.72,73.9,,Supermarket
T0000000744,2023-01-06,P00023,S00121,C0011329,2,87.31,87.31,0.0,174.62,100.72,73.9,,Supermarket
T0000000745,2023-01-06,P00023,S00121,C0017427,2,87.31,87.31,0.0,174.62,100.72,73.9,,Supermarket
T0000000746,2023-01-06,P00023,S00121,C0023313,2,87.31,87.31,0.0,174.62,100.72,73.9,,Supermarket
T0000000747,2023-01-06,P00023,S00121,C0024250,2,87.31,87.31,0.0,174.62,100.72,73.9,,Supermarket
T0000000748,2023-01-06,P00023,S00121,C0025154,2,87.31,87.31,0.0,174.62,100.72,73.9,,Supermarket
T0000000749,2023-01-06,P00023,S00121,C0027858,2,87.31,87.31,0.0,174.62,100.72,73.9,,Supermarket
T0000000750,2023-01-06,P00023,S00121,C0018445,2,87.31,87.31,0.0,174.62,100.72,73.9,,Supermarket
T0000000751,2023-01-06,P00023,S00121,C0002182,2,87.31,87.31,0.0,174.62,100.72,73.9,,Supermarket
T0000000752,2023-01-06,P00023,S00121,C0029775,2,87.31,87.31,0.0,174.62,100.72,73.9,,Supermarket
T0000000753,2023-01-06,P00023,S00121,C0025384,2,87.31,87.31,0.0,174.62,100.72,73.9,,Supermarket
T0000000754,2023-01-06,P00023,S00121,C0015341,1,87.31,87.31,0.0,87.31,50.36,36.95,,Supermarket
T0000000755,2023-01-06,P00023,S00121,C0001194,1,87.31,87.31,0.0,87.31,50.36,36.95,,Supermarket
T0000000756,2023-01-23,P00028,S00023,C0019835,9,52.79,52.79,0.0,475.11,330.21,144.9,,E-commerce
T0000000757,2023-01-23,P00028,S00023,C0029284,9,52.79,52.79,0.0,475.11,330.21,144.9,,E-commerce
T0000000758,2023-01-23,P00028,S00023,C0014119,9,52.79,52.79,0.0,475.11,330.21,144.9,,E-commerce
T0000000759,2023-01-23,P00028,S00023,C0025707,9,52.79,52.79,0.0,475.11,330.21,144.9,,E-commerce
T0000000760,2023-01-23,P00028,S00023,C0021714,9,52.79,52.79,0.0,475.11,330.21,144.9,,E-commerce
T0000000761,2023-01-23,P00028,S00023,C0004276,9,52.79,52.79,0.0,475.11,330.21,144.9,,E-commerce
T0000000762,2023-01-23,P00028,S00023,C0012363,9,52.79,52.79,0.0,475.11,330.21,144.9,,E-commerce
T0000000763,2023-01-23,P00028,S00023,C0026154,9,52.79,52.79,0.0,475.11,330.21,144.9,,E-commerce
T0000000764,2023-01-23,P00028,S00023,C0007442,9,52.79,52.79,0.0,475.11,330.21,144.9,,E-commerce
T0000000765,2023-01-23,P00028,S00023,C0012727,9,52.79,52.79,0.0,475.11,330.21,144.9,,E-commerce
T0000000766,2023-01-23,P00028,S00023,C0023498,9,52.79,52.79,0.0,475.11,330.21,144.9,,E-commerce
T0000000767,2023-01-23,P00028,S00023,C0025837,9,52.79,52.79,0.0,475.11,330.21,144.9,,E-commerce
T0000000768,2023-01-23,P00028,S00023,C0027636,9,52.79,52.79,0.0,475.11,330.21,144.9,,E-commerce
T0000000769,2023-01-23,P00028,S00023,C0004374,9,52.79,52.79,0.0,475.11,330.21,144.9,,E-commerce
T0000000770,2023-01-23,P00028,S00023,C0029368,9,52.79,52.79,0.0,475.11,330.21,144.9,,E-commerce
T0000000771,2023-01-23,P00028,S00023,C0002607,9,52.79,52.79,0.0,475.11,330.21,144.9,,E-commerce
T0000000772,2023-01-23,P00028,S00023,C0002020,9,52.79,52.79,0.0,475.11,330.21,144.9,,E-commerce
T0000000773,2023-01-23,P00028,S00023,C0029731,9,52.79,52.79,0.0,475.11,330.21,144.9,,E-commerce
T0000000774,2023-01-23,P00028,S00023,C0003253,9,52.79,52.79,0.0,475.11,330.21,144.9,,E-commerce
T0000000775,2023-01-23,P00028,S00023,C0015003,9,52.79,52.79,0.0,475.11,330.21,144.9,,E-commerce
T0000000776,2023-01-23,P00028,S00023,C0014700,9,52.79,52.79,0.0,475.11,330.21,144.9,,E-commerce
T0000000777,2023-01-23,P00028,S00023,C0019859,9,52.79,52.79,0.0,475.11,330.21,144.9,,E-commerce
T0000000778,2023-01-23,P00028,S00023,C0027456,9,52.79,52.79,0.0,475.11,330.21,144.9,,E-commerce
T0000000779,2023-01-23,P00028,S00023,C0009146,9,52.79,52.79,0.0,475.11,330.21,144.9,,E-commerce
T0000000780,2023-01-23,P00028,S00023,C0000058,8,52.79,52.79,0.0,422.32,293.52,128.8,,E-commerce
T0000000781,2023-03-15,P00259,S00188,C0020148,18,64.9,45.91,29.26,826.38,775.26,51.12,PR0078825,E-commerce
T0000000782,2023-03-15,P00259,S00188,C0019628,18,64.9,45.91,29.26,826.38,775.26,51.12,PR0078825,E-commerce
T0000000783,2023-03-15,P00259,S00188,C0019563,18,64.9,45.91,29.26,826.38,775.26,51.12,PR0078825,E-commerce
T0000000784,2023-03-15,P00259,S00188,C0022418,18,64.9,45.91,29.26,826.38,775.26,51.12,PR0078825,E-commerce
T0000000785,2023-03-15,P00259,S00188,C0028768,17,64.9,45.91,29.26,780.47,732.19,48.28,PR0078825,E-commerce
T0000000786,2023-03-15,P00259,S00188,C0004399,17,64.9,45.91,29.26,780.47,732.19,48.28,PR0078825,E-commerce
T0000000787,2023-03-15,P00259,S00188,C0020956,17,64.9,45.91,29.26,780.47,732.19,48.28,PR0078825,E-commerce
T0000000788,2023-03-15,P00259,S00188,C0008544,17,64.9,45.91,29.26,780.47,732.19,48.28,PR0078825,E-commerce
T0000000789,2023-03-15,P00259,S00188,C0023041,17,64.9,45.91,29.26,780.47,732.19,48.28,PR0078825,E-commerce
T0000000790,2023-03-15,P00259,S00188,C0017626,17,64.9,45.91,29.26,780.47,732.19,48.28,PR0078825,E-commerce
T0000000791,2023-03-15,P00259,S00188,C0007098,17,64.9,45.91,29.26,780.47,732.19,48.28,PR0078825,E-commerce
T0000000792,2023-03-15,P00259,S00188,C0005755,17,64.9,45.91,29.26,780.47,732.19,48.28,PR0078825,E-commerce
T0000000793,2023-03-15,P00259,S00188,C0020869,17,64.9,45.91,29.26,780.47,732.19,48.28,PR0078825,E-commerce
T0000000794,2023-03-15,P00259,S00188,C0010501,17,64.9,45.91,29.26,780.47,732.19,48.28,PR0078825,E-commerce
T0000000795,2023-03-15,P00259,S00188,C0022580,17,64.9,45.91,29.26,780.47,732.19,48.28,PR0078825,E-commerce
T0000000796,2023-03-15,P00259,S00188,C0017290,17,64.9,45.91,29.26,780.47,732.19,48.28,PR0078825,E-commerce
T0000000797,2023-03-15,P00259,S00188,C0002252,17,64.9,45.91,29.26,780.47,732.19,48.28,PR0078825,E-commerce
T0000000798,2023-03-15,P00259,S00188,C0003364,17,64.9,45.91,29.26,780.47,732.19,48.28,PR0078825,E-commerce
T0000000799,2023-03-15,P00259,S00188,C0026384,17,64.9,45.91,29.26,780.47,732.19,48.28,PR0078825,E-commerce
T0000000800,2023-03-15,P00259,S00188,C0029490,17,64.9,45.91,29.26,780.47,732.19,48.28,PR0078825,E-commerce
T0000000801,2023-03-15,P00259,S00188,C0017622,17,64.9,45.91,29.26,780.47,732.19,48.28,PR0078825,E-commerce
T0000000802,2023-03-15,P00259,S00188,C0010720,17,64.9,45.91,29.26,780.47,732.19,48.28,PR0078825,E-commerce
T0000000803,2023-03-15,P00259,S00188,C0018532,17,64.9,45.91,29.26,780.47,732.19,48.28,PR0078825,E-commerce
T0000000804,2023-03-15,P00259,S00188,C0004404,17,64.9,45.91,29.26,780.47,732.19,48.28,PR0078825,E-commerce
T0000000805,2023-03-15,P00259,S00188,C0009653,17,64.9,45.91,29.26,780.47,732.19,48.28,PR0078825,E-commerce
T0000000806,2023-03-06,P00253,S00027,C0004053,2,81.03,81.03,0.0,162.06,107.32,54.74,,E-commerce
T0000000807,2023-03-06,P00253,S00027,C0019448,2,81.03,81.03,0.0,162.06,107.32,54.74,,E-commerce
T0000000808,2023-03-06,P00253,S00027,C0015919,2,81.03,81.03,0.0,162.06,107.32,54.74,,E-commerce
T0000000809,2023-03-06,P00253,S00027,C0008032,2,81.03,81.03,0.0,162.06,107.32,54.74,,E-commerce
T0000000810,2023-03-06,P00253,S00027,C0014705,2,81.03,81.03,0.0,162.06,107.32,54.74,,E-commerce
T0000000811,2023-03-06,P00253,S00027,C0006141,2,81.03,81.03,0.0,162.06,107.32,54.74,,E-commerce
T0000000812,2023-03-06,P00253,S00027,C0000251,2,81.03,81.03,0.0,162.06,107.32,54.74,,E-commerce
T0000000813,2023-03-06,P00253,S00027,C0021177,2,81.03,81.03,0.0,162.06,107.32,54.74,,E-commerce
T0000000814,2023-03-06,P00253,S00027,C0027159,2,81.03,81.03,0.0,162.06,107.32,54.74,,E-commerce
T0000000815,2023-03-06,P00253,S00027,C0024103,2,81.03,81.03,0.0,162.06,107.32,54.74,,E-commerce
T0000000816,2023-03-06,P00253,S00027,C0011202,2,81.03,81.03,0.0,162.06,107.32,54.74,,E-commerce
T0000000817,2023-03-06,P00253,S00027,C0026049,2,81.03,81.03,0.0,162.06,107.32,54.74,,E-commerce
T0000000818,2023-03-06,P00253,S00027,C0001108,1,81.03,81.03,0.0,81.03,53.66,27.37,,E-commerce
T0000000819,2023-03-06,P00253,S00027,C0020561,1,81.03,81.03,0.0,81.03,53.66,27.37,,E-commerce
T0000000820,2023-03-06,P00253,S00027,C0027660,1,81.03,81.03,0.0,81.03,53.66,27.37,,E-commerce
T0000000821,2023-03-06,P00253,S00027,C0002698,1,81.03,81.03,0.0,81.03,53.66,27.37,,E-commerce
T0000000822,2023-03-06,P00253,S00027,C0019767,1,81.03,81.03,0.0,81.03,53.66,27.37,,E-commerce
T0000000823,2023-03-06,P00253,S00027,C0029788,1,81.03,81.03,0.0,81.03,53.66,27.37,,E-commerce
T0000000824,2023-03-06,P00253,S00027,C0020255,1,81.03,81.03,0.0,81.03,53.66,27.37,,E-commerce
T0000000825,2023-03-06,P00253,S00027,C0012480,1,81.03,81.03,0.0,81.03,53.66,27.37,,E-commerce
T0000000826,2023-03-06,P00253,S00027,C0024090,1,81.03,81.03,0.0,81.03,53.66,27.37,,E-commerce
T0000000827,2023-03-06,P00253,S00027,C0024600,1,81.03,81.03,0.0,81.03,53.66,27.37,,E-commerce
T0000000828,2023-03-06,P00253,S00027,C0022243,1,81.03,81.03,0.0,81.03,53.66,27.37,,E-commerce
T0000000829,2023-03-06,P00253,S00027,C0000939,1,81.03,81.03,0.0,81.03,53.66,27.37,,E-commerce
T0000000830,2023-03-06,P00253,S00027,C0004947,1,81.03,81.03,0.0,81.03,53.66,27.37,,E-commerce
T0000000831,2023-01-08,P00041,S00110,C0024829,5,130.08,130.08,0.0,650.4,431.8,218.6,,Wholesale
T0000000832,2023-01-08,P00041,S00110,C0015361,5,130.08,130.08,0.0,650.4,431.8,218.6,,Wholesale
T0000000833,2023-01-08,P00041,S00110,C0002465,5,130.08,130.08,0.0,650.4,431.8,218.6,,Wholesale
T0000000834,2023-01-08,P00041,S00110,C0013845,5,130.08,130.08,0.0,650.4,431.8,218.6,,Wholesale
T0000000835,2023-01-08,P00041,S00110,C0000336,5,130.08,130.08,0.0,650.4,431.8,218.6,,Wholesale
T0000000836,2023-01-08,P00041,S00110,C0019731,5,130.08,130.08,0.0,650.4,431.8,218.6,,Wholesale
T0000000837,2023-01-08,P00041,S00110,C0021147,5,130.08,130.08,0.0,650.4,431.8,218.6,,Wholesale
T0000000838,2023-01-08,P00041,S00110,C0019086,5,130.08,130.08,0.0,650.4,431.8,218.6,,Wholesale
T0000000839,2023-01-08,P00041,S00110,C0019101,5,130.08,130.08,0.0,650.4,431.8,218.6,,Wholesale
T0000000840,2023-01-08,P00041,S00110,C0012277,5,130.08,130.08,0.0,650.4,431.8,218.6,,Wholesale
T0000000841,2023-01-08,P00041,S00110,C0028405,5,130.08,130.08,0.0,650.4,431.8,218.6,,Wholesale
T0000000842,2023-01-08,P00041,S00110,C0010163,5,130.08,130.08,0.0,650.4,431.8,218.6,,Wholesale
T0000000843,2023-01-08,P00041,S00110,C0000935,5,130.08,130.08,0.0,650.4,431.8,218.6,,Wholesale
T0000000844,2023-01-08,P00041,S00110,C0027358,5,130.08,130.08,0.0,650.4,431.8,218.6,,Wholesale
T0000000845,2023-01-08,P00041,S00110,C0029157,5,130.08,130.08,0.0,650.4,431.8,218.6,,Wholesale
T0000000846,2023-01-08,P00041,S00110,C0029881,5,130.08,130.08,0.0,650.4,431.8,218.6,,Wholesale
T0000000847,2023-01-08,P00041,S00110,C0027010,5,130.08,130.08,0.0,650.4,431.8,218.6,,Wholesale
T0000000848,2023-01-08,P00041,S00110,C0008814,4,130.08,130.08,0.0,520.32,345.44,174.88,,Wholesale
T0000000849,2023-01-08,P00041,S00110,C0009940,4,130.08,130.08,0.0,520.32,345.44,174.88,,Wholesale
T0000000850,2023-01-08,P00041,S00110,C0003067,4,130.08,130.08,0.0,520.32,345.44,174.88,,Wholesale
T0000000851,2023-01-08,P00041,S00110,C0024617,4,130.08,130.08,0.0,520.32,345.44,174.88,,Wholesale
T0000000852,2023-01-08,P00041,S00110,C0010099,4,130.08,130.08,0.0,520.32,345.44,174.88,,Wholesale
T0000000853,2023-01-08,P00041,S00110,C0013186,4,130.08,130.08,0.0,520.32,345.44,174.88,,Wholesale
T0000000854,2023-01-08,P00041,S00110,C0014784,4,130.08,130.08,0.0,520.32,345.44,174.88,,Wholesale
T0000000855,2023-01-08,P00041,S00110,C0001988,4,130.08,130.08,0.0,520.32,345.44,174.88,,Wholesale
T0000000856,2023-03-20,P00226,S00037,C0008472,3,72.83,72.83,0.0,218.49,157.14,61.35,,Supermarket
T0000000857,2023-03-20,P00226,S00037,C0007908,3,72.83,72.83,0.0,218.49,157.14,61.35,,Supermarket
T0000000858,2023-03-20,P00226,S00037,C0019984,3,72.83,72.83,0.0,218.49,157.14,61.35,,Supermarket
T0000000859,2023-03-20,P00226,S00037,C0027832,3,72.83,72.83,0.0,218.49,157.14,61.35,,Supermarket
T0000000860,2023-03-20,P00226,S00037,C0019984,3,72.83,72.83,0.0,218.49,157.14,61.35,,Supermarket
T0000000861,2023-03-20,P00226,S00037,C0023142,3,72.83,72.83,0.0,218.49,157.14,61.35,,Supermarket
T0000000862,2023-03-20,P00226,S00037,C0013993,3,72.83,72.83,0.0,218.49,157.14,61.35,,Supermarket
T0000000863,2023-03-20,P00226,S00037,C0013921,3,72.83,72.83,0.0,218.49,157.14,61.35,,Supermarket
T0000000864,2023-03-20,P00226,S00037,C0016636,3,72.83,72.83,0.0,218.49,157.14,61.35,,Supermarket
T0000000865,2023-03-20,P00226,S00037,C0020133,3,72.83,72.83,0.0,218.49,157.14,61.35,,Supermarket
T0000000866,2023-03-20,P00226,S00037,C0026736,3,72.83,72.83,0.0,218.49,157.14,61.35,,Supermarket
T0000000867,2023-03-20,P00226,S00037,C0022857,3,72.83,72.83,0.0,218.49,157.14,61.35,,Supermarket
T0000000868,2023-03-20,P00226,S00037,C0010489,3,72.83,72.83,0.0,218.49,157.14,61.35,,Supermarket
T0000000869,2023-03-20,P00226,S00037,C0004136,3,72.83,72.83,0.0,218.49,157.14,61.35,,Supermarket
T0000000870,2023-03-20,P00226,S00037,C0008734,3,72.83,72.83,0.0,218.49,157.14,61.35,,Supermarket
T0000000871,2023-03-20,P00226,S00037,C0019480,3,72.83,72.83,0.0,218.49,157.14,61.35,,Supermarket
T0000000872,2023-03-20,P00226,S00037,C0020716,3,72.83,72.83,0.0,218.49,157.14,61.35,,Supermarket
T0000000873,2023-03-20,P00226,S00037,C0005210,3,72.83,72.83,0.0,218.49,157.14,61.35,,Supermarket
T0000000874,2023-03-20,P00226,S00037,C0004943,3,72.83,72.83,0.0,218.49,157.14,61.35,,Supermarket
T0000000875,2023-03-20,P00226,S00037,C0009956,2,72.83,72.83,0.0,145.66,104.76,40.9,,Supermarket
T0000000876,2023-03-20,P00226,S00037,C0029111,2,72.83,72.83,0.0,145.66,104.76,40.9,,Supermarket
T0000000877,2023-03-20,P00226,S00037,C0014888,2,72.83,72.83,0.0,145.66,104.76,40.9,,Supermarket
T0000000878,2023-03-20,P00226,S00037,C0017000,2,72.83,72.83,0.0,145.66,104.76,40.9,,Supermarket
T0000000879,2023-03-20,P00226,S00037,C0013225,2,72.83,72.83,0.0,145.66,104.76,40.9,,Supermarket
T0000000880,2023-03-20,P00226,S00037,C0015436,2,72.83,72.83,0.0,145.66,104.76,40.9,,Supermarket
T0000000881,2023-02-13,P00045,S00030,C0004218,4,132.31,132.31,0.0,529.24,334.72,194.52,,Wholesale
T0000000882,2023-02-13,P00045,S00030,C0017935,4,132.31,132.31,0.0,529.24,334.72,194.52,,Wholesale
T0000000883,2023-02-13,P00045,S00030,C0023449,4,132.31,132.31,0.0,529.24,334.72,194.52,,Wholesale
T0000000884,2023-02-13,P00045,S00030,C0026907,4,132.31,132.31,0.0,529.24,334.72,194.52,,Wholesale
T0000000885,2023-02-13,P00045,S00030,C0017261,4,132.31,132.31,0.0,529.24,334.72,194.52,,Wholesale
T0000000886,2023-02-13,P00045,S00030,C0006169,4,132.31,132.31,0.0,529.24,334.72,194.52,,Wholesale
T0000000887,2023-02-13,P00045,S00030,C0016453,4,132.31,132.31,0.0,529.24,334.72,194.52,,Wholesale
T0000000888,2023-02-13,P00045,S00030,C0021875,4,132.31,132.31,0.0,529.24,334.72,194.52,,Wholesale
T0000000889,2023-02-13,P00045,S00030,C0002542,4,132.31,132.31,0.0,529.24,334.72,194.52,,Wholesale
T0000000890,2023-02-13,P00045,S00030,C0019261,4,132.31,132.31,0.0,529.24,334.72,194.52,,Wholesale
T0000000891,2023-02-13,P00045,S00030,C0014848,4,132.31,132.31,0.0,529.24,334.72,194.52,,Wholesale
T0000000892,2023-02-13,P00045,S00030,C0027093,4,132.31,132.31,0.0,529.24,334.72,194.52,,Wholesale
T0000000893,2023-02-13,P00045,S00030,C0000336,4,132.31,132.31,0.0,529.24,334.72,194.52,,Wholesale
T0000000894,2023-02-13,P00045,S00030,C0006086,4,132.31,132.31,0.0,529.24,334.72,194.52,,Wholesale
T0000000895,2023-02-13,P00045,S00030,C0003476,4,132.31,132.31,0.0,529.24,334.72,194.52,,Wholesale
T0000000896,2023-02-13,P00045,S00030,C0005288,4,132.31,132.31,0.0,529.24,334.72,194.52,,Wholesale
T0000000897,2023-02-13,P00045,S00030,C0008518,4,132.31,132.31,0.0,529.24,334.72,194.52,,Wholesale
T0000000898,2023-02-13,P00045,S00030,C0023040,4,132.31,132.31,0.0,529.24,334.72,194.52,,Wholesale
T0000000899,2023-02-13,P00045,S00030,C0010386,4,132.31,132.31,0.0,529.24,334.72,194.52,,Wholesale
T0000000900,2023-02-13,P00045,S00030,C0007081,4,132.31,132.31,0.0,529.24,334.72,194.52,,Wholesale
T0000000901,2023-02-13,P00045,S00030,C0012435,4,132.31,132.31,0.0,529.24,334.72,194.52,,Wholesale
T0000000902,2023-02-13,P00045,S00030,C0013271,3,132.31,132.31,0.0,396.93,251.04,145.89,,Wholesale
T0000000903,2023-02-13,P00045,S00030,C0011575,3,132.31,132.31,0.0,396.93,251.04,145.89,,Wholesale
T0000000904,2023-02-13,P00045,S00030,C0000138,3,132.31,132.31,0.0,396.93,251.04,145.89,,Wholesale
T0000000905,2023-02-13,P00045,S00030,C0013263,3,132.31,132.31,0.0,396.93,251.04,145.89,,Wholesale
T0000000906,2023-03-10,P00233,S00105,C0026288,7,165.92,165.92,0.0,1161.44,900.2,261.24,,Wholesale
T0000000907,2023-03-10,P00233,S00105,C0022777,7,165.92,165.92,0.0,1161.44,900.2,261.24,,Wholesale
T0000000908,2023-03-10,P00233,S00105,C0013181,7,165.92,165.92,0.0,1161.44,900.2,261.24,,Wholesale
T0000000909,2023-03-10,P00233,S00105,C0021113,7,165.92,165.92,0.0,1161.44,900.2,261.24,,Wholesale
T0000000910,2023-03-10,P00233,S00105,C0018418,7,165.92,165.92,0.0,1161.44,900.2,261.24,,Wholesale
T0000000911,2023-03-10,P00233,S00105,C0015465,7,165.92,165.92,0.0,1161.44,900.2,261.24,,Wholesale
T0000000912,2023-03-10,P00233,S00105,C0026290,7,165.92,165.92,0.0,1161.44,900.2,261.24,,Wholesale
T0000000913,2023-03-10,P00233,S00105,C0007592,7,165.92,165.92,0.0,1161.44,900.2,261.24,,Wholesale
T0000000914,2023-03-10,P00233,S00105,C0016765,7,165.92,165.92,0.0,1161.44,900.2,261.24,,Wholesale
T0000000915,2023-03-10,P00233,S00105,C0024441,7,165.92,165.92,0.0,1161.44,900.2,261.24,,Wholesale
T0000000916,2023-03-10,P00233,S00105,C0013912,7,165.92,165.92,0.0,1161.44,900.2,261.24,,Wholesale
T0000000917,2023-03-10,P00233,S00105,C0023290,7,165.92,165.92,0.0,1161.44,900.2,261.24,,Wholesale
T0000000918,2023-03-10,P00233,S00105,C0009464,7,165.92,165.92,0.0,1161.44,900.2,261.24,,Wholesale
T0000000919,2023-03-10,P00233,S00105,C0018928,7,165.92,165.92,0.0,1161.44,900.2,261.24,,Wholesale
T0000000920,2023-03-10,P00233,S00105,C0013541,7,165.92,165.92,0.0,1161.44,900.2,261.24,,Wholesale
T0000000921,2023-03-10,P00233,S00105,C0006425,7,165.92,165.92,0.0,1161.44,900.2,261.24,,Wholesale
T0000000922,2023-03-10,P00233,S00105,C0028139,7,165.92,165.92,0.0,1161.44,900.2,261.24,,Wholesale
T0000000923,2023-03-10,P00233,S00105,C0011368,7,165.92,165.92,0.0,1161.44,900.2,261.24,,Wholesale
T0000000924,2023-03-10,P00233,S00105,C0020996,7,165.92,165.92,0.0,1161.44,900.2,261.24,,Wholesale
T0000000925,2023-03-10,P00233,S00105,C0026541,6,165.92,165.92,0.0,995.52,771.6,223.92,,Wholesale
T0000000926,2023-03-10,P00233,S00105,C0029926,6,165.92,165.92,0.0,995.52,771.6,223.92,,Wholesale
T0000000927,2023-03-10,P00233,S00105,C0008560,6,165.92,165.92,0.0,995.52,771.6,223.92,,Wholesale
T0000000928,2023-03-10,P00233,S00105,C0021895,6,165.92,165.92,0.0,995.52,771.6,223.92,,Wholesale
T0000000929,2023-03-10,P00233,S00105,C0029823,6,165.92,165.92,0.0,995.52,771.6,223.92,,Wholesale
T0000000930,2023-03-10,P00233,S00105,C0007792,6,165.92,165.92,0.0,995.52,771.6,223.92,,Wholesale
T0000000931,2023-01-16,P00180,S00194,C0029760,4,102.7,102.7,0.0,410.8,233.12,177.68,,E-commerce
T0000000932,2023-01-16,P00180,S00194,C0008951,4,102.7,102.7,0.0,410.8,233.12,177.68,,E-commerce
T0000000933,2023-01-16,P00180,S00194,C0011961,4,102.7,102.7,0.0,410.8,233.12,177.68,,E-commerce
T0000000934,2023-01-16,P00180,S00194,C0016954,4,102.7,102.7,0.0,410.8,233.12,177.68,,E-commerce
T0000000935,2023-01-16,P00180,S00194,C0027055,4,102.7,102.7,0.0,410.8,233.12,177.68,,E-commerce
T0000000936,2023-01-16,P00180,S00194,C0011419,4,102.7,102.7,0.0,410.8,233.12,177.68,,E-commerce
T0000000937,2023-01-16,P00180,S00194,C0017569,4,102.7,102.7,0.0,410.8,233.12,177.68,,E-commerce
T0000000938,2023-01-16,P00180,S00194,C0014116,3,102.7,102.7,0.0,308.1,174.84,133.26,,E-commerce
T0000000939,2023-01-16,P00180,S00194,C0014830,3,102.7,102.7,0.0,308.1,174.84,133.26,,E-commerce
T0000000940,2023-03-01,P00232,S00085,C0025511,2,105.24,105.24,0.0,210.48,159.3,51.18,,Supermarket
T0000000941,2023-03-01,P00232,S00085,C0022651,2,105.24,105.24,0.0,210.48,159.3,51.18,,Supermarket
T0000000942,2023-03-01,P00232,S00085,C0008480,2,105.24,105.24,0.0,210.48,159.3,51.18,,Supermarket
T0000000943,2023-03-01,P00232,S00085,C0024413,2,105.24,105.24,0.0,210.48,159.3,51.18,,Supermarket
T0000000944,2023-03-01,P00232,S00085,C0016495,2,105.24,105.24,0.0,210.48,159.3,51.18,,Supermarket
T0000000945,2023-03-01,P00232,S00085,C0027736,2,105.24,105.24,0.0,210.48,159.3,51.18,,Supermarket
T0000000946,2023-03-01,P00232,S00085,C0014381,2,105.24,105.24,0.0,210.48,159.3,51.18,,Supermarket
T0000000947,2023-03-01,P00232,S00085,C0013812,2,105.24,105.24,0.0,210.48,159.3,51.18,,Supermarket
T0000000948,2023-03-01,P00232,S00085,C0029574,2,105.24,105.24,0.0,210.48,159.3,51.18,,Supermarket
T0000000949,2023-03-01,P00232,S00085,C0017417,2,105.24,105.24,0.0,210.48,159.3,51.18,,Supermarket
T0000000950,2023-03-01,P00232,S00085,C0013316,2,105.24,105.24,0.0,210.48,159.3,51.18,,Supermarket
T0000000951,2023-03-01,P00232,S00085,C0017345,2,105.24,105.24,0.0,210.48,159.3,51.18,,Supermarket
T0000000952,2023-03-01,P00232,S00085,C0015146,2,105.24,105.24,0.0,210.48,159.3,51.18,,Supermarket
T0000000953,2023-03-01,P00232,S00085,C0029759,2,105.24,105.24,0.0,210.48,159.3,51.18,,Supermarket
T0000000954,2023-03-01,P00232,S00085,C0022565,2,105.24,105.24,0.0,210.48,159.3,51.18,,Supermarket
T0000000955,2023-03-01,P00232,S00085,C0005674,2,105.24,105.24,0.0,210.48,159.3,51.18,,Supermarket
T0000000956,2023-03-01,P00232,S00085,C0000251,2,105.24,105.24,0.0,210.48,159.3,51.18,,Supermarket
T0000000957,2023-03-01,P00232,S00085,C0027667,2,105.24,105.24,0.0,210.48,159.3,51.18,,Supermarket
T0000000958,2023-03-01,P00232,S00085,C0007364,2,105.24,105.24,0.0,210.48,159.3,51.18,,Supermarket
T0000000959,2023-03-01,P00232,S00085,C0013949,2,105.24,105.24,0.0,210.48,159.3,51.18,,Supermarket
T0000000960,2023-03-01,P00232,S00085,C0028308,2,105.24,105.24,0.0,210.48,159.3,51.18,,Supermarket
T0000000961,2023-03-01,P00232,S00085,C0008776,2,105.24,105.24,0.0,210.48,159.3,51.18,,Supermarket
T0000000962,2023-03-01,P00232,S00085,C0023571,2,105.24,105.24,0.0,210.48,159.3,51.18,,Supermarket
T0000000963,2023-03-01,P00232,S00085,C0007720,2,105.24,105.24,0.0,210.48,159.3,51.18,,Supermarket
T0000000964,2023-03-01,P00232,S00085,C0022018,1,105.24,105.24,0.0,105.24,79.65,25.59,,Supermarket
T0000000965,2023-02-17,P00027,S00022,C0000672,2,85.91,85.91,0.0,171.82,123.32,48.5,,Hypermarket
T0000000966,2023-02-17,P00027,S00022,C0028004,2,85.91,85.91,0.0,171.82,123.32,48.5,,Hypermarket
T0000000967,2023-02-17,P00027,S00022,C0024866,2,85.91,85.91,0.0,171.82,123.32,48.5,,Hypermarket
T0000000968,2023-02-17,P00027,S00022,C0011436,2,85.91,85.91,0.0,171.82,123.32,48.5,,Hypermarket
T0000000969,2023-02-17,P00027,S00022,C0008845,2,85.91,85.91,0.0,171.82,123.32,48.5,,Hypermarket
T0000000970,2023-02-17,P00027,S00022,C0021549,2,85.91,85.91,0.0,171.82,123.32,48.5,,Hypermarket
T0000000971,2023-02-17,P00027,S00022,C0029331,2,85.91,85.91,0.0,171.82,123.32,48.5,,Hypermarket
T0000000972,2023-02-17,P00027,S00022,C0015862,2,85.91,85.91,0.0,171.82,123.32,48.5,,Hypermarket
T0000000973,2023-02-17,P00027,S00022,C0009332,2,85.91,85.91,0.0,171.82,123.32,48.5,,Hypermarket
T0000000974,2023-02-17,P00027,S00022,C0001116,2,85.91,85.91,0.0,171.82,123.32,48.5,,Hypermarket
T0000000975,2023-02-17,P00027,S00022,C0016758,2,85.91,85.91,0.0,171.82,123.32,48.5,,Hypermarket
T0000000976,2023-02-17,P00027,S00022,C0000721,2,85.91,85.91,0.0,171.82,123.32,48.5,,Hypermarket
T0000000977,2023-02-17,P00027,S00022,C0010473,2,85.91,85.91,0.0,171.82,123.32,48.5,,Hypermarket
T0000000978,2023-02-17,P00027,S00022,C0018118,2,85.91,85.91,0.0,171.82,123.32,48.5,,Hypermarket
T0000000979,2023-02-17,P00027,S00022,C0000781,2,85.91,85.91,0.0,171.82,123.32,48.5,,Hypermarket
T0000000980,2023-02-17,P00027,S00022,C0020137,2,85.91,85.91,0.0,171.82,123.32,48.5,,Hypermarket
T0000000981,2023-02-17,P00027,S00022,C0003282,2,85.91,85.91,0.0,171.82,123.32,48.5,,Hypermarket
T0000000982,2023-02-17,P00027,S00022,C0001366,2,85.91,85.91,0.0,171.82,123.32,48.5,,Hypermarket
T0000000983,2023-02-17,P00027,S00022,C0024082,2,85.91,85.91,0.0,171.82,123.32,48.5,,Hypermarket
T0000000984,2023-02-17,P00027,S00022,C0028128,2,85.91,85.91,0.0,171.82,123.32,48.5,,Hypermarket
T0000000985,2023-02-17,P00027,S00022,C0013744,2,85.91,85.91,0.0,171.82,123.32,48.5,,Hypermarket
T0000000986,2023-02-17,P00027,S00022,C0029680,2,85.91,85.91,0.0,171.82,123.32,48.5,,Hypermarket
T0000000987,2023-02-17,P00027,S00022,C0007605,2,85.91,85.91,0.0,171.82,123.32,48.5,,Hypermarket
T0000000988,2023-02-17,P00027,S00022,C0009805,2,85.91,85.91,0.0,171.82,123.32,48.5,,Hypermarket
T0000000989,2023-02-17,P00027,S00022,C0017047,1,85.91,85.91,0.0,85.91,61.66,24.25,,Hypermarket
T0000000990,2023-01-23,P00081,S00052,C0019722,2,32.59,32.59,0.0,65.18,37.7,27.48,,Supermarket
T0000000991,2023-01-23,P00081,S00052,C0012132,2,32.59,32.59,0.0,65.18,37.7,27.48,,Supermarket
T0000000992,2023-01-23,P00081,S00052,C0002055,2,32.59,32.59,0.0,65.18,37.7,27.48,,Supermarket
T0000000993,2023-01-23,P00081,S00052,C0024454,2,32.59,32.59,0.0,65.18,37.7,27.48,,Supermarket
T0000000994,2023-01-23,P00081,S00052,C0029898,2,32.59,32.59,0.0,65.18,37.7,27.48,,Supermarket
T0000000995,2023-01-23,P00081,S00052,C0018463,2,32.59,32.59,0.0,65.18,37.7,27.48,,Supermarket
T0000000996,2023-01-23,P00081,S00052,C0015582,2,32.59,32.59,0.0,65.18,37.7,27.48,,Supermarket
T0000000997,2023-01-23,P00081,S00052,C0000463,2,32.59,32.59,0.0,65.18,37.7,27.48,,Supermarket
T0000000998,2023-01-23,P00081,S00052,C0029501,2,32.59,32.59,0.0,65.18,37.7,27.48,,Supermarket
T0000000999,2023-01-23,P00081,S00052,C0024546,1,32.59,32.59,0.0,32.59,18.85,13.74,,Supermarket
T0000001000,2023-01-23,P00081,S00052,C0016592,1,32.59,32.59,0.0,32.59,18.85,13.74,,Supermarket
