period,product_id,store_id,units,revenue,cost,gross_profit,promo_days,stockout_days,days,avg_selling_price
2022-12-26/2023-01-01,P00001,S00001,46,4801.02,3250.36,1550.66,0,0,1,104.37
2022-12-26/2023-01-01,P00001,S00030,31,3091.32,2190.46,900.86,0,0,1,99.72
2022-12-26/2023-01-01,P00001,S00046,41,4172.98,2897.06,1275.92,0,0,1,101.78
2022-12-26/2023-01-01,P00001,S00059,29,1804.38,2049.14,-244.76,1,0,1,62.22
2022-12-26/2023-01-01,P00001,S00117,47,4680.26,3321.02,1359.24,0,0,1,99.58
2022-12-26/2023-01-01,P00001,S00169,129,14033.91,9115.14,4918.77,0,0,1,108.79
2022-12-26/2023-01-01,P00001,S00180,16,1553.76,1130.56,423.2,1,0,1,97.11
2022-12-26/2023-01-01,P00001,S00181,46,4829.08,3250.36,1578.72,0,0,1,104.98
2022-12-26/2023-01-01,P00002,S00001,0,0.0,0.0,0.0,0,0,1,65.96
2022-12-26/2023-01-01,P00002,S00023,0,0.0,0.0,0.0,0,0,1,68.24
2022-12-26/2023-01-01,P00002,S00027,0,0.0,0.0,0.0,0,0,1,67.96
2022-12-26/2023-01-01,P00002,S00030,0,0.0,0.0,0.0,0,0,1,66.49
2022-12-26/2023-01-01,P00002,S00038,0,0.0,0.0,0.0,0,0,1,67.29
2022-12-26/2023-01-01,P00002,S00043,0,0.0,0.0,0.0,0,0,1,68.3
2022-12-26/2023-01-01,P00002,S00053,0,0.0,0.0,0.0,0,0,1,68.15
2022-12-26/2023-01-01,P00002,S00073,0,0.0,0.0,0.0,0,0,1,71.92
2022-12-26/2023-01-01,P00002,S00079,0,0.0,0.0,0.0,0,0,1,69.24
2022-12-26/2023-01-01,P00002,S00099,0,0.0,0.0,0.0,0,0,1,67.55
2022-12-26/2023-01-01,P00002,S00113,0,0.0,0.0,0.0,0,0,1,67.8
2022-12-26/2023-01-01,P00002,S00117,0,0.0,0.0,0.0,0,0,1,66.36
2022-12-26/2023-01-01,P00002,S00119,0,0.0,0.0,0.0,0,0,1,65.87
2022-12-26/2023-01-01,P00002,S00124,0,0.0,0.0,0.0,0,0,1,65.44
2022-12-26/2023-01-01,P00002,S00139,0,0.0,0.0,0.0,0,0,1,70.72
2022-12-26/2023-01-01,P00002,S00163,0,0.0,0.0,0.0,0,0,1,67.84
2022-12-26/2023-01-01,P00002,S00164,0,0.0,0.0,0.0,0,0,1,70.31
2022-12-26/2023-01-01,P00002,S00169,0,0.0,0.0,0.0,0,0,1,70.09
2022-12-26/2023-01-01,P00002,S00173,0,0.0,0.0,0.0,1,0,1,43.35
2022-12-26/2023-01-01,P00002,S00177,0,0.0,0.0,0.0,0,0,1,66.5
2022-12-26/2023-01-01,P00002,S00193,0,0.0,0.0,0.0,0,0,1,68.47
2022-12-26/2023-01-01,P00003,S00014,30,1201.5,737.1,464.4,0,0,1,40.05
2022-12-26/2023-01-01,P00003,S00021,112,4299.68,2751.84,1547.84,0,0,1,38.39
2022-12-26/2023-01-01,P00003,S00025,32,1239.04,786.24,452.8,0,0,1,38.72
2022-12-26/2023-01-01,P00003,S00026,24,913.92,589.68,324.24,0,0,1,38.08
2022-12-26/2023-01-01,P00003,S00027,44,1716.0,1081.08,634.92,0,0,1,39.0
2022-12-26/2023-01-01,P00003,S00053,12,472.8,294.84,177.96,0,0,1,39.4
2022-12-26/2023-01-01,P00003,S00062,52,1925.56,1277.64,647.92,0,0,1,37.03
2022-12-26/2023-01-01,P00003,S00067,21,809.55,515.97,293.58,0,0,1,38.55
2022-12-26/2023-01-01,P00003,S00071,56,2214.24,1375.92,838.32,0,0,1,39.54
2022-12-26/2023-01-01,P00003,S00072,27,1033.56,663.39,370.17,0,0,1,38.28
2022-12-26/2023-01-01,P00003,S00077,98,4026.82,2407.86,1618.96,0,0,1,41.09
2022-12-26/2023-01-01,P00003,S00080,75,2997.75,1842.75,1155.0,0,0,1,39.97
2022-12-26/2023-01-01,P00003,S00086,49,1893.36,1203.93,689.43,0,0,1,38.64
2022-12-26/2023-01-01,P00003,S00099,33,1246.41,810.81,435.6,0,0,1,37.77
2022-12-26/2023-01-01,P00003,S00139,47,1762.03,1154.79,607.24,0,0,1,37.49
2022-12-26/2023-01-01,P00003,S00140,12,480.72,294.84,185.88,0,0,1,40.06
2022-12-26/2023-01-01,P00003,S00153,9,336.33,221.13,115.2,0,0,1,37.37
2022-12-26/2023-01-01,P00003,S00155,38,1478.96,933.66,545.3,0,0,1,38.92
2022-12-26/2023-01-01,P00003,S00177,33,1239.48,810.81,428.67,0,0,1,37.56
2022-12-26/2023-01-01,P00004,S00014,137,5138.87,3086.61,2052.26,0,0,1,37.51
2022-12-26/2023-01-01,P00004,S00023,69,2598.54,1554.57,1043.97,0,0,1,37.66
2022-12-26/2023-01-01,P00004,S00025,277,10107.73,6240.81,3866.92,0,0,1,36.49
2022-12-26/2023-01-01,P00004,S00026,103,3735.81,2320.59,1415.22,0,0,1,36.27
2022-12-26/2023-01-01,P00004,S00039,42,1511.58,946.26,565.32,0,0,1,35.99
2022-12-26/2023-01-01,P00004,S00047,296,11008.24,6668.88,4339.36,0,0,1,37.19
2022-12-26/2023-01-01,P00004,S00048,64,2317.44,1441.92,875.52,0,0,1,36.21
2022-12-26/2023-01-01,P00004,S00049,8,299.84,180.24,119.6,0,0,1,37.48
2022-12-26/2023-01-01,P00004,S00053,22,833.14,495.66,337.48,0,0,1,37.87
2022-12-26/2023-01-01,P00004,S00080,226,8547.32,5091.78,3455.54,0,0,1,37.82
2022-12-26/2023-01-01,P00004,S00092,60,2149.2,1351.8,797.4,0,0,1,35.82
2022-12-26/2023-01-01,P00004,S00097,24,851.28,540.72,310.56,0,0,1,35.47
2022-12-26/2023-01-01,P00004,S00106,54,1907.28,1216.62,690.66,0,0,1,35.32
2022-12-26/2023-01-01,P00004,S00108,40,1454.8,901.2,553.6,0,0,1,36.37
2022-12-26/2023-01-01,P00004,S00122,24,875.04,540.72,334.32,0,0,1,36.46
2022-12-26/2023-01-01,P00004,S00126,312,11578.32,7029.36,4548.96,0,0,1,37.11
2022-12-26/2023-01-01,P00004,S00136,156,5831.28,3514.68,2316.6,0,0,1,37.38
2022-12-26/2023-01-01,P00004,S00139,68,2498.32,1532.04,966.28,0,0,1,36.74
2022-12-26/2023-01-01,P00004,S00147,22,827.86,495.66,332.2,0,0,1,37.63
2022-12-26/2023-01-01,P00004,S00155,21,786.87,473.13,313.74,0,0,1,37.47
2022-12-26/2023-01-01,P00004,S00163,137,5019.68,3086.61,1933.07,0,0,1,36.64
2022-12-26/2023-01-01,P00004,S00167,12,423.96,270.36,153.6,0,0,1,35.33
2022-12-26/2023-01-01,P00004,S00189,223,8248.77,5024.19,3224.58,0,0,1,36.99
2022-12-26/2023-01-01,P00004,S00195,55,2059.75,1239.15,820.6,0,0,1,37.45
2022-12-26/2023-01-01,P00005,S00005,0,0.0,0.0,0.0,0,0,1,106.06
2022-12-26/2023-01-01,P00005,S00011,0,0.0,0.0,0.0,0,0,1,101.18
2022-12-26/2023-01-01,P00005,S00019,0,0.0,0.0,0.0,0,0,1,106.84
2022-12-26/2023-01-01,P00005,S00038,0,0.0,0.0,0.0,0,0,1,99.22
2022-12-26/2023-01-01,P00005,S00048,0,0.0,0.0,0.0,0,0,1,104.57
2022-12-26/2023-01-01,P00005,S00051,0,0.0,0.0,0.0,0,0,1,102.32
2022-12-26/2023-01-01,P00005,S00060,0,0.0,0.0,0.0,0,0,1,103.86
2022-12-26/2023-01-01,P00005,S00063,0,0.0,0.0,0.0,0,0,1,105.23
2022-12-26/2023-01-01,P00005,S00065,0,0.0,0.0,0.0,0,0,1,104.39
2022-12-26/2023-01-01,P00005,S00074,0,0.0,0.0,0.0,0,0,1,106.77
2022-12-26/2023-01-01,P00005,S00077,0,0.0,0.0,0.0,0,0,1,105.96
2022-12-26/2023-01-01,P00005,S00085,0,0.0,0.0,0.0,0,0,1,104.73
2022-12-26/2023-01-01,P00005,S00089,0,0.0,0.0,0.0,0,0,1,101.04
2022-12-26/2023-01-01,P00005,S00105,0,0.0,0.0,0.0,0,0,1,102.93
2022-12-26/2023-01-01,P00005,S00108,0,0.0,0.0,0.0,0,0,1,99.66
2022-12-26/2023-01-01,P00005,S00120,0,0.0,0.0,0.0,0,0,1,103.72
2022-12-26/2023-01-01,P00005,S00124,0,0.0,0.0,0.0,0,0,1,101.48
2022-12-26/2023-01-01,P00005,S00125,0,0.0,0.0,0.0,0,0,1,105.36
2022-12-26/2023-01-01,P00005,S00130,0,0.0,0.0,0.0,0,0,1,105.66
2022-12-26/2023-01-01,P00005,S00152,0,0.0,0.0,0.0,0,0,1,97.85
2022-12-26/2023-01-01,P00005,S00154,0,0.0,0.0,0.0,0,0,1,103.42
2022-12-26/2023-01-01,P00005,S00163,0,0.0,0.0,0.0,0,0,1,105.16
2022-12-26/2023-01-01,P00005,S00184,0,0.0,0.0,0.0,0,0,1,99.41
2022-12-26/2023-01-01,P00005,S00188,0,0.0,0.0,0.0,0,0,1,109.83
2022-12-26/2023-01-01,P00005,S00197,0,0.0,0.0,0.0,0,0,1,103.22
2022-12-26/2023-01-01,P00005,S00199,0,0.0,0.0,0.0,0,0,1,100.74
2022-12-26/2023-01-01,P00006,S00001,56,1344.56,926.24,418.32,0,0,1,24.01
2022-12-26/2023-01-01,P00006,S00003,105,2579.85,1736.7,843.15,0,0,1,24.57
2022-12-26/2023-01-01,P00006,S00014,85,2123.3,1405.9,717.4,0,0,1,24.98
2022-12-26/2023-01-01,P00006,S00023,97,2378.44,1604.38,774.06,0,0,1,24.52
2022-12-26/2023-01-01,P00006,S00024,106,2746.46,1753.24,993.22,0,0,1,25.91
2022-12-26/2023-01-01,P00006,S00047,71,1823.99,1174.34,649.65,0,0,1,25.69
2022-12-26/2023-01-01,P00006,S00053,71,1769.32,1174.34,594.98,0,0,1,24.92
2022-12-26/2023-01-01,P00006,S00066,13,322.4,215.02,107.38,0,0,1,24.8
2022-12-26/2023-01-01,P00006,S00067,41,948.74,678.14,270.6,0,0,1,23.14
2022-12-26/2023-01-01,P00006,S00068,102,2566.32,1687.08,879.24,0,0,1,25.16
2022-12-26/2023-01-01,P00006,S00069,32,818.56,529.28,289.28,0,0,1,25.58
2022-12-26/2023-01-01,P00006,S00073,16,386.24,264.64,121.6,0,0,1,24.14
2022-12-26/2023-01-01,P00006,S00077,132,3385.8,2183.28,1202.52,0,0,1,25.65
2022-12-26/2023-01-01,P00006,S00082,142,3589.76,2348.68,1241.08,0,0,1,25.28
2022-12-26/2023-01-01,P00006,S00091,15,370.8,248.1,122.7,0,0,1,24.72
2022-12-26/2023-01-01,P00006,S00099,67,1581.87,1108.18,473.69,0,0,1,23.61
2022-12-26/2023-01-01,P00006,S00111,27,657.18,446.58,210.6,0,0,1,24.34
2022-12-26/2023-01-01,P00006,S00143,19,465.5,314.26,151.24,0,0,1,24.5
2022-12-26/2023-01-01,P00006,S00144,95,2435.8,1571.3,864.5,0,0,1,25.64
2022-12-26/2023-01-01,P00006,S00145,144,3553.92,2381.76,1172.16,0,0,1,24.68
2022-12-26/2023-01-01,P00006,S00146,13,329.55,215.02,114.53,0,0,1,25.35
2022-12-26/2023-01-01,P00006,S00148,65,1545.05,1075.1,469.95,0,0,1,23.77
2022-12-26/2023-01-01,P00006,S00150,26,621.4,430.04,191.36,0,0,1,23.9
2022-12-26/2023-01-01,P00006,S00151,102,2458.2,1687.08,771.12,0,0,1,24.1
2022-12-26/2023-01-01,P00006,S00175,103,2577.06,1703.62,873.44,0,0,1,25.02
2022-12-26/2023-01-01,P00006,S00180,29,696.58,479.66,216.92,0,0,1,24.02
2022-12-26/2023-01-01,P00006,S00189,78,1985.1,1290.12,694.98,0,0,1,25.45
2022-12-26/2023-01-01,P00007,S00026,0,0.0,0.0,0.0,0,0,1,111.31
2022-12-26/2023-01-01,P00007,S00027,0,0.0,0.0,0.0,0,0,1,118.93
2022-12-26/2023-01-01,P00007,S00038,0,0.0,0.0,0.0,0,0,1,105.27
2022-12-26/2023-01-01,P00007,S00043,0,0.0,0.0,0.0,0,0,1,113.61
2022-12-26/2023-01-01,P00007,S00056,0,0.0,0.0,0.0,0,0,1,107.08
2022-12-26/2023-01-01,P00007,S00070,0,0.0,0.0,0.0,0,0,1,108.65
2022-12-26/2023-01-01,P00007,S00080,0,0.0,0.0,0.0,0,0,1,113.22
2022-12-26/2023-01-01,P00007,S00084,0,0.0,0.0,0.0,0,0,1,116.7
2022-12-26/2023-01-01,P00007,S00111,0,0.0,0.0,0.0,0,0,1,115.97
2022-12-26/2023-01-01,P00007,S00125,0,0.0,0.0,0.0,0,0,1,114.88
2022-12-26/2023-01-01,P00007,S00131,0,0.0,0.0,0.0,0,0,1,108.7
2022-12-26/2023-01-01,P00007,S00133,0,0.0,0.0,0.0,0,0,1,107.27
2022-12-26/2023-01-01,P00007,S00135,0,0.0,0.0,0.0,0,0,1,113.84
2022-12-26/2023-01-01,P00007,S00139,0,0.0,0.0,0.0,0,0,1,113.0
2022-12-26/2023-01-01,P00007,S00141,0,0.0,0.0,0.0,0,0,1,111.92
2022-12-26/2023-01-01,P00007,S00149,0,0.0,0.0,0.0,0,0,1,110.46
2022-12-26/2023-01-01,P00007,S00172,0,0.0,0.0,0.0,0,0,1,113.49
2022-12-26/2023-01-01,P00008,S00015,47,2167.64,1393.55,774.09,0,0,1,46.12
2022-12-26/2023-01-01,P00008,S00017,63,2938.32,1867.95,1070.37,0,0,1,46.64
2022-12-26/2023-01-01,P00008,S00019,97,4503.71,2876.05,1627.66,0,0,1,46.43
2022-12-26/2023-01-01,P00008,S00023,86,3884.62,2549.9,1334.72,0,0,1,45.17
2022-12-26/2023-01-01,P00008,S00035,27,1207.98,800.55,407.43,0,0,1,44.74
2022-12-26/2023-01-01,P00008,S00037,40,1818.0,1186.0,632.0,0,0,1,45.45
2022-12-26/2023-01-01,P00008,S00081,93,4341.24,2757.45,1583.79,0,0,1,46.68
2022-12-26/2023-01-01,P00008,S00085,78,3591.9,2312.7,1279.2,0,0,1,46.05
2022-12-26/2023-01-01,P00008,S00099,36,1596.96,1067.4,529.56,0,0,1,44.36
2022-12-26/2023-01-01,P00008,S00101,44,2008.6,1304.6,704.0,0,0,1,45.65
2022-12-26/2023-01-01,P00008,S00145,65,3016.65,1927.25,1089.4,0,0,1,46.41
2022-12-26/2023-01-01,P00008,S00157,96,4294.08,2846.4,1447.68,0,0,1,44.73
2022-12-26/2023-01-01,P00008,S00163,261,11635.38,7738.65,3896.73,0,0,1,44.58
2022-12-26/2023-01-01,P00008,S00166,13,604.37,385.45,218.92,0,0,1,46.49
2022-12-26/2023-01-01,P00008,S00188,50,2290.5,1482.5,808.0,0,0,1,45.81
2022-12-26/2023-01-01,P00009,S00002,5,699.65,404.2,295.45,0,0,1,139.93
2022-12-26/2023-01-01,P00009,S00007,5,692.15,404.2,287.95,0,0,1,138.43
2022-12-26/2023-01-01,P00009,S00009,12,1591.56,970.08,621.48,0,0,1,132.63
2022-12-26/2023-01-01,P00009,S00033,95,12533.35,7679.8,4853.55,0,0,1,131.93
2022-12-26/2023-01-01,P00009,S00034,743,67605.57,60064.12,7541.45,1,0,1,90.99
2022-12-26/2023-01-01,P00009,S00046,137,18459.38,11075.08,7384.3,0,0,1,134.74
2022-12-26/2023-01-01,P00009,S00047,79,10708.45,6386.36,4322.09,0,0,1,135.55
2022-12-26/2023-01-01,P00009,S00048,85,11461.4,6871.4,4590.0,0,0,1,134.84
2022-12-26/2023-01-01,P00009,S00074,18,2525.58,1455.12,1070.46,0,0,1,140.31
2022-12-26/2023-01-01,P00009,S00078,17,2354.33,1374.28,980.05,0,0,1,138.49
2022-12-26/2023-01-01,P00009,S00091,12,1686.72,970.08,716.64,0,0,1,140.56
2022-12-26/2023-01-01,P00009,S00096,30,4110.9,2425.2,1685.7,0,0,1,137.03
2022-12-26/2023-01-01,P00009,S00108,99,13447.17,8003.16,5444.01,0,0,1,135.83
2022-12-26/2023-01-01,P00009,S00116,13,1853.8,1050.92,802.88,0,0,1,142.6
2022-12-26/2023-01-01,P00009,S00117,22,2996.62,1778.48,1218.14,0,0,1,136.21
2022-12-26/2023-01-01,P00009,S00126,257,36183.03,20775.88,15407.15,0,0,1,140.79
2022-12-26/2023-01-01,P00009,S00139,314,43310.02,25383.76,17926.26,0,0,1,137.93
2022-12-26/2023-01-01,P00009,S00140,58,7940.2,4688.72,3251.48,0,0,1,136.9
2022-12-26/2023-01-01,P00009,S00148,305,39341.95,24656.2,14685.75,0,0,1,128.99
2022-12-26/2023-01-01,P00009,S00151,116,15795.72,9377.44,6418.28,0,0,1,136.17
2022-12-26/2023-01-01,P00009,S00159,20,2823.6,1616.8,1206.8,0,0,1,141.18
2022-12-26/2023-01-01,P00009,S00163,260,35063.6,21018.4,14045.2,0,0,1,134.86
2022-12-26/2023-01-01,P00010,S00003,0,0.0,0.0,0.0,0,0,1,108.07
2022-12-26/2023-01-01,P00010,S00008,0,0.0,0.0,0.0,0,0,1,106.83
2022-12-26/2023-01-01,P00010,S00015,0,0.0,0.0,0.0,0,0,1,107.74
2022-12-26/2023-01-01,P00010,S00021,0,0.0,0.0,0.0,0,0,1,110.8
2022-12-26/2023-01-01,P00010,S00033,0,0.0,0.0,0.0,0,0,1,107.87
2022-12-26/2023-01-01,P00010,S00040,0,0.0,0.0,0.0,0,0,1,113.95
2022-12-26/2023-01-01,P00010,S00043,0,0.0,0.0,0.0,0,0,1,109.12
2022-12-26/2023-01-01,P00010,S00052,0,0.0,0.0,0.0,0,0,1,112.5
2022-12-26/2023-01-01,P00010,S00056,0,0.0,0.0,0.0,0,0,1,107.69
2022-12-26/2023-01-01,P00010,S00062,0,0.0,0.0,0.0,0,0,1,107.26
2022-12-26/2023-01-01,P00010,S00064,0,0.0,0.0,0.0,0,0,1,107.66
2022-12-26/2023-01-01,P00010,S00070,0,0.0,0.0,0.0,0,0,1,107.68
2022-12-26/2023-01-01,P00010,S00071,0,0.0,0.0,0.0,0,0,1,108.19
2022-12-26/2023-01-01,P00010,S00077,0,0.0,0.0,0.0,0,0,1,114.98
2022-12-26/2023-01-01,P00010,S00078,0,0.0,0.0,0.0,0,0,1,111.32
2022-12-26/2023-01-01,P00010,S00079,0,0.0,0.0,0.0,0,0,1,111.43
2022-12-26/2023-01-01,P00010,S00101,0,0.0,0.0,0.0,0,0,1,107.01
2022-12-26/2023-01-01,P00010,S00105,0,0.0,0.0,0.0,0,0,1,111.01
2022-12-26/2023-01-01,P00010,S00108,0,0.0,0.0,0.0,0,0,1,107.49
2022-12-26/2023-01-01,P00010,S00117,0,0.0,0.0,0.0,0,0,1,104.21
2022-12-26/2023-01-01,P00010,S00126,0,0.0,0.0,0.0,0,0,1,110.39
2022-12-26/2023-01-01,P00010,S00131,0,0.0,0.0,0.0,0,0,1,109.08
2022-12-26/2023-01-01,P00010,S00132,0,0.0,0.0,0.0,0,0,1,112.22
2022-12-26/2023-01-01,P00010,S00144,0,0.0,0.0,0.0,0,0,1,110.95
2022-12-26/2023-01-01,P00010,S00145,0,0.0,0.0,0.0,0,0,1,111.84
2022-12-26/2023-01-01,P00010,S00173,0,0.0,0.0,0.0,0,0,1,106.13
2022-12-26/2023-01-01,P00011,S00004,16,435.68,276.32,159.36,0,0,1,27.23
2022-12-26/2023-01-01,P00011,S00025,40,1073.2,690.8,382.4,0,0,1,26.83
2022-12-26/2023-01-01,P00011,S00026,36,963.72,621.72,342.0,0,0,1,26.77
2022-12-26/2023-01-01,P00011,S00036,64,1720.32,1105.28,615.04,0,0,1,26.88
2022-12-26/2023-01-01,P00011,S00043,101,2895.67,1744.27,1151.4,0,0,1,28.67
2022-12-26/2023-01-01,P00011,S00048,106,2836.56,1830.62,1005.94,0,0,1,26.76
2022-12-26/2023-01-01,P00011,S00052,43,1116.71,742.61,374.1,0,0,1,25.97
2022-12-26/2023-01-01,P00011,S00075,123,3282.87,2124.21,1158.66,0,0,1,26.69
2022-12-26/2023-01-01,P00011,S00086,46,1236.48,794.42,442.06,0,0,1,26.88
2022-12-26/2023-01-01,P00011,S00087,5,139.3,86.35,52.95,0,0,1,27.86
2022-12-26/2023-01-01,P00011,S00110,135,3591.0,2331.45,1259.55,0,0,1,26.6
2022-12-26/2023-01-01,P00011,S00113,156,4240.08,2694.12,1545.96,0,0,1,27.18
2022-12-26/2023-01-01,P00011,S00115,69,1869.9,1191.63,678.27,0,0,1,27.1
2022-12-26/2023-01-01,P00011,S00124,60,1639.8,1036.2,603.6,0,0,1,27.33
2022-12-26/2023-01-01,P00011,S00128,29,792.28,500.83,291.45,0,0,1,27.32
2022-12-26/2023-01-01,P00011,S00148,61,1609.18,1053.47,555.71,0,0,1,26.38
2022-12-26/2023-01-01,P00011,S00171,8,219.04,138.16,80.88,0,0,1,27.38
2022-12-26/2023-01-01,P00011,S00172,109,2947.36,1882.43,1064.93,0,0,1,27.04
2022-12-26/2023-01-01,P00011,S00175,62,1706.86,1070.74,636.12,0,0,1,27.53
2022-12-26/2023-01-01,P00012,S00011,15,1747.8,1078.95,668.85,0,0,1,116.52
2022-12-26/2023-01-01,P00012,S00012,19,2229.65,1366.67,862.98,0,0,1,117.35
2022-12-26/2023-01-01,P00012,S00015,65,7678.45,4675.45,3003.0,0,0,1,118.13
2022-12-26/2023-01-01,P00012,S00018,7,833.91,503.51,330.4,0,0,1,119.13
2022-12-26/2023-01-01,P00012,S00023,154,18338.32,11077.22,7261.1,0,0,1,119.08
2022-12-26/2023-01-01,P00012,S00039,35,3979.5,2517.55,1461.95,0,0,1,113.7
2022-12-26/2023-01-01,P00012,S00088,24,2858.88,1726.32,1132.56,0,0,1,119.12
2022-12-26/2023-01-01,P00012,S00108,31,3588.56,2229.83,1358.73,0,0,1,115.76
2022-12-26/2023-01-01,P00012,S00111,17,1985.94,1222.81,763.13,0,0,1,116.82
2022-12-26/2023-01-01,P00012,S00122,8,957.36,575.44,381.92,0,0,1,119.67
2022-12-26/2023-01-01,P00012,S00139,76,8955.84,5466.68,3489.16,0,0,1,117.84
2022-12-26/2023-01-01,P00012,S00147,16,1935.2,1150.88,784.32,0,0,1,120.95
2022-12-26/2023-01-01,P00012,S00148,36,4114.08,2589.48,1524.6,0,0,1,114.28
2022-12-26/2023-01-01,P00012,S00163,25,3087.75,1798.25,1289.5,0,0,1,123.51
2022-12-26/2023-01-01,P00012,S00185,30,3686.7,2157.9,1528.8,0,0,1,122.89
2022-12-26/2023-01-01,P00013,S00001,15,1246.95,837.45,409.5,0,0,1,83.13
2022-12-26/2023-01-01,P00013,S00008,9,704.97,502.47,202.5,0,0,1,78.33
2022-12-26/2023-01-01,P00013,S00009,2,162.32,111.66,50.66,0,0,1,81.16
2022-12-26/2023-01-01,P00013,S00022,104,8107.84,5806.32,2301.52,0,0,1,77.96
2022-12-26/2023-01-01,P00013,S00023,97,8216.87,5415.51,2801.36,0,0,1,84.71
2022-12-26/2023-01-01,P00013,S00024,137,11720.35,7648.71,4071.64,0,0,1,85.55
2022-12-26/2023-01-01,P00013,S00025,105,8529.15,5862.15,2667.0,0,0,1,81.23
2022-12-26/2023-01-01,P00013,S00034,61,5333.84,3405.63,1928.21,0,0,1,87.44
2022-12-26/2023-01-01,P00013,S00037,34,2799.56,1898.22,901.34,0,0,1,82.34
2022-12-26/2023-01-01,P00013,S00045,22,1830.84,1228.26,602.58,0,0,1,83.22
2022-12-26/2023-01-01,P00013,S00047,153,12728.07,8541.99,4186.08,0,0,1,83.19
2022-12-26/2023-01-01,P00013,S00061,3,234.9,167.49,67.41,0,0,1,78.3
2022-12-26/2023-01-01,P00013,S00070,15,1212.3,837.45,374.85,0,0,1,80.82
2022-12-26/2023-01-01,P00013,S00091,32,1937.28,1786.56,150.72,1,0,1,60.54
2022-12-26/2023-01-01,P00013,S00092,134,10754.84,7481.22,3273.62,0,0,1,80.26
2022-12-26/2023-01-01,P00013,S00119,10,809.0,558.3,250.7,0,0,1,80.9
2022-12-26/2023-01-01,P00013,S00131,64,5175.04,3573.12,1601.92,0,0,1,80.86
2022-12-26/2023-01-01,P00013,S00135,64,5400.96,3573.12,1827.84,0,0,1,84.39
2022-12-26/2023-01-01,P00013,S00148,24,1958.4,1339.92,618.48,0,0,1,81.6
2022-12-26/2023-01-01,P00013,S00150,55,4524.3,3070.65,1453.65,0,0,1,82.26
2022-12-26/2023-01-01,P00013,S00157,18,1464.48,1004.94,459.54,0,0,1,81.36
2022-12-26/2023-01-01,P00013,S00167,58,4640.58,3238.14,1402.44,0,0,1,80.01
2022-12-26/2023-01-01,P00013,S00173,27,2209.95,1507.41,702.54,0,0,1,81.85
2022-12-26/2023-01-01,P00013,S00194,69,5637.3,3852.27,1785.03,0,0,1,81.7
2022-12-26/2023-01-01,P00014,S00003,132,9810.24,6462.72,3347.52,0,0,1,74.32
2022-12-26/2023-01-01,P00014,S00014,36,2687.04,1762.56,924.48,0,0,1,74.64
2022-12-26/2023-01-01,P00014,S00033,18,1321.2,881.28,439.92,0,0,1,73.4
2022-12-26/2023-01-01,P00014,S00046,42,2965.2,2056.32,908.88,0,0,1,70.6
2022-12-26/2023-01-01,P00014,S00047,54,4069.98,2643.84,1426.14,0,0,1,75.37
2022-12-26/2023-01-01,P00014,S00071,59,4323.52,2888.64,1434.88,0,0,1,73.28
2022-12-26/2023-01-01,P00014,S00081,41,2923.3,2007.36,915.94,0,0,1,71.3
2022-12-26/2023-01-01,P00014,S00089,22,1547.7,1077.12,470.58,0,0,1,70.35
2022-12-26/2023-01-01,P00014,S00091,6,445.08,293.76,151.32,0,0,1,74.18
2022-12-26/2023-01-01,P00014,S00108,168,12297.6,8225.28,4072.32,0,0,1,73.2
2022-12-26/2023-01-01,P00014,S00110,32,2296.64,1566.72,729.92,0,0,1,71.77
2022-12-26/2023-01-01,P00014,S00115,67,4924.5,3280.32,1644.18,0,0,1,73.5
2022-12-26/2023-01-01,P00014,S00119,44,3109.48,2154.24,955.24,0,0,1,70.67
2022-12-26/2023-01-01,P00014,S00130,87,6351.87,4259.52,2092.35,0,0,1,73.01
2022-12-26/2023-01-01,P00014,S00134,4,280.36,195.84,84.52,0,0,1,70.09
2022-12-26/2023-01-01,P00014,S00151,69,4835.52,3378.24,1457.28,0,0,1,70.08
2022-12-26/2023-01-01,P00014,S00163,76,5684.8,3720.96,1963.84,0,0,1,74.8
2022-12-26/2023-01-01,P00014,S00173,57,4013.37,2790.72,1222.65,0,0,1,70.41
2022-12-26/2023-01-01,P00014,S00179,3,227.16,146.88,80.28,0,0,1,75.72
2022-12-26/2023-01-01,P00014,S00192,38,2826.44,1860.48,965.96,0,0,1,74.38
2022-12-26/2023-01-01,P00015,S00003,109,10602.43,6139.97,4462.46,0,0,1,97.27
2022-12-26/2023-01-01,P00015,S00007,16,1075.52,901.28,174.24,1,0,1,67.22
2022-12-26/2023-01-01,P00015,S00011,27,2688.93,1520.91,1168.02,0,0,1,99.59
2022-12-26/2023-01-01,P00015,S00028,22,2134.44,1239.26,895.18,0,0,1,97.02
2022-12-26/2023-01-01,P00015,S00055,69,6890.34,3886.77,3003.57,0,0,1,99.86
2022-12-26/2023-01-01,P00015,S00056,72,7197.84,4055.76,3142.08,0,0,1,99.97
2022-12-26/2023-01-01,P00015,S00057,2,192.7,112.66,80.04,0,0,1,96.35
2022-12-26/2023-01-01,P00015,S00060,20,1939.6,1126.6,813.0,0,0,1,96.98
2022-12-26/2023-01-01,P00015,S00062,61,6065.84,3436.13,2629.71,0,0,1,99.44
2022-12-26/2023-01-01,P00015,S00102,35,3510.5,1971.55,1538.95,0,0,1,100.3
2022-12-26/2023-01-01,P00015,S00107,7,664.93,394.31,270.62,0,0,1,94.99
2022-12-26/2023-01-01,P00015,S00110,74,7412.58,4168.42,3244.16,0,0,1,100.17
2022-12-26/2023-01-01,P00015,S00111,31,3124.49,1746.23,1378.26,0,0,1,100.79
2022-12-26/2023-01-01,P00015,S00140,44,4145.24,2478.52,1666.72,0,0,1,94.21
2022-12-26/2023-01-01,P00015,S00148,72,6928.56,4055.76,2872.8,0,0,1,96.23
2022-12-26/2023-01-01,P00015,S00157,13,1245.27,732.29,512.98,0,0,1,95.79
2022-12-26/2023-01-01,P00015,S00158,88,8797.36,4957.04,3840.32,0,0,1,99.97
2022-12-26/2023-01-01,P00015,S00164,16,1622.88,901.28,721.6,0,0,1,101.43
2022-12-26/2023-01-01,P00015,S00174,32,3248.64,1802.56,1446.08,0,0,1,101.52
2022-12-26/2023-01-01,P00016,S00015,0,0.0,0.0,0.0,0,0,1,131.45
2022-12-26/2023-01-01,P00016,S00036,0,0.0,0.0,0.0,0,0,1,135.24
2022-12-26/2023-01-01,P00016,S00053,0,0.0,0.0,0.0,0,0,1,137.8
2022-12-26/2023-01-01,P00016,S00060,0,0.0,0.0,0.0,0,0,1,140.7
2022-12-26/2023-01-01,P00016,S00062,0,0.0,0.0,0.0,0,0,1,137.48
2022-12-26/2023-01-01,P00016,S00069,0,0.0,0.0,0.0,0,0,1,137.7
2022-12-26/2023-01-01,P00016,S00075,0,0.0,0.0,0.0,0,0,1,130.79
2022-12-26/2023-01-01,P00016,S00077,0,0.0,0.0,0.0,0,0,1,137.22
2022-12-26/2023-01-01,P00016,S00099,0,0.0,0.0,0.0,0,0,1,135.51
2022-12-26/2023-01-01,P00016,S00111,0,0.0,0.0,0.0,0,0,1,135.64
2022-12-26/2023-01-01,P00016,S00117,0,0.0,0.0,0.0,0,0,1,130.51
2022-12-26/2023-01-01,P00016,S00130,0,0.0,0.0,0.0,0,0,1,139.36
2022-12-26/2023-01-01,P00016,S00133,0,0.0,0.0,0.0,0,0,1,137.86
2022-12-26/2023-01-01,P00016,S00136,0,0.0,0.0,0.0,0,0,1,141.91
2022-12-26/2023-01-01,P00016,S00139,0,0.0,0.0,0.0,0,0,1,137.58
2022-12-26/2023-01-01,P00016,S00176,0,0.0,0.0,0.0,0,0,1,130.1
2022-12-26/2023-01-01,P00016,S00186,0,0.0,0.0,0.0,0,0,1,136.23
2022-12-26/2023-01-01,P00017,S00015,51,5387.64,3806.64,1581.0,0,0,1,105.64
2022-12-26/2023-01-01,P00017,S00019,23,2499.18,1716.72,782.46,0,0,1,108.66
2022-12-26/2023-01-01,P00017,S00021,121,13513.28,9031.44,4481.84,0,0,1,111.68
2022-12-26/2023-01-01,P00017,S00030,77,7992.6,5747.28,2245.32,0,0,1,103.8
2022-12-26/2023-01-01,P00017,S00035,13,1315.47,970.32,345.15,0,0,1,101.19
2022-12-26/2023-01-01,P00017,S00036,59,6242.2,4403.76,1838.44,0,0,1,105.8
2022-12-26/2023-01-01,P00017,S00042,33,2831.73,2463.12,368.61,1,0,1,85.81
2022-12-26/2023-01-01,P00017,S00043,173,18940.04,12912.72,6027.32,0,0,1,109.48
2022-12-26/2023-01-01,P00017,S00067,13,1341.99,970.32,371.67,0,0,1,103.23
2022-12-26/2023-01-01,P00017,S00070,51,5418.24,3806.64,1611.6,0,0,1,106.24
2022-12-26/2023-01-01,P00017,S00076,6,654.0,447.84,206.16,0,0,1,109.0
2022-12-26/2023-01-01,P00017,S00084,27,2981.34,2015.28,966.06,0,0,1,110.42
2022-12-26/2023-01-01,P00017,S00086,34,3531.24,2537.76,993.48,0,0,1,103.86
2022-12-26/2023-01-01,P00017,S00089,41,4269.74,3060.24,1209.5,0,0,1,104.14
2022-12-26/2023-01-01,P00017,S00099,28,2850.4,2089.92,760.48,0,0,1,101.8
2022-12-26/2023-01-01,P00017,S00101,23,2413.39,1716.72,696.67,0,0,1,104.93
2022-12-26/2023-01-01,P00017,S00105,5,532.4,373.2,159.2,0,0,1,106.48
2022-12-26/2023-01-01,P00017,S00126,30,3308.7,2239.2,1069.5,0,0,1,110.29
2022-12-26/2023-01-01,P00017,S00130,113,12213.04,8434.32,3778.72,0,0,1,108.08
2022-12-26/2023-01-01,P00017,S00131,35,3881.15,2612.4,1268.75,0,0,1,110.89
2022-12-26/2023-01-01,P00017,S00134,8,827.28,597.12,230.16,0,0,1,103.41
2022-12-26/2023-01-01,P00017,S00135,51,5453.43,3806.64,1646.79,0,0,1,106.93
2022-12-26/2023-01-01,P00017,S00143,8,848.8,597.12,251.68,0,0,1,106.1
2022-12-26/2023-01-01,P00017,S00157,22,2388.54,1642.08,746.46,0,0,1,108.57
2022-12-26/2023-01-01,P00017,S00163,41,4126.65,3060.24,1066.41,0,0,1,100.65
2022-12-26/2023-01-01,P00017,S00164,33,3481.5,2463.12,1018.38,0,0,1,105.5
2022-12-26/2023-01-01,P00017,S00172,50,5213.5,3732.0,1481.5,0,0,1,104.27
2022-12-26/2023-01-01,P00017,S00173,42,4198.74,3134.88,1063.86,0,0,1,99.97
2022-12-26/2023-01-01,P00017,S00175,105,11387.25,7837.2,3550.05,0,0,1,108.45
2022-12-26/2023-01-01,P00017,S00184,10,1034.5,746.4,288.1,0,0,1,103.45
2022-12-26/2023-01-01,P00017,S00188,48,5046.24,3582.72,1463.52,0,0,1,105.13
2022-12-26/2023-01-01,P00017,S00189,94,10340.94,7016.16,3324.78,0,0,1,110.01
2022-12-26/2023-01-01,P00017,S00193,66,7143.18,4926.24,2216.94,0,0,1,108.23
2022-12-26/2023-01-01,P00018,S00006,16,1767.2,1094.08,673.12,0,0,1,110.45
2022-12-26/2023-01-01,P00018,S00012,181,20201.41,12376.78,7824.63,0,0,1,111.61
2022-12-26/2023-01-01,P00018,S00021,75,8431.5,5128.5,3303.0,0,0,1,112.42
2022-12-26/2023-01-01,P00018,S00036,48,5223.84,3282.24,1941.6,0,0,1,108.83
2022-12-26/2023-01-01,P00018,S00044,33,3625.38,2256.54,1368.84,0,0,1,109.86
2022-12-26/2023-01-01,P00018,S00051,81,8916.48,5538.78,3377.7,0,0,1,110.08
2022-12-26/2023-01-01,P00018,S00062,34,3864.1,2324.92,1539.18,0,0,1,113.65
2022-12-26/2023-01-01,P00018,S00070,97,10662.24,6632.86,4029.38,0,0,1,109.92
2022-12-26/2023-01-01,P00018,S00072,24,2627.28,1641.12,986.16,0,0,1,109.47
2022-12-26/2023-01-01,P00018,S00076,45,5158.35,3077.1,2081.25,0,0,1,114.63
2022-12-26/2023-01-01,P00018,S00077,142,15980.68,9709.96,6270.72,0,0,1,112.54
2022-12-26/2023-01-01,P00018,S00078,10,1116.1,683.8,432.3,0,0,1,111.61
2022-12-26/2023-01-01,P00018,S00099,202,17149.8,13812.76,3337.04,1,0,1,84.9
2022-12-26/2023-01-01,P00018,S00109,62,6829.3,4239.56,2589.74,0,0,1,110.15
2022-12-26/2023-01-01,P00018,S00131,39,4433.91,2666.82,1767.09,0,0,1,113.69
2022-12-26/2023-01-01,P00018,S00135,193,21675.83,13197.34,8478.49,0,0,1,112.31
2022-12-26/2023-01-01,P00018,S00136,67,7549.56,4581.46,2968.1,0,0,1,112.68
2022-12-26/2023-01-01,P00018,S00144,116,12917.76,7932.08,4985.68,0,0,1,111.36
2022-12-26/2023-01-01,P00018,S00147,41,4731.4,2803.58,1927.82,0,0,1,115.4
2022-12-26/2023-01-01,P00018,S00158,40,4446.0,2735.2,1710.8,0,0,1,111.15
2022-12-26/2023-01-01,P00018,S00163,99,11082.06,6769.62,4312.44,0,0,1,111.94
2022-12-26/2023-01-01,P00018,S00185,174,19759.44,11898.12,7861.32,0,0,1,113.56
2022-12-26/2023-01-01,P00018,S00188,141,16358.82,9641.58,6717.24,0,0,1,116.02
2022-12-26/2023-01-01,P00018,S00200,38,4127.18,2598.44,1528.74,0,0,1,108.61
2022-12-26/2023-01-01,P00019,S00012,138,17243.1,9319.14,7923.96,0,0,1,124.95
2022-12-26/2023-01-01,P00019,S00019,69,8756.1,4659.57,4096.53,0,0,1,126.9
2022-12-26/2023-01-01,P00019,S00023,201,23500.92,13573.53,9927.39,0,0,1,116.92
2022-12-26/2023-01-01,P00019,S00049,39,4770.09,2633.67,2136.42,0,0,1,122.31
2022-12-26/2023-01-01,P00019,S00071,122,14350.86,8238.66,6112.2,0,0,1,117.63
2022-12-26/2023-01-01,P00019,S00074,27,3312.9,1823.31,1489.59,0,0,1,122.7
2022-12-26/2023-01-01,P00019,S00077,197,24863.37,13303.41,11559.96,0,0,1,126.21
2022-12-26/2023-01-01,P00019,S00082,392,47635.84,26471.76,21164.08,0,0,1,121.52
2022-12-26/2023-01-01,P00019,S00086,140,16772.0,9454.2,7317.8,0,0,1,119.8
2022-12-26/2023-01-01,P00019,S00095,18,2166.66,1215.54,951.12,0,0,1,120.37
2022-12-26/2023-01-01,P00019,S00108,203,23720.55,13708.59,10011.96,0,0,1,116.85
2022-12-26/2023-01-01,P00019,S00115,247,32097.65,16679.91,15417.74,0,0,1,129.95
2022-12-26/2023-01-01,P00019,S00119,114,13505.58,7698.42,5807.16,0,0,1,118.47
2022-12-26/2023-01-01,P00019,S00121,54,6538.32,3646.62,2891.7,0,0,1,121.08
2022-12-26/2023-01-01,P00019,S00139,285,35505.3,19246.05,16259.25,0,0,1,124.58
2022-12-26/2023-01-01,P00019,S00144,248,30851.2,16747.44,14103.76,0,0,1,124.4
2022-12-26/2023-01-01,P00019,S00158,308,38869.6,20799.24,18070.36,0,0,1,126.2
2022-12-26/2023-01-01,P00019,S00187,239,30472.5,16139.67,14332.83,0,0,1,127.5
2022-12-26/2023-01-01,P00020,S00003,140,17728.2,10628.8,7099.4,0,0,1,126.63
2022-12-26/2023-01-01,P00020,S00018,23,2909.96,1746.16,1163.8,0,0,1,126.52
2022-12-26/2023-01-01,P00020,S00047,35,4413.5,2657.2,1756.3,0,0,1,126.1
2022-12-26/2023-01-01,P00020,S00056,100,12688.0,7592.0,5096.0,0,0,1,126.88
2022-12-26/2023-01-01,P00020,S00062,69,8620.86,5238.48,3382.38,0,0,1,124.94
2022-12-26/2023-01-01,P00020,S00068,39,5033.34,2960.88,2072.46,0,0,1,129.06
2022-12-26/2023-01-01,P00020,S00082,64,8259.2,4858.88,3400.32,0,0,1,129.05
2022-12-26/2023-01-01,P00020,S00117,19,2346.88,1442.48,904.4,0,0,1,123.52
2022-12-26/2023-01-01,P00020,S00133,39,5047.38,2960.88,2086.5,0,0,1,129.42
2022-12-26/2023-01-01,P00020,S00135,56,7468.72,4251.52,3217.2,0,0,1,133.37
2022-12-26/2023-01-01,P00020,S00148,84,10227.0,6377.28,3849.72,0,0,1,121.75
2022-12-26/2023-01-01,P00020,S00173,19,2386.4,1442.48,943.92,0,0,1,125.6
2022-12-26/2023-01-01,P00020,S00181,51,6647.85,3871.92,2775.93,0,0,1,130.35
2022-12-26/2023-01-01,P00020,S00200,10,1247.7,759.2,488.5,0,0,1,124.77
2022-12-26/2023-01-01,P00021,S00001,38,3857.0,2311.16,1545.84,0,0,1,101.5
2022-12-26/2023-01-01,P00021,S00018,29,3014.84,1763.78,1251.06,0,0,1,103.96
2022-12-26/2023-01-01,P00021,S00023,111,11164.38,6751.02,4413.36,0,0,1,100.58
2022-12-26/2023-01-01,P00021,S00024,61,6385.48,3710.02,2675.46,0,0,1,104.68
2022-12-26/2023-01-01,P00021,S00029,77,7847.07,4683.14,3163.93,0,0,1,101.91
2022-12-26/2023-01-01,P00021,S00036,45,4747.95,2736.9,2011.05,0,0,1,105.51
2022-12-26/2023-01-01,P00021,S00051,15,1513.2,912.3,600.9,0,0,1,100.88
2022-12-26/2023-01-01,P00021,S00062,79,7818.63,4804.78,3013.85,0,0,1,98.97
2022-12-26/2023-01-01,P00021,S00077,101,10233.32,6142.82,4090.5,0,0,1,101.32
2022-12-26/2023-01-01,P00021,S00081,46,4743.52,2797.72,1945.8,0,0,1,103.12
2022-12-26/2023-01-01,P00021,S00082,123,12713.28,7480.86,5232.42,0,0,1,103.36
2022-12-26/2023-01-01,P00021,S00088,14,1471.12,851.48,619.64,0,0,1,105.08
2022-12-26/2023-01-01,P00021,S00106,21,2151.45,1277.22,874.23,0,0,1,102.45
2022-12-26/2023-01-01,P00021,S00107,6,596.94,364.92,232.02,0,0,1,99.49
2022-12-26/2023-01-01,P00021,S00108,105,10789.8,6386.1,4403.7,0,0,1,102.76
2022-12-26/2023-01-01,P00021,S00126,60,6307.2,3649.2,2658.0,0,0,1,105.12
2022-12-26/2023-01-01,P00021,S00127,47,4945.34,2858.54,2086.8,0,0,1,105.22
2022-12-26/2023-01-01,P00021,S00130,161,16713.41,9792.02,6921.39,0,0,1,103.81
2022-12-26/2023-01-01,P00021,S00135,107,10515.96,6507.74,4008.22,0,0,1,98.28
2022-12-26/2023-01-01,P00021,S00138,38,3930.72,2311.16,1619.56,0,0,1,103.44
2022-12-26/2023-01-01,P00021,S00140,49,4813.27,2980.18,1833.09,0,0,1,98.23
2022-12-26/2023-01-01,P00021,S00163,80,8581.6,4865.6,3716.0,0,0,1,107.27
2022-12-26/2023-01-01,P00021,S00174,76,7786.96,4622.32,3164.64,0,0,1,102.46
2022-12-26/2023-01-01,P00021,S00186,32,3278.72,1946.24,1332.48,0,0,1,102.46
2022-12-26/2023-01-01,P00021,S00193,21,2119.53,1277.22,842.31,0,0,1,100.93
2022-12-26/2023-01-01,P00021,S00200,57,5622.48,3466.74,2155.74,0,0,1,98.64
2022-12-26/2023-01-01,P00022,S00024,216,12193.2,6760.8,5432.4,0,0,1,56.45
2022-12-26/2023-01-01,P00022,S00030,127,6709.41,3975.1,2734.31,0,0,1,52.83
2022-12-26/2023-01-01,P00022,S00038,42,2161.32,1314.6,846.72,0,0,1,51.46
2022-12-26/2023-01-01,P00022,S00039,114,6068.22,3568.2,2500.02,0,0,1,53.23
2022-12-26/2023-01-01,P00022,S00047,102,5758.92,3192.6,2566.32,0,0,1,56.46
2022-12-26/2023-01-01,P00022,S00055,152,8204.96,4757.6,3447.36,0,0,1,53.98
2022-12-26/2023-01-01,P00022,S00082,200,11094.0,6260.0,4834.0,0,0,1,55.47
2022-12-26/2023-01-01,P00022,S00084,33,1810.38,1032.9,777.48,0,0,1,54.86
2022-12-26/2023-01-01,P00022,S00086,46,2589.8,1439.8,1150.0,0,0,1,56.3
2022-12-26/2023-01-01,P00022,S00102,69,3748.77,2159.7,1589.07,0,0,1,54.33
2022-12-26/2023-01-01,P00022,S00106,40,2186.8,1252.0,934.8,0,0,1,54.67
2022-12-26/2023-01-01,P00022,S00108,85,4482.9,2660.5,1822.4,0,0,1,52.74
2022-12-26/2023-01-01,P00022,S00109,66,3628.68,2065.8,1562.88,0,0,1,54.98
2022-12-26/2023-01-01,P00022,S00111,78,4204.98,2441.4,1763.58,0,0,1,53.91
2022-12-26/2023-01-01,P00022,S00113,103,5613.5,3223.9,2389.6,0,0,1,54.5
2022-12-26/2023-01-01,P00022,S00120,45,2471.85,1408.5,1063.35,0,0,1,54.93
2022-12-26/2023-01-01,P00022,S00126,258,14641.5,8075.4,6566.1,0,0,1,56.75
2022-12-26/2023-01-01,P00022,S00127,143,7762.04,4475.9,3286.14,0,0,1,54.28
2022-12-26/2023-01-01,P00022,S00128,78,4374.24,2441.4,1932.84,0,0,1,56.08
2022-12-26/2023-01-01,P00022,S00129,78,4195.62,2441.4,1754.22,0,0,1,53.79
2022-12-26/2023-01-01,P00022,S00142,8,436.8,250.4,186.4,0,0,1,54.6
2022-12-26/2023-01-01,P00022,S00147,77,4262.72,2410.1,1852.62,0,0,1,55.36
2022-12-26/2023-01-01,P00022,S00151,57,3064.89,1784.1,1280.79,0,0,1,53.77
2022-12-26/2023-01-01,P00022,S00158,79,4439.8,2472.7,1967.1,0,0,1,56.2
2022-12-26/2023-01-01,P00022,S00163,85,4535.6,2660.5,1875.1,0,0,1,53.36
2022-12-26/2023-01-01,P00022,S00174,62,3344.9,1940.6,1404.3,0,0,1,53.95
2022-12-26/2023-01-01,P00022,S00195,157,8867.36,4914.1,3953.26,0,0,1,56.48
2022-12-26/2023-01-01,P00022,S00199,15,815.55,469.5,346.05,0,0,1,54.37
2022-12-26/2023-01-01,P00023,S00003,121,10522.16,6093.56,4428.6,0,0,1,86.96
2022-12-26/2023-01-01,P00023,S00015,105,9526.65,5287.8,4238.85,0,0,1,90.73
2022-12-26/2023-01-01,P00023,S00026,44,3896.2,2215.84,1680.36,0,0,1,88.55
2022-12-26/2023-01-01,P00023,S00034,84,7927.08,4230.24,3696.84,0,0,1,94.37
2022-12-26/2023-01-01,P00023,S00081,124,11207.12,6244.64,4962.48,0,0,1,90.38
2022-12-26/2023-01-01,P00023,S00092,161,14211.47,8107.96,6103.51,0,0,1,88.27
2022-12-26/2023-01-01,P00023,S00119,37,3192.73,1863.32,1329.41,0,0,1,86.29
2022-12-26/2023-01-01,P00023,S00121,10,873.1,503.6,369.5,0,0,1,87.31
2022-12-26/2023-01-01,P00023,S00141,35,3286.15,1762.6,1523.55,0,0,1,93.89
2022-12-26/2023-01-01,P00023,S00173,10,866.5,503.6,362.9,0,0,1,86.65
2022-12-26/2023-01-01,P00024,S00018,12,1410.84,749.88,660.96,0,0,1,117.57
2022-12-26/2023-01-01,P00024,S00021,141,16182.57,8811.09,7371.48,0,0,1,114.77
2022-12-26/2023-01-01,P00024,S00022,30,3391.2,1874.7,1516.5,0,0,1,113.04
2022-12-26/2023-01-01,P00024,S00023,53,5917.98,3311.97,2606.01,0,0,1,111.66
2022-12-26/2023-01-01,P00024,S00026,61,6832.0,3811.89,3020.11,0,0,1,112.0
2022-12-26/2023-01-01,P00024,S00037,55,6562.05,3436.95,3125.1,0,0,1,119.31
2022-12-26/2023-01-01,P00024,S00049,29,3186.23,1812.21,1374.02,0,0,1,109.87
2022-12-26/2023-01-01,P00024,S00076,15,1754.25,937.35,816.9,0,0,1,116.95
2022-12-26/2023-01-01,P00024,S00086,45,5103.0,2812.05,2290.95,0,0,1,113.4
2022-12-26/2023-01-01,P00024,S00139,36,4116.24,2249.64,1866.6,0,0,1,114.34
2022-12-26/2023-01-01,P00024,S00150,18,2006.28,1124.82,881.46,0,0,1,111.46
2022-12-26/2023-01-01,P00024,S00152,22,2413.4,1374.78,1038.62,0,0,1,109.7
2022-12-26/2023-01-01,P00024,S00157,67,7434.99,4186.83,3248.16,0,0,1,110.97
2022-12-26/2023-01-01,P00024,S00185,34,3947.74,2124.66,1823.08,0,0,1,116.11
2022-12-26/2023-01-01,P00024,S00189,67,7829.62,4186.83,3642.79,0,0,1,116.86
2022-12-26/2023-01-01,P00025,S00024,133,14590.1,9178.33,5411.77,0,0,1,109.7
2022-12-26/2023-01-01,P00025,S00028,41,4224.23,2829.41,1394.82,0,0,1,103.03
2022-12-26/2023-01-01,P00025,S00034,102,11204.7,7039.02,4165.68,0,0,1,109.85
2022-12-26/2023-01-01,P00025,S00052,53,5677.89,3657.53,2020.36,0,0,1,107.13
2022-12-26/2023-01-01,P00025,S00070,42,4416.3,2898.42,1517.88,0,0,1,105.15
2022-12-26/2023-01-01,P00025,S00102,58,6069.12,4002.58,2066.54,0,0,1,104.64
2022-12-26/2023-01-01,P00025,S00124,97,9846.47,6693.97,3152.5,0,0,1,101.51
2022-12-26/2023-01-01,P00025,S00126,119,12890.08,8212.19,4677.89,0,0,1,108.32
2022-12-26/2023-01-01,P00025,S00148,266,27690.6,18356.66,9333.94,0,0,1,104.1
2022-12-26/2023-01-01,P00025,S00153,28,2817.36,1932.28,885.08,0,0,1,100.62
2022-12-26/2023-01-01,P00025,S00173,70,7310.1,4830.7,2479.4,0,0,1,104.43
2022-12-26/2023-01-01,P00025,S00187,97,10711.71,6693.97,4017.74,0,0,1,110.43
2022-12-26/2023-01-01,P00026,S00001,23,441.14,286.12,155.02,0,0,1,19.18
2022-12-26/2023-01-01,P00026,S00004,8,159.28,99.52,59.76,0,0,1,19.91
2022-12-26/2023-01-01,P00026,S00008,12,167.04,149.28,17.76,1,0,1,13.92
2022-12-26/2023-01-01,P00026,S00015,68,1315.12,845.92,469.2,0,0,1,19.34
2022-12-26/2023-01-01,P00026,S00024,38,761.52,472.72,288.8,0,0,1,20.04
2022-12-26/2023-01-01,P00026,S00026,20,376.2,248.8,127.4,0,0,1,18.81
2022-12-26/2023-01-01,P00026,S00034,91,1881.88,1132.04,749.84,0,0,1,20.68
2022-12-26/2023-01-01,P00026,S00036,44,843.92,547.36,296.56,0,0,1,19.18
2022-12-26/2023-01-01,P00026,S00046,14,269.08,174.16,94.92,0,0,1,19.22
2022-12-26/2023-01-01,P00026,S00051,37,734.08,460.28,273.8,0,0,1,19.84
2022-12-26/2023-01-01,P00026,S00056,64,1239.68,796.16,443.52,0,0,1,19.37
2022-12-26/2023-01-01,P00026,S00068,37,745.18,460.28,284.9,0,0,1,20.14
2022-12-26/2023-01-01,P00026,S00070,18,353.7,223.92,129.78,0,0,1,19.65
2022-12-26/2023-01-01,P00026,S00075,17,321.3,211.48,109.82,0,0,1,18.9
2022-12-26/2023-01-01,P00026,S00085,15,285.6,186.6,99.0,0,0,1,19.04
2022-12-26/2023-01-01,P00026,S00092,61,1151.07,758.84,392.23,0,0,1,18.87
2022-12-26/2023-01-01,P00026,S00108,47,892.06,584.68,307.38,0,0,1,18.98
2022-12-26/2023-01-01,P00026,S00131,33,634.59,410.52,224.07,0,0,1,19.23
2022-12-26/2023-01-01,P00026,S00144,58,1144.92,721.52,423.4,0,0,1,19.74
2022-12-26/2023-01-01,P00026,S00148,38,726.56,472.72,253.84,0,0,1,19.12
2022-12-26/2023-01-01,P00026,S00156,16,309.92,199.04,110.88,0,0,1,19.37
2022-12-26/2023-01-01,P00026,S00172,19,365.75,236.36,129.39,0,0,1,19.25
2022-12-26/2023-01-01,P00026,S00177,18,352.44,223.92,128.52,0,0,1,19.58
2022-12-26/2023-01-01,P00026,S00189,60,1170.6,746.4,424.2,0,0,1,19.51
2022-12-26/2023-01-01,P00026,S00194,36,695.88,447.84,248.04,0,0,1,19.33
2022-12-26/2023-01-01,P00026,S00195,45,886.05,559.8,326.25,0,0,1,19.69
2022-12-26/2023-01-01,P00026,S00199,2,36.9,24.88,12.02,0,0,1,18.45
2022-12-26/2023-01-01,P00027,S00001,37,3275.24,2281.42,993.82,0,0,1,88.52
2022-12-26/2023-01-01,P00027,S00011,46,4234.3,2836.36,1397.94,0,0,1,92.05
2022-12-26/2023-01-01,P00027,S00022,36,3092.76,2219.76,873.0,0,0,1,85.91
2022-12-26/2023-01-01,P00027,S00023,155,13692.7,9557.3,4135.4,0,0,1,88.34
2022-12-26/2023-01-01,P00027,S00035,13,1181.31,801.58,379.73,0,0,1,90.87
2022-12-26/2023-01-01,P00027,S00046,32,2892.8,1973.12,919.68,0,0,1,90.4
2022-12-26/2023-01-01,P00027,S00048,36,3317.4,2219.76,1097.64,0,0,1,92.15
2022-12-26/2023-01-01,P00027,S00049,12,1134.48,739.92,394.56,0,0,1,94.54
2022-12-26/2023-01-01,P00027,S00056,94,8472.22,5796.04,2676.18,0,0,1,90.13
2022-12-26/2023-01-01,P00027,S00067,23,2079.43,1418.18,661.25,0,0,1,90.41
2022-12-26/2023-01-01,P00027,S00071,16,1424.0,986.56,437.44,0,0,1,89.0
2022-12-26/2023-01-01,P00027,S00073,12,1097.76,739.92,357.84,0,0,1,91.48
2022-12-26/2023-01-01,P00027,S00075,52,4884.88,3206.32,1678.56,0,0,1,93.94
2022-12-26/2023-01-01,P00027,S00126,108,10396.08,6659.28,3736.8,0,0,1,96.26
2022-12-26/2023-01-01,P00027,S00128,11,1059.19,678.26,380.93,0,0,1,96.29
2022-12-26/2023-01-01,P00027,S00130,139,13444.08,8570.74,4873.34,0,0,1,96.72
2022-12-26/2023-01-01,P00027,S00133,23,2084.49,1418.18,666.31,0,0,1,90.63
2022-12-26/2023-01-01,P00027,S00134,15,1333.5,924.9,408.6,0,0,1,88.9
2022-12-26/2023-01-01,P00027,S00141,26,2421.9,1603.16,818.74,0,0,1,93.15
2022-12-26/2023-01-01,P00027,S00145,24,2187.12,1479.84,707.28,0,0,1,91.13
2022-12-26/2023-01-01,P00027,S00152,50,4316.5,3083.0,1233.5,0,0,1,86.33
2022-12-26/2023-01-01,P00027,S00162,35,3125.15,2158.1,967.05,0,0,1,89.29
2022-12-26/2023-01-01,P00027,S00187,26,2422.68,1603.16,819.52,0,0,1,93.18
2022-12-26/2023-01-01,P00027,S00192,45,4180.95,2774.7,1406.25,0,0,1,92.91
2022-12-26/2023-01-01,P00027,S00194,58,5440.4,3576.28,1864.12,0,0,1,93.8
2022-12-26/2023-01-01,P00028,S00001,38,1958.9,1394.22,564.68,0,0,1,51.55
2022-12-26/2023-01-01,P00028,S00015,140,7350.0,5136.6,2213.4,0,0,1,52.5
2022-12-26/2023-01-01,P00028,S00023,153,8076.87,5613.57,2463.3,0,0,1,52.79
2022-12-26/2023-01-01,P00028,S00068,248,13263.04,9099.12,4163.92,0,0,1,53.48
2022-12-26/2023-01-01,P00028,S00070,95,5023.6,3485.55,1538.05,0,0,1,52.88
2022-12-26/2023-01-01,P00028,S00077,127,6936.74,4659.63,2277.11,0,0,1,54.62
2022-12-26/2023-01-01,P00028,S00092,105,5500.95,3852.45,1648.5,0,0,1,52.39
2022-12-26/2023-01-01,P00028,S00117,59,3106.35,2164.71,941.64,0,0,1,52.65
2022-12-26/2023-01-01,P00028,S00144,104,5757.44,3815.76,1941.68,0,0,1,55.36
2022-12-26/2023-01-01,P00028,S00169,78,4230.72,2861.82,1368.9,0,0,1,54.24
2022-12-26/2023-01-01,P00028,S00195,48,2654.88,1761.12,893.76,0,0,1,55.31
2022-12-26/2023-01-01,P00029,S00003,32,3092.8,1905.6,1187.2,0,0,1,96.65
2022-12-26/2023-01-01,P00029,S00019,33,3247.53,1965.15,1282.38,0,0,1,98.41
2022-12-26/2023-01-01,P00029,S00021,67,6683.92,3989.85,2694.07,0,0,1,99.76
2022-12-26/2023-01-01,P00029,S00023,29,2781.39,1726.95,1054.44,0,0,1,95.91
2022-12-26/2023-01-01,P00029,S00068,26,2479.62,1548.3,931.32,0,0,1,95.37
2022-12-26/2023-01-01,P00029,S00069,48,4825.44,2858.4,1967.04,0,0,1,100.53
2022-12-26/2023-01-01,P00029,S00086,30,2975.7,1786.5,1189.2,0,0,1,99.19
2022-12-26/2023-01-01,P00029,S00099,35,3193.75,2084.25,1109.5,0,0,1,91.25
2022-12-26/2023-01-01,P00029,S00108,41,3735.51,2441.55,1293.96,0,0,1,91.11
2022-12-26/2023-01-01,P00029,S00125,14,1404.76,833.7,571.06,0,0,1,100.34
2022-12-26/2023-01-01,P00029,S00127,35,3428.25,2084.25,1344.0,0,0,1,97.95
2022-12-26/2023-01-01,P00029,S00130,33,3411.54,1965.15,1446.39,0,0,1,103.38
2022-12-26/2023-01-01,P00029,S00131,34,3298.68,2024.7,1273.98,0,0,1,97.02
2022-12-26/2023-01-01,P00029,S00135,46,4589.88,2739.3,1850.58,0,0,1,99.78
2022-12-26/2023-01-01,P00029,S00138,2,194.44,119.1,75.34,0,0,1,97.22
2022-12-26/2023-01-01,P00029,S00139,61,5868.2,3632.55,2235.65,0,0,1,96.2
2022-12-26/2023-01-01,P00029,S00159,12,1172.28,714.6,457.68,0,0,1,97.69
2022-12-26/2023-01-01,P00029,S00162,50,4724.5,2977.5,1747.0,0,0,1,94.49
2022-12-26/2023-01-01,P00029,S00163,32,3162.88,1905.6,1257.28,0,0,1,98.84
2022-12-26/2023-01-01,P00029,S00189,37,3811.0,2203.35,1607.65,0,0,1,103.0
2022-12-26/2023-01-01,P00029,S00200,25,2361.75,1488.75,873.0,0,0,1,94.47
2022-12-26/2023-01-01,P00030,S00003,52,4626.96,3245.32,1381.64,0,0,1,88.98
2022-12-26/2023-01-01,P00030,S00012,43,4081.99,2683.63,1398.36,0,0,1,94.93
2022-12-26/2023-01-01,P00030,S00023,45,4077.0,2808.45,1268.55,0,0,1,90.6
2022-12-26/2023-01-01,P00030,S00028,8,713.52,499.28,214.24,0,0,1,89.19
2022-12-26/2023-01-01,P00030,S00030,40,3580.0,2496.4,1083.6,0,0,1,89.5
2022-12-26/2023-01-01,P00030,S00038,12,1087.68,748.92,338.76,0,0,1,90.64
2022-12-26/2023-01-01,P00030,S00043,54,4943.7,3370.14,1573.56,0,0,1,91.55
2022-12-26/2023-01-01,P00030,S00069,14,1260.0,873.74,386.26,0,0,1,90.0
2022-12-26/2023-01-01,P00030,S00070,31,2909.66,1934.71,974.95,0,0,1,93.86
2022-12-26/2023-01-01,P00030,S00071,35,3171.0,2184.35,986.65,0,0,1,90.6
2022-12-26/2023-01-01,P00030,S00075,28,2493.12,1747.48,745.64,0,0,1,89.04
2022-12-26/2023-01-01,P00030,S00077,55,5209.6,3432.55,1777.05,0,0,1,94.72
2022-12-26/2023-01-01,P00030,S00119,19,1661.17,1185.79,475.38,0,0,1,87.43
2022-12-26/2023-01-01,P00030,S00120,6,527.04,374.46,152.58,0,0,1,87.84
2022-12-26/2023-01-01,P00030,S00122,3,274.74,187.23,87.51,0,0,1,91.58
2022-12-26/2023-01-01,P00030,S00123,16,1475.36,998.56,476.8,0,0,1,92.21
2022-12-26/2023-01-01,P00030,S00126,58,5284.96,3619.78,1665.18,0,0,1,91.12
2022-12-26/2023-01-01,P00030,S00149,25,2243.25,1560.25,683.0,0,0,1,89.73
2022-12-26/2023-01-01,P00030,S00158,31,2862.54,1934.71,927.83,0,0,1,92.34
2022-12-26/2023-01-01,P00030,S00162,36,3164.4,2246.76,917.64,0,0,1,87.9
2022-12-26/2023-01-01,P00030,S00184,7,626.57,436.87,189.7,0,0,1,89.51
2022-12-26/2023-01-01,P00030,S00187,65,6119.1,4056.65,2062.45,0,0,1,94.14
2022-12-26/2023-01-01,P00030,S00189,18,1659.96,1123.38,536.58,0,0,1,92.22
2022-12-26/2023-01-01,P00031,S00003,161,20276.34,11426.17,8850.17,0,0,1,125.94
2022-12-26/2023-01-01,P00031,S00011,869,111961.96,61672.93,50289.03,0,0,1,128.84
2022-12-26/2023-01-01,P00031,S00017,13,1728.22,922.61,805.61,0,0,1,132.94
2022-12-26/2023-01-01,P00031,S00030,126,16480.8,8942.22,7538.58,0,0,1,130.8
2022-12-26/2023-01-01,P00031,S00033,122,15234.14,8658.34,6575.8,0,0,1,124.87
2022-12-26/2023-01-01,P00031,S00035,55,6994.35,3903.35,3091.0,0,0,1,127.17
2022-12-26/2023-01-01,P00031,S00055,163,22399.46,11568.11,10831.35,0,0,1,137.42
2022-12-26/2023-01-01,P00031,S00070,217,29277.64,15400.49,13877.15,0,0,1,134.92
2022-12-26/2023-01-01,P00031,S00072,89,11565.55,6316.33,5249.22,0,0,1,129.95
2022-12-26/2023-01-01,P00031,S00073,118,15600.78,8374.46,7226.32,0,0,1,132.21
2022-12-26/2023-01-01,P00031,S00091,45,5939.1,3193.65,2745.45,0,0,1,131.98
2022-12-26/2023-01-01,P00031,S00111,55,7114.25,3903.35,3210.9,0,0,1,129.35
2022-12-26/2023-01-01,P00031,S00124,109,13791.77,7735.73,6056.04,0,0,1,126.53
2022-12-26/2023-01-01,P00031,S00126,617,81308.26,43788.49,37519.77,0,0,1,131.78
2022-12-26/2023-01-01,P00031,S00138,32,4101.44,2271.04,1830.4,0,0,1,128.17
2022-12-26/2023-01-01,P00031,S00140,41,5027.83,2909.77,2118.06,0,0,1,122.63
2022-12-26/2023-01-01,P00031,S00147,61,7973.31,4329.17,3644.14,0,0,1,130.71
2022-12-26/2023-01-01,P00031,S00148,241,31211.91,17103.77,14108.14,0,0,1,129.51
2022-12-26/2023-01-01,P00031,S00150,47,6047.02,3335.59,2711.43,0,0,1,128.66
2022-12-26/2023-01-01,P00031,S00158,90,11738.7,6387.3,5351.4,0,0,1,130.43
2022-12-26/2023-01-01,P00031,S00160,29,3700.98,2058.13,1642.85,0,0,1,127.62
2022-12-26/2023-01-01,P00031,S00162,82,10514.04,5819.54,4694.5,0,0,1,128.22
2022-12-26/2023-01-01,P00031,S00164,119,16080.47,8445.43,7635.04,0,0,1,135.13
2022-12-26/2023-01-01,P00031,S00174,86,11526.58,6103.42,5423.16,0,0,1,134.03
2022-12-26/2023-01-01,P00031,S00187,162,21452.04,11497.14,9954.9,0,0,1,132.42
2022-12-26/2023-01-01,P00032,S00003,144,9367.2,6645.6,2721.6,0,0,1,65.05
2022-12-26/2023-01-01,P00032,S00008,4,250.84,184.6,66.24,0,0,1,62.71
2022-12-26/2023-01-01,P00032,S00019,52,3720.08,2399.8,1320.28,0,0,1,71.54
2022-12-26/2023-01-01,P00032,S00022,41,2630.97,1892.15,738.82,0,0,1,64.17
2022-12-26/2023-01-01,P00032,S00024,72,4728.24,3322.8,1405.44,0,0,1,65.67
2022-12-26/2023-01-01,P00032,S00027,66,4414.08,3045.9,1368.18,0,0,1,66.88
2022-12-26/2023-01-01,P00032,S00029,90,5996.7,4153.5,1843.2,0,0,1,66.63
2022-12-26/2023-01-01,P00032,S00034,77,5278.35,3553.55,1724.8,0,0,1,68.55
2022-12-26/2023-01-01,P00032,S00036,137,9081.73,6322.55,2759.18,0,0,1,66.29
2022-12-26/2023-01-01,P00032,S00043,61,3982.69,2815.15,1167.54,0,0,1,65.29
2022-12-26/2023-01-01,P00032,S00065,15,1034.1,692.25,341.85,0,0,1,68.94
2022-12-26/2023-01-01,P00032,S00067,27,1775.52,1246.05,529.47,0,0,1,65.76
2022-12-26/2023-01-01,P00032,S00086,56,3648.4,2584.4,1064.0,0,0,1,65.15
2022-12-26/2023-01-01,P00032,S00089,83,5377.57,3830.45,1547.12,0,0,1,64.79
2022-12-26/2023-01-01,P00032,S00092,82,5452.18,3784.3,1667.88,0,0,1,66.49
2022-12-26/2023-01-01,P00032,S00100,72,4987.44,3322.8,1664.64,0,0,1,69.27
2022-12-26/2023-01-01,P00032,S00105,101,6937.69,4661.15,2276.54,0,0,1,68.69
2022-12-26/2023-01-01,P00032,S00114,13,879.06,599.95,279.11,0,0,1,67.62
2022-12-26/2023-01-01,P00032,S00130,142,9691.5,6553.3,3138.2,0,0,1,68.25
2022-12-26/2023-01-01,P00032,S00139,93,5993.85,4291.95,1701.9,0,0,1,64.45
2022-12-26/2023-01-01,P00032,S00147,35,2305.45,1615.25,690.2,0,0,1,65.87
2022-12-26/2023-01-01,P00032,S00149,38,2516.74,1753.7,763.04,0,0,1,66.23
2022-12-26/2023-01-01,P00032,S00163,79,5228.22,3645.85,1582.37,0,0,1,66.18
2022-12-26/2023-01-01,P00032,S00172,64,4140.8,2953.6,1187.2,0,0,1,64.7
2022-12-26/2023-01-01,P00032,S00174,107,7301.68,4938.05,2363.63,0,0,1,68.24
2022-12-26/2023-01-01,P00032,S00188,105,7315.35,4845.75,2469.6,0,0,1,69.67
2022-12-26/2023-01-01,P00033,S00003,68,2983.84,1999.2,984.64,0,0,1,43.88
2022-12-26/2023-01-01,P00033,S00018,17,759.22,499.8,259.42,0,0,1,44.66
2022-12-26/2023-01-01,P00033,S00022,62,2670.34,1822.8,847.54,0,0,1,43.07
2022-12-26/2023-01-01,P00033,S00024,105,4890.9,3087.0,1803.9,0,0,1,46.58
2022-12-26/2023-01-01,P00033,S00039,28,1203.44,823.2,380.24,0,0,1,42.98
2022-12-26/2023-01-01,P00033,S00051,47,2061.42,1381.8,679.62,0,0,1,43.86
2022-12-26/2023-01-01,P00033,S00055,22,973.06,646.8,326.26,0,0,1,44.23
2022-12-26/2023-01-01,P00033,S00101,6,268.32,176.4,91.92,0,0,1,44.72
2022-12-26/2023-01-01,P00033,S00117,18,786.78,529.2,257.58,0,0,1,43.71
2022-12-26/2023-01-01,P00033,S00137,5,218.15,147.0,71.15,0,0,1,43.63
2022-12-26/2023-01-01,P00033,S00141,56,2483.04,1646.4,836.64,0,0,1,44.34
2022-12-26/2023-01-01,P00033,S00150,8,354.32,235.2,119.12,0,0,1,44.29
2022-12-26/2023-01-01,P00033,S00185,30,1387.2,882.0,505.2,0,0,1,46.24
2022-12-26/2023-01-01,P00034,S00011,64,3096.96,2203.52,893.44,0,0,1,48.39
2022-12-26/2023-01-01,P00034,S00074,10,496.3,344.3,152.0,0,0,1,49.63
2022-12-26/2023-01-01,P00034,S00115,153,7584.21,5267.79,2316.42,0,0,1,49.57
2022-12-26/2023-01-01,P00034,S00131,56,2685.2,1928.08,757.12,0,0,1,47.95
2022-12-26/2023-01-01,P00034,S00158,58,2974.24,1996.94,977.3,0,0,1,51.28
2022-12-26/2023-01-01,P00034,S00172,122,6052.42,4200.46,1851.96,0,0,1,49.61
2022-12-26/2023-01-01,P00034,S00183,34,1751.0,1170.62,580.38,0,0,1,51.5
2022-12-26/2023-01-01,P00034,S00195,47,2306.29,1618.21,688.08,0,0,1,49.07
2022-12-26/2023-01-01,P00035,S00034,290,34750.7,22860.7,11890.0,0,0,1,119.83
2022-12-26/2023-01-01,P00035,S00043,343,40789.56,27038.69,13750.87,0,0,1,118.92
2022-12-26/2023-01-01,P00035,S00047,665,81455.85,52421.95,29033.9,0,0,1,122.49
2022-12-26/2023-01-01,P00035,S00056,239,28290.43,18840.37,9450.06,0,0,1,118.37
2022-12-26/2023-01-01,P00035,S00070,102,12524.58,8040.66,4483.92,0,0,1,122.79
2022-12-26/2023-01-01,P00035,S00075,111,12915.96,8750.13,4165.83,0,0,1,116.36
2022-12-26/2023-01-01,P00035,S00077,260,31826.6,20495.8,11330.8,0,0,1,122.41
2022-12-26/2023-01-01,P00035,S00085,169,21032.05,13322.27,7709.78,0,0,1,124.45
2022-12-26/2023-01-01,P00035,S00101,88,10384.88,6937.04,3447.84,0,0,1,118.01
2022-12-26/2023-01-01,P00035,S00102,193,23250.71,15214.19,8036.52,0,0,1,120.47
2022-12-26/2023-01-01,P00035,S00109,96,11622.72,7567.68,4055.04,0,0,1,121.07
2022-12-26/2023-01-01,P00035,S00115,264,33248.16,20811.12,12437.04,0,0,1,125.94
2022-12-26/2023-01-01,P00035,S00135,261,32486.67,20574.63,11912.04,0,0,1,124.47
2022-12-26/2023-01-01,P00035,S00137,76,8632.84,5991.08,2641.76,0,0,1,113.59
2022-12-26/2023-01-01,P00035,S00139,235,29680.5,18525.05,11155.45,0,0,1,126.3
2022-12-26/2023-01-01,P00035,S00144,305,37597.35,24043.15,13554.2,0,0,1,123.27
2022-12-26/2023-01-01,P00035,S00158,392,48051.36,30901.36,17150.0,0,0,1,122.58
2022-12-26/2023-01-01,P00035,S00167,119,14448.98,9380.77,5068.21,0,0,1,121.42
2022-12-26/2023-01-01,P00035,S00173,163,19664.32,12849.29,6815.03,0,0,1,120.64
2022-12-26/2023-01-01,P00035,S00180,91,10597.86,7173.53,3424.33,0,0,1,116.46
2022-12-26/2023-01-01,P00036,S00003,68,6386.56,4346.56,2040.0,0,0,1,93.92
2022-12-26/2023-01-01,P00036,S00014,24,2267.28,1534.08,733.2,0,0,1,94.47
2022-12-26/2023-01-01,P00036,S00020,6,542.58,383.52,159.06,0,0,1,90.43
2022-12-26/2023-01-01,P00036,S00021,143,13334.75,9140.56,4194.19,0,0,1,93.25
2022-12-26/2023-01-01,P00036,S00027,46,4457.4,2940.32,1517.08,0,0,1,96.9
2022-12-26/2023-01-01,P00036,S00032,13,1253.07,830.96,422.11,0,0,1,96.39
2022-12-26/2023-01-01,P00036,S00040,16,1546.88,1022.72,524.16,0,0,1,96.68
2022-12-26/2023-01-01,P00036,S00043,87,8505.99,5561.04,2944.95,0,0,1,97.77
2022-12-26/2023-01-01,P00036,S00048,23,2094.38,1470.16,624.22,0,0,1,91.06
2022-12-26/2023-01-01,P00036,S00072,60,5623.2,3835.2,1788.0,0,0,1,93.72
2022-12-26/2023-01-01,P00036,S00080,16,1536.0,1022.72,513.28,0,0,1,96.0
2022-12-26/2023-01-01,P00036,S00090,26,2385.24,1661.92,723.32,0,0,1,91.74
2022-12-26/2023-01-01,P00036,S00108,33,2958.78,2109.36,849.42,0,0,1,89.66
2022-12-26/2023-01-01,P00036,S00142,9,861.12,575.28,285.84,0,0,1,95.68
2022-12-26/2023-01-01,P00036,S00144,30,2892.6,1917.6,975.0,0,0,1,96.42
2022-12-26/2023-01-01,P00036,S00148,60,5583.6,3835.2,1748.4,0,0,1,93.06
2022-12-26/2023-01-01,P00036,S00149,20,1884.8,1278.4,606.4,0,0,1,94.24
2022-12-26/2023-01-01,P00036,S00157,53,4785.37,3387.76,1397.61,0,0,1,90.29
2022-12-26/2023-01-01,P00036,S00159,26,2526.42,1661.92,864.5,0,0,1,97.17
2022-12-26/2023-01-01,P00036,S00160,20,1799.2,1278.4,520.8,0,0,1,89.96
2022-12-26/2023-01-01,P00036,S00162,40,3700.8,2556.8,1144.0,0,0,1,92.52
2022-12-26/2023-01-01,P00036,S00163,86,8261.16,5497.12,2764.04,0,0,1,96.06
2022-12-26/2023-01-01,P00036,S00184,15,1367.7,958.8,408.9,0,0,1,91.18
2022-12-26/2023-01-01,P00036,S00187,58,5712.42,3707.36,2005.06,0,0,1,98.49
2022-12-26/2023-01-01,P00036,S00189,83,7922.35,5305.36,2616.99,0,0,1,95.45
2022-12-26/2023-01-01,P00036,S00193,28,2588.6,1789.76,798.84,0,0,1,92.45
2022-12-26/2023-01-01,P00036,S00195,42,4163.88,2684.64,1479.24,0,0,1,99.14
2022-12-26/2023-01-01,P00036,S00199,6,549.3,383.52,165.78,0,0,1,91.55
2022-12-26/2023-01-01,P00037,S00014,72,10392.48,5661.36,4731.12,0,0,1,144.34
2022-12-26/2023-01-01,P00037,S00022,101,14270.29,7941.63,6328.66,0,0,1,141.29
2022-12-26/2023-01-01,P00037,S00024,75,10549.5,5897.25,4652.25,0,0,1,140.66
2022-12-26/2023-01-01,P00037,S00080,86,13025.56,6762.18,6263.38,0,0,1,151.46
2022-12-26/2023-01-01,P00037,S00086,42,5866.14,3302.46,2563.68,0,0,1,139.67
2022-12-26/2023-01-01,P00037,S00092,137,18122.36,10772.31,7350.05,0,0,1,132.28
2022-12-26/2023-01-01,P00037,S00115,114,16420.56,8963.82,7456.74,0,0,1,144.04
2022-12-26/2023-01-01,P00037,S00130,108,15296.04,8492.04,6804.0,0,0,1,141.63
2022-12-26/2023-01-01,P00037,S00131,77,10708.39,6054.51,4653.88,0,0,1,139.07
2022-12-26/2023-01-01,P00038,S00009,12,544.8,344.04,200.76,0,0,1,45.4
2022-12-26/2023-01-01,P00038,S00012,55,2663.65,1576.85,1086.8,0,0,1,48.43
2022-12-26/2023-01-01,P00038,S00027,129,4859.43,3698.43,1161.0,1,0,1,37.67
2022-12-26/2023-01-01,P00038,S00028,8,370.24,229.36,140.88,0,0,1,46.28
2022-12-26/2023-01-01,P00038,S00043,111,5380.17,3182.37,2197.8,0,0,1,48.47
2022-12-26/2023-01-01,P00038,S00050,9,430.29,258.03,172.26,0,0,1,47.81
2022-12-26/2023-01-01,P00038,S00057,5,233.7,143.35,90.35,0,0,1,46.74
2022-12-26/2023-01-01,P00038,S00062,137,6540.38,3927.79,2612.59,0,0,1,47.74
2022-12-26/2023-01-01,P00038,S00069,39,1859.91,1118.13,741.78,0,0,1,47.69
2022-12-26/2023-01-01,P00038,S00071,31,1446.77,888.77,558.0,0,0,1,46.67
2022-12-26/2023-01-01,P00038,S00075,20,913.6,573.4,340.2,0,0,1,45.68
2022-12-26/2023-01-01,P00038,S00080,4,191.96,114.68,77.28,0,0,1,47.99
2022-12-26/2023-01-01,P00038,S00082,115,5753.45,3297.05,2456.4,0,0,1,50.03
2022-12-26/2023-01-01,P00038,S00093,4,187.16,114.68,72.48,0,0,1,46.79
2022-12-26/2023-01-01,P00038,S00100,106,5344.52,3039.02,2305.5,0,0,1,50.42
2022-12-26/2023-01-01,P00038,S00106,11,496.21,315.37,180.84,0,0,1,45.11
2022-12-26/2023-01-01,P00038,S00113,34,1679.6,974.78,704.82,0,0,1,49.4
2022-12-26/2023-01-01,P00038,S00115,20,999.8,573.4,426.4,0,0,1,49.99
2022-12-26/2023-01-01,P00038,S00145,61,3015.23,1748.87,1266.36,0,0,1,49.43
2022-12-26/2023-01-01,P00038,S00146,5,253.0,143.35,109.65,0,0,1,50.6
2022-12-26/2023-01-01,P00038,S00152,43,2043.36,1232.81,810.55,0,0,1,47.52
2022-12-26/2023-01-01,P00038,S00157,47,2129.1,1347.49,781.61,0,0,1,45.3
2022-12-26/2023-01-01,P00038,S00158,77,3759.91,2207.59,1552.32,0,0,1,48.83
2022-12-26/2023-01-01,P00038,S00166,45,2198.25,1290.15,908.1,0,0,1,48.85
2022-12-26/2023-01-01,P00038,S00169,42,2089.08,1204.14,884.94,0,0,1,49.74
2022-12-26/2023-01-01,P00038,S00172,29,1345.31,831.43,513.88,0,0,1,46.39
2022-12-26/2023-01-01,P00038,S00179,5,240.05,143.35,96.7,0,0,1,48.01
2022-12-26/2023-01-01,P00038,S00181,84,4073.16,2408.28,1664.88,0,0,1,48.49
2022-12-26/2023-01-01,P00038,S00185,68,3346.96,1949.56,1397.4,0,0,1,49.22
2022-12-26/2023-01-01,P00038,S00190,6,291.0,172.02,118.98,0,0,1,48.5
2022-12-26/2023-01-01,P00038,S00196,12,570.72,344.04,226.68,0,0,1,47.56
2022-12-26/2023-01-01,P00038,S00200,26,1218.88,745.42,473.46,0,0,1,46.88
2022-12-26/2023-01-01,P00039,S00019,20,1418.0,956.2,461.8,0,0,1,70.9
2022-12-26/2023-01-01,P00039,S00023,38,2538.4,1816.78,721.62,0,0,1,66.8
2022-12-26/2023-01-01,P00039,S00024,59,4094.6,2820.79,1273.81,0,0,1,69.4
2022-12-26/2023-01-01,P00039,S00033,45,2983.05,2151.45,831.6,0,0,1,66.29
2022-12-26/2023-01-01,P00039,S00034,54,3785.4,2581.74,1203.66,0,0,1,70.1
2022-12-26/2023-01-01,P00039,S00048,27,1900.8,1290.87,609.93,0,0,1,70.4
2022-12-26/2023-01-01,P00039,S00051,21,1384.32,1004.01,380.31,0,0,1,65.92
2022-12-26/2023-01-01,P00039,S00053,27,1558.44,1290.87,267.57,1,0,1,57.72
2022-12-26/2023-01-01,P00039,S00055,19,1361.92,908.39,453.53,0,0,1,71.68
2022-12-26/2023-01-01,P00039,S00059,3,200.76,143.43,57.33,0,0,1,66.92
2022-12-26/2023-01-01,P00039,S00068,63,4583.88,3012.03,1571.85,0,0,1,72.76
2022-12-26/2023-01-01,P00039,S00070,104,7053.28,4972.24,2081.04,0,0,1,67.82
2022-12-26/2023-01-01,P00039,S00075,32,2152.64,1529.92,622.72,0,0,1,67.27
2022-12-26/2023-01-01,P00039,S00082,44,3151.28,2103.64,1047.64,0,0,1,71.62
2022-12-26/2023-01-01,P00039,S00084,29,2066.83,1386.49,680.34,0,0,1,71.27
2022-12-26/2023-01-01,P00039,S00100,25,1747.5,1195.25,552.25,0,0,1,69.9
2022-12-26/2023-01-01,P00039,S00103,4,279.16,191.24,87.92,0,0,1,69.79
2022-12-26/2023-01-01,P00039,S00119,56,3743.6,2677.36,1066.24,0,0,1,66.85
2022-12-26/2023-01-01,P00039,S00126,86,6184.26,4111.66,2072.6,0,0,1,71.91
2022-12-26/2023-01-01,P00039,S00135,21,1461.6,1004.01,457.59,0,0,1,69.6
2022-12-26/2023-01-01,P00039,S00143,12,823.68,573.72,249.96,0,0,1,68.64
2022-12-26/2023-01-01,P00039,S00148,34,2296.02,1625.54,670.48,0,0,1,67.53
2022-12-26/2023-01-01,P00039,S00152,15,991.35,717.15,274.2,0,0,1,66.09
2022-12-26/2023-01-01,P00039,S00164,44,3063.28,2103.64,959.64,0,0,1,69.62
2022-12-26/2023-01-01,P00039,S00167,14,938.84,669.34,269.5,0,0,1,67.06
2022-12-26/2023-01-01,P00039,S00189,94,6521.72,4494.14,2027.58,0,0,1,69.38
2022-12-26/2023-01-01,P00039,S00196,2,137.2,95.62,41.58,0,0,1,68.6
2022-12-26/2023-01-01,P00040,S00004,16,1274.4,881.28,393.12,0,0,1,79.65
2022-12-26/2023-01-01,P00040,S00025,32,2724.16,1762.56,961.6,0,0,1,85.13
2022-12-26/2023-01-01,P00040,S00030,140,11247.6,7711.2,3536.4,0,0,1,80.34
2022-12-26/2023-01-01,P00040,S00035,35,2666.3,1927.8,738.5,0,0,1,76.18
2022-12-26/2023-01-01,P00040,S00037,20,1624.2,1101.6,522.6,0,0,1,81.21
2022-12-26/2023-01-01,P00040,S00039,68,5207.44,3745.44,1462.0,0,0,1,76.58
2022-12-26/2023-01-01,P00040,S00048,101,7913.35,5563.08,2350.27,0,0,1,78.35
2022-12-26/2023-01-01,P00040,S00067,55,4247.65,3029.4,1218.25,0,0,1,77.23
2022-12-26/2023-01-01,P00040,S00069,6,478.8,330.48,148.32,0,0,1,79.8
2022-12-26/2023-01-01,P00040,S00101,57,4326.87,3139.56,1187.31,0,0,1,75.91
2022-12-26/2023-01-01,P00040,S00113,40,3164.8,2203.2,961.6,0,0,1,79.12
2022-12-26/2023-01-01,P00040,S00117,61,4703.71,3359.88,1343.83,0,0,1,77.11
2022-12-26/2023-01-01,P00040,S00124,61,4564.02,3359.88,1204.14,0,0,1,74.82
2022-12-26/2023-01-01,P00040,S00127,162,13168.98,8922.96,4246.02,0,0,1,81.29
2022-12-26/2023-01-01,P00040,S00135,36,2843.28,1982.88,860.4,0,0,1,78.98
2022-12-26/2023-01-01,P00040,S00136,67,5455.81,3690.36,1765.45,0,0,1,81.43
2022-12-26/2023-01-01,P00040,S00157,37,2954.45,2037.96,916.49,0,0,1,79.85
2022-12-26/2023-01-01,P00040,S00167,50,3952.5,2754.0,1198.5,0,0,1,79.05
2022-12-26/2023-01-01,P00040,S00181,30,2471.1,1652.4,818.7,0,0,1,82.37
2022-12-26/2023-01-01,P00041,S00015,121,15497.68,10449.56,5048.12,0,0,1,128.08
2022-12-26/2023-01-01,P00041,S00019,40,5396.4,3454.4,1942.0,0,0,1,134.91
2022-12-26/2023-01-01,P00041,S00021,416,52083.2,35925.76,16157.44,0,0,1,125.2
2022-12-26/2023-01-01,P00041,S00024,90,11781.0,7772.4,4008.6,0,0,1,130.9
2022-12-26/2023-01-01,P00041,S00045,10,1237.2,863.6,373.6,0,0,1,123.72
2022-12-26/2023-01-01,P00041,S00051,76,9514.44,6563.36,2951.08,0,0,1,125.19
2022-12-26/2023-01-01,P00041,S00056,59,7349.63,5095.24,2254.39,0,0,1,124.57
2022-12-26/2023-01-01,P00041,S00082,92,11493.56,7945.12,3548.44,0,0,1,124.93
2022-12-26/2023-01-01,P00041,S00092,137,17453.8,11831.32,5622.48,0,0,1,127.4
2022-12-26/2023-01-01,P00041,S00102,85,11165.6,7340.6,3825.0,0,0,1,131.36
2022-12-26/2023-01-01,P00041,S00105,67,8888.22,5786.12,3102.1,0,0,1,132.66
2022-12-26/2023-01-01,P00041,S00109,66,8667.78,5699.76,2968.02,0,0,1,131.33
2022-12-26/2023-01-01,P00041,S00110,211,27446.88,18221.96,9224.92,0,0,1,130.08
2022-12-26/2023-01-01,P00041,S00118,12,1571.76,1036.32,535.44,0,0,1,130.98
2022-12-26/2023-01-01,P00041,S00124,126,15345.54,10881.36,4464.18,0,0,1,121.79
2022-12-26/2023-01-01,P00041,S00129,42,5218.92,3627.12,1591.8,0,0,1,124.26
2022-12-26/2023-01-01,P00041,S00139,96,12324.48,8290.56,4033.92,0,0,1,128.38
2022-12-26/2023-01-01,P00041,S00143,9,1117.98,777.24,340.74,0,0,1,124.22
2022-12-26/2023-01-01,P00041,S00144,71,9519.68,6131.56,3388.12,0,0,1,134.08
2022-12-26/2023-01-01,P00041,S00145,71,9628.31,6131.56,3496.75,0,0,1,135.61
2022-12-26/2023-01-01,P00041,S00168,20,2470.6,1727.2,743.4,0,0,1,123.53
2022-12-26/2023-01-01,P00041,S00188,85,11411.25,7340.6,4070.65,0,0,1,134.25
2022-12-26/2023-01-01,P00042,S00003,21,873.81,550.83,322.98,0,0,1,41.61
2022-12-26/2023-01-01,P00042,S00004,21,927.78,550.83,376.95,0,0,1,44.18
2022-12-26/2023-01-01,P00042,S00006,25,1106.75,655.75,451.0,0,0,1,44.27
2022-12-26/2023-01-01,P00042,S00017,33,1448.04,865.59,582.45,0,0,1,43.88
2022-12-26/2023-01-01,P00042,S00035,15,657.15,393.45,263.7,0,0,1,43.81
2022-12-26/2023-01-01,P00042,S00036,44,1871.32,1154.12,717.2,0,0,1,42.53
2022-12-26/2023-01-01,P00042,S00089,25,1081.0,655.75,425.25,0,0,1,43.24
2022-12-26/2023-01-01,P00042,S00115,91,3975.79,2386.93,1588.86,0,0,1,43.69
2022-12-26/2023-01-01,P00042,S00140,20,820.4,524.6,295.8,0,0,1,41.02
2022-12-26/2023-01-01,P00042,S00148,141,5960.07,3698.43,2261.64,0,0,1,42.27
2022-12-26/2023-01-01,P00042,S00151,27,1160.73,708.21,452.52,0,0,1,42.99
2022-12-26/2023-01-01,P00042,S00161,4,172.88,104.92,67.96,0,0,1,43.22
2022-12-26/2023-01-01,P00042,S00163,91,4113.2,2386.93,1726.27,0,0,1,45.2
2022-12-26/2023-01-01,P00042,S00164,58,2586.8,1521.34,1065.46,0,0,1,44.6
2022-12-26/2023-01-01,P00042,S00192,74,3253.04,1941.02,1312.02,0,0,1,43.96
2022-12-26/2023-01-01,P00042,S00193,18,756.72,472.14,284.58,0,0,1,42.04
2022-12-26/2023-01-01,P00043,S00019,158,5498.4,3656.12,1842.28,0,0,1,34.8
2022-12-26/2023-01-01,P00043,S00022,156,5333.64,3609.84,1723.8,0,0,1,34.19
2022-12-26/2023-01-01,P00043,S00025,218,7364.04,5044.52,2319.52,0,0,1,33.78
2022-12-26/2023-01-01,P00043,S00028,94,3157.46,2175.16,982.3,0,0,1,33.59
2022-12-26/2023-01-01,P00043,S00054,45,1589.85,1041.3,548.55,0,0,1,35.33
2022-12-26/2023-01-01,P00043,S00076,72,2615.76,1666.08,949.68,0,0,1,36.33
2022-12-26/2023-01-01,P00043,S00092,174,5910.78,4026.36,1884.42,0,0,1,33.97
2022-12-26/2023-01-01,P00043,S00111,63,2169.09,1457.82,711.27,0,0,1,34.43
2022-12-26/2023-01-01,P00043,S00121,52,1760.72,1203.28,557.44,0,0,1,33.86
2022-12-26/2023-01-01,P00043,S00145,239,8336.32,5530.46,2805.86,0,0,1,34.88
2022-12-26/2023-01-01,P00043,S00158,203,7141.54,4697.42,2444.12,0,0,1,35.18
2022-12-26/2023-01-01,P00043,S00180,93,3123.87,2152.02,971.85,0,0,1,33.59
2022-12-26/2023-01-01,P00043,S00199,19,647.9,439.66,208.24,0,0,1,34.1
2022-12-26/2023-01-01,P00044,S00003,109,13885.51,7693.22,6192.29,0,0,1,127.39
2022-12-26/2023-01-01,P00044,S00025,106,14073.62,7481.48,6592.14,0,0,1,132.77
2022-12-26/2023-01-01,P00044,S00032,30,3999.9,2117.4,1882.5,0,0,1,133.33
2022-12-26/2023-01-01,P00044,S00045,7,896.56,494.06,402.5,0,0,1,128.08
2022-12-26/2023-01-01,P00044,S00071,54,6939.54,3811.32,3128.22,0,0,1,128.51
2022-12-26/2023-01-01,P00044,S00087,12,1611.36,846.96,764.4,0,0,1,134.28
2022-12-26/2023-01-01,P00044,S00152,28,3488.8,1976.24,1512.56,0,0,1,124.6
2022-12-26/2023-01-01,P00044,S00163,46,6014.96,3246.68,2768.28,0,0,1,130.76
2022-12-26/2023-01-01,P00044,S00169,69,9352.95,4870.02,4482.93,0,0,1,135.55
2022-12-26/2023-01-01,P00044,S00176,40,5173.2,2823.2,2350.0,0,0,1,129.33
2022-12-26/2023-01-01,P00044,S00196,19,2384.12,1341.02,1043.1,0,0,1,125.48
2022-12-26/2023-01-01,P00044,S00200,21,2718.45,1482.18,1236.27,0,0,1,129.45
2022-12-26/2023-01-01,P00045,S00003,249,31349.1,20836.32,10512.78,0,0,1,125.9
2022-12-26/2023-01-01,P00045,S00012,37,5048.28,3096.16,1952.12,0,0,1,136.44
2022-12-26/2023-01-01,P00045,S00022,54,6966.0,4518.72,2447.28,0,0,1,129.0
2022-12-26/2023-01-01,P00045,S00025,183,25034.4,15313.44,9720.96,0,0,1,136.8
2022-12-26/2023-01-01,P00045,S00030,132,17464.92,11045.76,6419.16,0,0,1,132.31
2022-12-26/2023-01-01,P00045,S00045,14,1888.6,1171.52,717.08,0,0,1,134.9
2022-12-26/2023-01-01,P00045,S00056,52,6834.88,4351.36,2483.52,0,0,1,131.44
2022-12-26/2023-01-01,P00045,S00088,50,6814.5,4184.0,2630.5,0,0,1,136.29
2022-12-26/2023-01-01,P00045,S00106,38,5002.7,3179.84,1822.86,0,0,1,131.65
2022-12-26/2023-01-01,P00045,S00110,233,28610.07,19497.44,9112.63,1,0,1,122.79
2022-12-26/2023-01-01,P00045,S00115,249,34063.2,20836.32,13226.88,0,0,1,136.8
2022-12-26/2023-01-01,P00045,S00124,148,19528.6,12384.64,7143.96,0,0,1,131.95
2022-12-26/2023-01-01,P00045,S00128,64,8704.64,5355.52,3349.12,0,0,1,136.01
2022-12-26/2023-01-01,P00045,S00166,74,10374.8,6192.32,4182.48,0,0,1,140.2
2022-12-26/2023-01-01,P00045,S00192,37,5004.25,3096.16,1908.09,0,0,1,135.25
2022-12-26/2023-01-01,P00045,S00195,50,6817.0,4184.0,2633.0,0,0,1,136.34
2022-12-26/2023-01-01,P00046,S00022,0,0.0,0.0,0.0,0,0,1,134.67
2022-12-26/2023-01-01,P00046,S00024,0,0.0,0.0,0.0,0,0,1,137.77
2022-12-26/2023-01-01,P00046,S00043,0,0.0,0.0,0.0,0,0,1,140.62
2022-12-26/2023-01-01,P00046,S00047,0,0.0,0.0,0.0,0,0,1,142.93
2022-12-26/2023-01-01,P00046,S00055,0,0.0,0.0,0.0,0,0,1,140.63
2022-12-26/2023-01-01,P00046,S00078,0,0.0,0.0,0.0,0,0,1,148.14
2022-12-26/2023-01-01,P00046,S00093,0,0.0,0.0,0.0,0,0,1,138.43
2022-12-26/2023-01-01,P00046,S00105,0,0.0,0.0,0.0,0,0,1,142.83
2022-12-26/2023-01-01,P00046,S00115,0,0.0,0.0,0.0,0,0,1,140.13
2022-12-26/2023-01-01,P00046,S00116,0,0.0,0.0,0.0,0,0,1,142.34
2022-12-26/2023-01-01,P00046,S00119,0,0.0,0.0,0.0,0,0,1,137.63
2022-12-26/2023-01-01,P00046,S00124,0,0.0,0.0,0.0,0,0,1,134.86
2022-12-26/2023-01-01,P00046,S00136,0,0.0,0.0,0.0,0,0,1,147.39
2022-12-26/2023-01-01,P00046,S00139,0,0.0,0.0,0.0,0,0,1,140.46
2022-12-26/2023-01-01,P00046,S00148,0,0.0,0.0,0.0,0,0,1,131.81
2022-12-26/2023-01-01,P00046,S00158,0,0.0,0.0,0.0,0,0,1,145.69
2022-12-26/2023-01-01,P00046,S00175,0,0.0,0.0,0.0,0,0,1,144.79
2022-12-26/2023-01-01,P00046,S00200,0,0.0,0.0,0.0,0,0,1,138.64
2022-12-26/2023-01-01,P00047,S00037,25,2958.25,1860.5,1097.75,0,0,1,118.33
2022-12-26/2023-01-01,P00047,S00044,34,4044.3,2530.28,1514.02,0,0,1,118.95
2022-12-26/2023-01-01,P00047,S00055,115,13809.2,8558.3,5250.9,0,0,1,120.08
2022-12-26/2023-01-01,P00047,S00066,10,1192.9,744.2,448.7,0,0,1,119.29
2022-12-26/2023-01-01,P00047,S00089,47,5379.62,3497.74,1881.88,0,0,1,114.46
2022-12-26/2023-01-01,P00047,S00100,53,6254.53,3944.26,2310.27,0,0,1,118.01
2022-12-26/2023-01-01,P00047,S00115,185,21913.25,13767.7,8145.55,0,0,1,118.45
2022-12-26/2023-01-01,P00047,S00121,5,564.85,372.1,192.75,0,0,1,112.97
2022-12-26/2023-01-01,P00047,S00123,15,1818.6,1116.3,702.3,0,0,1,121.24
2022-12-26/2023-01-01,P00047,S00154,14,1652.56,1041.88,610.68,0,0,1,118.04
2022-12-26/2023-01-01,P00047,S00158,140,16949.8,10418.8,6531.0,0,0,1,121.07
2022-12-26/2023-01-01,P00047,S00174,109,13220.61,8111.78,5108.83,0,0,1,121.29
2022-12-26/2023-01-01,P00048,S00022,37,3988.6,2295.85,1692.75,0,0,1,107.8
2022-12-26/2023-01-01,P00048,S00023,106,11328.22,6577.3,4750.92,0,0,1,106.87
2022-12-26/2023-01-01,P00048,S00024,97,10961.0,6018.85,4942.15,0,0,1,113.0
2022-12-26/2023-01-01,P00048,S00025,83,9221.3,5150.15,4071.15,0,0,1,111.1
2022-12-26/2023-01-01,P00048,S00030,62,6700.96,3847.1,2853.86,0,0,1,108.08
2022-12-26/2023-01-01,P00048,S00036,51,5513.61,3164.55,2349.06,0,0,1,108.11
2022-12-26/2023-01-01,P00048,S00062,79,8477.49,4901.95,3575.54,0,0,1,107.31
2022-12-26/2023-01-01,P00048,S00076,15,1687.35,930.75,756.6,0,0,1,112.49
2022-12-26/2023-01-01,P00048,S00081,148,16160.12,9183.4,6976.72,0,0,1,109.19
2022-12-26/2023-01-01,P00048,S00085,21,2283.75,1303.05,980.7,0,0,1,108.75
2022-12-26/2023-01-01,P00048,S00086,44,4776.64,2730.2,2046.44,0,0,1,108.56
2022-12-26/2023-01-01,P00048,S00088,46,4984.56,2854.3,2130.26,0,0,1,108.36
2022-12-26/2023-01-01,P00048,S00089,69,7419.57,4281.45,3138.12,0,0,1,107.53
2022-12-26/2023-01-01,P00048,S00100,106,11939.84,6577.3,5362.54,0,0,1,112.64
2022-12-26/2023-01-01,P00048,S00105,95,10435.75,5894.75,4541.0,0,0,1,109.85
2022-12-26/2023-01-01,P00048,S00108,47,4911.97,2916.35,1995.62,0,0,1,104.51
2022-12-26/2023-01-01,P00048,S00115,37,4086.28,2295.85,1790.43,0,0,1,110.44
2022-12-26/2023-01-01,P00048,S00124,55,5994.45,3412.75,2581.7,0,0,1,108.99
2022-12-26/2023-01-01,P00048,S00127,64,6985.6,3971.2,3014.4,0,0,1,109.15
2022-12-26/2023-01-01,P00048,S00135,72,7961.04,4467.6,3493.44,0,0,1,110.57
2022-12-26/2023-01-01,P00048,S00181,71,7389.68,4405.55,2984.13,0,0,1,104.08
2022-12-26/2023-01-01,P00048,S00188,99,11422.62,6142.95,5279.67,0,0,1,115.38
2022-12-26/2023-01-01,P00049,S00003,148,8045.28,5594.4,2450.88,0,0,1,54.36
2022-12-26/2023-01-01,P00049,S00035,56,3052.0,2116.8,935.2,0,0,1,54.5
2022-12-26/2023-01-01,P00049,S00065,26,1497.34,982.8,514.54,0,0,1,57.59
2022-12-26/2023-01-01,P00049,S00068,192,10742.4,7257.6,3484.8,0,0,1,55.95
2022-12-26/2023-01-01,P00049,S00072,149,8081.76,5632.2,2449.56,0,0,1,54.24
2022-12-26/2023-01-01,P00049,S00086,143,7679.1,5405.4,2273.7,0,0,1,53.7
2022-12-26/2023-01-01,P00049,S00105,378,21474.18,14288.4,7185.78,0,0,1,56.81
2022-12-26/2023-01-01,P00049,S00131,134,7345.88,5065.2,2280.68,0,0,1,54.82
2022-12-26/2023-01-01,P00049,S00136,192,10836.48,7257.6,3578.88,0,0,1,56.44
2022-12-26/2023-01-01,P00049,S00137,83,3352.37,3137.4,214.97,1,0,1,40.39
2022-12-26/2023-01-01,P00049,S00141,96,5330.88,3628.8,1702.08,0,0,1,55.53
2022-12-26/2023-01-01,P00049,S00144,240,13296.0,9072.0,4224.0,0,0,1,55.4
2022-12-26/2023-01-01,P00049,S00154,30,1611.9,1134.0,477.9,0,0,1,53.73
2022-12-26/2023-01-01,P00049,S00158,130,7387.9,4914.0,2473.9,0,0,1,56.83
2022-12-26/2023-01-01,P00049,S00193,80,4257.6,3024.0,1233.6,0,0,1,53.22
2022-12-26/2023-01-01,P00050,S00003,173,7575.67,4560.28,3015.39,0,0,1,43.79
2022-12-26/2023-01-01,P00050,S00015,63,2589.3,1660.68,928.62,0,0,1,41.1
2022-12-26/2023-01-01,P00050,S00029,32,1311.68,843.52,468.16,0,0,1,40.99
2022-12-26/2023-01-01,P00050,S00033,34,1405.22,896.24,508.98,0,0,1,41.33
2022-12-26/2023-01-01,P00050,S00060,36,1523.52,948.96,574.56,0,0,1,42.32
2022-12-26/2023-01-01,P00050,S00062,105,4502.4,2767.8,1734.6,0,0,1,42.88
2022-12-26/2023-01-01,P00050,S00071,67,2728.91,1766.12,962.79,0,0,1,40.73
2022-12-26/2023-01-01,P00050,S00072,30,1282.8,790.8,492.0,0,0,1,42.76
2022-12-26/2023-01-01,P00050,S00079,26,1154.92,685.36,469.56,0,0,1,44.42
2022-12-26/2023-01-01,P00050,S00085,57,2456.13,1502.52,953.61,0,0,1,43.09
2022-12-26/2023-01-01,P00050,S00096,34,1493.96,896.24,597.72,0,0,1,43.94
2022-12-26/2023-01-01,P00050,S00114,34,1438.54,896.24,542.3,0,0,1,42.31
2022-12-26/2023-01-01,P00050,S00115,102,4580.82,2688.72,1892.1,0,0,1,44.91
2022-12-26/2023-01-01,P00050,S00120,27,1158.3,711.72,446.58,0,0,1,42.9
2022-12-26/2023-01-01,P00050,S00142,9,394.02,237.24,156.78,0,0,1,43.78
2022-12-26/2023-01-01,P00050,S00149,16,671.36,421.76,249.6,0,0,1,41.96
2022-12-26/2023-01-01,P00050,S00156,43,1761.28,1133.48,627.8,0,0,1,40.96
2022-12-26/2023-01-01,P00050,S00158,93,4007.37,2451.48,1555.89,0,0,1,43.09
2022-12-26/2023-01-01,P00050,S00169,44,1903.0,1159.84,743.16,0,0,1,43.25
2022-12-26/2023-01-01,P00050,S00172,132,5650.92,3479.52,2171.4,0,0,1,42.81
2022-12-26/2023-01-01,P00050,S00181,50,2223.5,1318.0,905.5,0,0,1,44.47
2022-12-26/2023-01-01,P00050,S00186,24,1044.48,632.64,411.84,0,0,1,43.52
2022-12-26/2023-01-01,P00051,S00001,32,1504.96,1040.32,464.64,0,0,1,47.03
2022-12-26/2023-01-01,P00051,S00011,85,4151.4,2763.35,1388.05,0,0,1,48.84
2022-12-26/2023-01-01,P00051,S00015,50,2335.5,1625.5,710.0,0,0,1,46.71
2022-12-26/2023-01-01,P00051,S00017,24,1156.56,780.24,376.32,0,0,1,48.19
2022-12-26/2023-01-01,P00051,S00019,87,4011.57,2828.37,1183.2,0,0,1,46.11
2022-12-26/2023-01-01,P00051,S00037,52,2490.8,1690.52,800.28,0,0,1,47.9
2022-12-26/2023-01-01,P00051,S00049,18,866.7,585.18,281.52,0,0,1,48.15
2022-12-26/2023-01-01,P00051,S00055,48,2308.8,1560.48,748.32,0,0,1,48.1
2022-12-26/2023-01-01,P00051,S00086,72,3250.08,2340.72,909.36,0,0,1,45.14
2022-12-26/2023-01-01,P00051,S00106,22,1033.12,715.22,317.9,0,0,1,46.96
2022-12-26/2023-01-01,P00051,S00108,94,4416.12,3055.94,1360.18,0,0,1,46.98
2022-12-26/2023-01-01,P00051,S00121,23,1077.09,747.73,329.36,0,0,1,46.83
2022-12-26/2023-01-01,P00051,S00129,29,1374.6,942.79,431.81,0,0,1,47.4
2022-12-26/2023-01-01,P00051,S00138,51,2528.58,1658.01,870.57,0,0,1,49.58
2022-12-26/2023-01-01,P00051,S00173,30,1332.0,975.3,356.7,0,0,1,44.4
2022-12-26/2023-01-01,P00051,S00175,88,4240.72,2860.88,1379.84,0,0,1,48.19
2022-12-26/2023-01-01,P00051,S00189,38,1830.46,1235.38,595.08,0,0,1,48.17
2022-12-26/2023-01-01,P00052,S00001,52,3001.44,2022.8,978.64,0,0,1,57.72
2022-12-26/2023-01-01,P00052,S00005,27,1512.0,1050.3,461.7,0,0,1,56.0
