date,product_id,store_id,channel,units,regular_price,selling_price,discount_percentage,revenue,cost,gross_profit,promotion_id,promotion_flag,inventory_available,stockout_flag
2023-01-01,P00001,S00169,Supermarket,129,108.79,108.79,0.0,14033.91,9115.14,4918.77,,False,724,False
2023-01-02,P00001,S00169,Supermarket,66,108.79,108.79,0.0,7180.14,4663.56,2516.58,,False,595,False
2023-01-03,P00001,S00169,Supermarket,43,108.79,108.79,0.0,4677.97,3038.38,1639.59,,False,529,False
2023-01-04,P00001,S00169,Supermarket,175,108.79,108.79,0.0,19038.25,12365.5,6672.75,,False,3136,False
2023-01-05,P00001,S00169,Supermarket,257,108.79,65.62,39.69,16864.34,18159.62,-1295.28,PR0000001,True,2961,False
2023-01-06,P00001,S00169,Supermarket,259,108.79,65.62,39.69,16995.58,18300.94,-1305.36,PR0000001,True,2704,False
2023-01-07,P00001,S00169,Supermarket,150,108.79,65.62,39.69,9843.0,10599.0,-756.0,PR0000001,True,2445,False
2023-01-08,P00001,S00169,Supermarket,321,108.79,65.62,39.69,21064.02,22681.86,-1617.84,PR0000001,True,2295,False
2023-01-09,P00001,S00169,Supermarket,124,108.79,65.62,39.69,8136.88,8761.84,-624.96,PR0000001,True,1974,False
2023-01-10,P00001,S00169,Supermarket,187,108.79,65.62,39.69,12270.94,13213.42,-942.48,PR0000001,True,1850,False
2023-01-11,P00001,S00169,Supermarket,291,108.79,65.62,39.69,19095.42,20562.06,-1466.64,PR0000001,True,1663,False
2023-01-12,P00001,S00169,Supermarket,128,108.79,65.62,39.69,8399.36,9044.48,-645.12,PR0000001,True,1372,False
2023-01-13,P00001,S00169,Supermarket,494,108.79,65.62,39.69,32416.28,34906.04,-2489.76,PR0000001,True,2800,False
2023-01-14,P00001,S00169,Supermarket,87,108.79,65.62,39.69,5708.94,6147.42,-438.48,PR0000001,True,2306,False
2023-01-15,P00001,S00169,Supermarket,81,108.79,108.79,0.0,8811.99,5723.46,3088.53,,False,2219,False
2023-01-16,P00001,S00169,Supermarket,58,108.79,108.79,0.0,6309.82,4098.28,2211.54,,False,2138,False
2023-01-17,P00001,S00169,Supermarket,53,108.79,108.79,0.0,5765.87,3744.98,2020.89,,False,2080,False
2023-01-18,P00001,S00169,Supermarket,24,108.79,108.79,0.0,2610.96,1695.84,915.12,,False,2027,False
2023-01-19,P00001,S00169,Supermarket,18,108.79,108.79,0.0,1958.22,1271.88,686.34,,False,2003,False
2023-01-20,P00001,S00169,Supermarket,88,108.79,108.79,0.0,9573.52,6218.08,3355.44,,False,1985,False
2023-01-21,P00001,S00169,Supermarket,162,108.79,108.79,0.0,17623.98,11446.92,6177.06,,False,1897,False
2023-01-22,P00001,S00169,Supermarket,65,108.79,108.79,0.0,7071.35,4592.9,2478.45,,False,1735,False
2023-01-23,P00001,S00169,Supermarket,87,108.79,108.79,0.0,9464.73,6147.42,3317.31,,False,1670,False
2023-01-24,P00001,S00169,Supermarket,20,108.79,108.79,0.0,2175.8,1413.2,762.6,,False,1583,False
2023-01-25,P00001,S00169,Supermarket,60,108.79,108.79,0.0,6527.4,4239.6,2287.8,,False,1563,False
2023-01-26,P00001,S00169,Supermarket,166,108.79,108.79,0.0,18059.14,11729.56,6329.58,,False,1503,False
2023-01-27,P00001,S00169,Supermarket,65,108.79,108.79,0.0,7071.35,4592.9,2478.45,,False,1337,False
2023-01-28,P00001,S00169,Supermarket,150,108.79,108.79,0.0,16318.5,10599.0,5719.5,,False,1272,False
2023-01-29,P00001,S00169,Supermarket,94,108.79,108.79,0.0,10226.26,6642.04,3584.22,,False,1122,False
2023-01-30,P00001,S00169,Supermarket,188,108.79,108.79,0.0,20452.52,13284.08,7168.44,,False,1028,False
2023-01-31,P00001,S00169,Supermarket,43,108.79,108.79,0.0,4677.97,3038.38,1639.59,,False,840,False
2023-02-01,P00001,S00169,Supermarket,71,108.79,108.79,0.0,7724.09,5016.86,2707.23,,False,797,False
2023-02-02,P00001,S00169,Supermarket,82,108.79,108.79,0.0,8920.78,5794.12,3126.66,,False,1963,False
2023-02-03,P00001,S00169,Supermarket,204,108.79,108.79,0.0,22193.16,14414.64,7778.52,,False,1881,False
2023-02-04,P00001,S00169,Supermarket,30,108.79,108.79,0.0,3263.7,2119.8,1143.9,,False,1677,False
2023-02-05,P00001,S00169,Supermarket,64,108.79,108.79,0.0,6962.56,4522.24,2440.32,,False,1647,False
2023-02-06,P00001,S00169,Supermarket,41,108.79,108.79,0.0,4460.39,2897.06,1563.33,,False,1583,False
2023-02-07,P00001,S00169,Supermarket,40,108.79,108.79,0.0,4351.6,2826.4,1525.2,,False,1542,False
2023-02-08,P00001,S00169,Supermarket,98,108.79,108.79,0.0,10661.42,6924.68,3736.74,,False,1502,False
2023-02-09,P00001,S00169,Supermarket,60,108.79,108.79,0.0,6527.4,4239.6,2287.8,,False,1404,False
2023-02-10,P00001,S00169,Supermarket,144,108.79,108.79,0.0,15665.76,10175.04,5490.72,,False,1344,False
2023-02-11,P00001,S00169,Supermarket,150,108.79,108.79,0.0,16318.5,10599.0,5719.5,,False,1200,False
2023-02-12,P00001,S00169,Supermarket,84,108.79,108.79,0.0,9138.36,5935.44,3202.92,,False,1050,False
2023-02-13,P00001,S00169,Supermarket,10,108.79,108.79,0.0,1087.9,706.6,381.3,,False,966,False
2023-02-14,P00001,S00169,Supermarket,47,108.79,108.79,0.0,5113.13,3321.02,1792.11,,False,956,False
2023-02-15,P00001,S00169,Supermarket,73,108.79,108.79,0.0,7941.67,5158.18,2783.49,,False,909,False
2023-02-16,P00001,S00169,Supermarket,64,108.79,108.79,0.0,6962.56,4522.24,2440.32,,False,836,False
2023-02-17,P00001,S00169,Supermarket,144,108.79,108.79,0.0,15665.76,10175.04,5490.72,,False,772,False
2023-02-18,P00001,S00169,Supermarket,78,108.79,108.79,0.0,8485.62,5511.48,2974.14,,False,628,False
2023-02-19,P00001,S00169,Supermarket,67,108.79,108.79,0.0,7288.93,4734.22,2554.71,,False,550,False
2023-02-20,P00001,S00169,Supermarket,47,108.79,108.79,0.0,5113.13,3321.02,1792.11,,False,1380,False
2023-02-21,P00001,S00169,Supermarket,56,108.79,108.79,0.0,6092.24,3956.96,2135.28,,False,1333,False
2023-02-22,P00001,S00169,Supermarket,67,108.79,108.79,0.0,7288.93,4734.22,2554.71,,False,1277,False
2023-02-23,P00001,S00169,Supermarket,83,108.79,108.79,0.0,9029.57,5864.78,3164.79,,False,1210,False
2023-02-24,P00001,S00169,Supermarket,18,108.79,108.79,0.0,1958.22,1271.88,686.34,,False,1127,False
2023-02-25,P00001,S00169,Supermarket,94,108.79,108.79,0.0,10226.26,6642.04,3584.22,,False,1109,False
2023-02-26,P00001,S00169,Supermarket,118,108.79,108.79,0.0,12837.22,8337.88,4499.34,,False,1015,False
2023-02-27,P00001,S00169,Supermarket,55,108.79,108.79,0.0,5983.45,3886.3,2097.15,,False,897,False
2023-02-28,P00001,S00169,Supermarket,96,108.79,108.79,0.0,10443.84,6783.36,3660.48,,False,842,False
2023-03-01,P00001,S00169,Supermarket,49,108.79,108.79,0.0,5330.71,3462.34,1868.37,,False,746,False
2023-03-02,P00001,S00169,Supermarket,75,108.79,108.79,0.0,8159.25,5299.5,2859.75,,False,697,False
2023-03-03,P00001,S00169,Supermarket,123,108.79,108.79,0.0,13381.17,8691.18,4689.99,,False,622,False
2023-03-04,P00001,S00169,Supermarket,212,108.79,108.79,0.0,23063.48,14979.92,8083.56,,False,499,False
2023-03-05,P00001,S00169,Supermarket,144,108.79,108.79,0.0,15665.76,10175.04,5490.72,,False,970,False
2023-03-06,P00001,S00169,Supermarket,167,108.79,108.79,0.0,18167.93,11800.22,6367.71,,False,826,False
2023-03-07,P00001,S00169,Supermarket,119,108.79,108.79,0.0,12946.01,8408.54,4537.47,,False,659,False
2023-03-08,P00001,S00169,Supermarket,94,108.79,108.79,0.0,10226.26,6642.04,3584.22,,False,1418,False
2023-03-09,P00001,S00169,Supermarket,134,108.79,108.79,0.0,14577.86,9468.44,5109.42,,False,1324,False
2023-03-10,P00001,S00169,Supermarket,75,108.79,108.79,0.0,8159.25,5299.5,2859.75,,False,1190,False
2023-03-11,P00001,S00169,Supermarket,59,108.79,108.79,0.0,6418.61,4168.94,2249.67,,False,1115,False
2023-03-12,P00001,S00169,Supermarket,142,108.79,108.79,0.0,15448.18,10033.72,5414.46,,False,1056,False
2023-03-13,P00001,S00169,Supermarket,45,108.79,108.79,0.0,4895.55,3179.7,1715.85,,False,914,False
2023-03-14,P00001,S00169,Supermarket,56,108.79,108.79,0.0,6092.24,3956.96,2135.28,,False,869,False
2023-03-15,P00001,S00169,Supermarket,71,108.79,108.79,0.0,7724.09,5016.86,2707.23,,False,1710,False
2023-03-16,P00001,S00169,Supermarket,24,108.79,108.79,0.0,2610.96,1695.84,915.12,,False,1639,False
2023-03-17,P00001,S00169,Supermarket,108,108.79,108.79,0.0,11749.32,7631.28,4118.04,,False,1615,False
2023-03-18,P00001,S00169,Supermarket,89,108.79,108.79,0.0,9682.31,6288.74,3393.57,,False,1507,False
2023-03-19,P00001,S00169,Supermarket,60,108.79,108.79,0.0,6527.4,4239.6,2287.8,,False,1418,False
2023-03-20,P00001,S00169,Supermarket,49,108.79,108.79,0.0,5330.71,3462.34,1868.37,,False,1358,False
2023-03-21,P00001,S00169,Supermarket,66,108.79,108.79,0.0,7180.14,4663.56,2516.58,,False,1309,False
2023-03-22,P00001,S00169,Supermarket,161,108.79,108.79,0.0,17515.19,11376.26,6138.93,,False,1243,False
2023-03-23,P00001,S00169,Supermarket,90,108.79,108.79,0.0,9791.1,6359.4,3431.7,,False,1082,False
2023-03-24,P00001,S00169,Supermarket,55,108.79,108.79,0.0,5983.45,3886.3,2097.15,,False,992,False
2023-03-25,P00001,S00169,Supermarket,262,108.79,108.79,0.0,28502.98,18512.92,9990.06,,False,937,False
2023-03-26,P00001,S00169,Supermarket,80,108.79,108.79,0.0,8703.2,5652.8,3050.4,,False,675,False
2023-03-27,P00001,S00169,Supermarket,31,108.79,108.79,0.0,3372.49,2190.46,1182.03,,False,595,False
2023-03-28,P00001,S00169,Supermarket,40,108.79,108.79,0.0,4351.6,2826.4,1525.2,,False,1665,False
2023-03-29,P00001,S00169,Supermarket,30,108.79,108.79,0.0,3263.7,2119.8,1143.9,,False,1625,False
2023-03-30,P00001,S00169,Supermarket,92,108.79,108.79,0.0,10008.68,6500.72,3507.96,,False,1595,False
2023-03-31,P00001,S00169,Supermarket,100,108.79,108.79,0.0,10879.0,7066.0,3813.0,,False,1503,False
2023-01-01,P00001,S00001,Hypermarket,46,104.37,104.37,0.0,4801.02,3250.36,1550.66,,False,487,False
2023-01-02,P00001,S00001,Hypermarket,45,104.37,104.37,0.0,4696.65,3179.7,1516.95,,False,441,False
2023-01-03,P00001,S00001,Hypermarket,21,104.37,104.37,0.0,2191.77,1483.86,707.91,,False,396,False
2023-01-04,P00001,S00001,Hypermarket,20,104.37,104.37,0.0,2087.4,1413.2,674.2,,False,375,False
2023-01-05,P00001,S00001,Hypermarket,20,104.37,104.37,0.0,2087.4,1413.2,674.2,,False,355,False
2023-01-06,P00001,S00001,Hypermarket,44,104.37,104.37,0.0,4592.28,3109.04,1483.24,,False,335,False
2023-01-07,P00001,S00001,Hypermarket,54,104.37,104.37,0.0,5635.98,3815.64,1820.34,,False,291,False
2023-01-08,P00001,S00001,Hypermarket,20,104.37,104.37,0.0,2087.4,1413.2,674.2,,False,237,False
2023-01-09,P00001,S00001,Hypermarket,22,104.37,104.37,0.0,2296.14,1554.52,741.62,,False,217,False
2023-01-10,P00001,S00001,Hypermarket,37,104.37,104.37,0.0,3861.69,2614.42,1247.27,,False,195,False
2023-01-11,P00001,S00001,Hypermarket,36,104.37,104.37,0.0,3757.32,2543.76,1213.56,,False,158,False
2023-01-12,P00001,S00001,Hypermarket,16,104.37,104.37,0.0,1669.92,1130.56,539.36,,False,122,False
2023-01-13,P00001,S00001,Hypermarket,34,104.37,104.37,0.0,3548.58,2402.44,1146.14,,False,106,False
2023-01-14,P00001,S00001,Hypermarket,43,104.37,104.37,0.0,4487.91,3038.38,1449.53,,False,697,False
2023-01-15,P00001,S00001,Hypermarket,33,104.37,104.37,0.0,3444.21,2331.78,1112.43,,False,654,False
2023-01-16,P00001,S00001,Hypermarket,46,104.37,104.37,0.0,4801.02,3250.36,1550.66,,False,621,False
2023-01-17,P00001,S00001,Hypermarket,32,104.37,104.37,0.0,3339.84,2261.12,1078.72,,False,575,False
2023-01-18,P00001,S00001,Hypermarket,168,104.37,79.51,23.82,13357.68,11870.88,1486.8,PR0000014,True,543,False
2023-01-19,P00001,S00001,Hypermarket,37,104.37,79.51,23.82,2941.87,2614.42,327.45,PR0000014,True,375,False
2023-01-20,P00001,S00001,Hypermarket,72,104.37,79.51,23.82,5724.72,5087.52,637.2,PR0000014,True,338,False
2023-01-21,P00001,S00001,Hypermarket,64,104.37,79.51,23.82,5088.64,4522.24,566.4,PR0000014,True,266,False
2023-01-22,P00001,S00001,Hypermarket,79,104.37,79.51,23.82,6281.29,5582.14,699.15,PR0000014,True,202,False
2023-01-23,P00001,S00001,Hypermarket,50,104.37,104.37,0.0,5218.5,3533.0,1685.5,,False,123,False
2023-01-24,P00001,S00001,Hypermarket,9,104.37,104.37,0.0,939.33,635.94,303.39,,False,1014,False
2023-01-25,P00001,S00001,Hypermarket,25,104.37,104.37,0.0,2609.25,1766.5,842.75,,False,1005,False
2023-01-26,P00001,S00001,Hypermarket,70,104.37,104.37,0.0,7305.9,4946.2,2359.7,,False,980,False
2023-01-27,P00001,S00001,Hypermarket,55,104.37,104.37,0.0,5740.35,3886.3,1854.05,,False,910,False
2023-01-28,P00001,S00001,Hypermarket,27,104.37,104.37,0.0,2817.99,1907.82,910.17,,False,855,False
2023-01-29,P00001,S00001,Hypermarket,21,104.37,104.37,0.0,2191.77,1483.86,707.91,,False,828,False
2023-01-30,P00001,S00001,Hypermarket,27,104.37,104.37,0.0,2817.99,1907.82,910.17,,False,807,False
2023-01-31,P00001,S00001,Hypermarket,10,104.37,104.37,0.0,1043.7,706.6,337.1,,False,780,False
2023-02-01,P00001,S00001,Hypermarket,22,104.37,104.37,0.0,2296.14,1554.52,741.62,,False,770,False
2023-02-02,P00001,S00001,Hypermarket,33,104.37,104.37,0.0,3444.21,2331.78,1112.43,,False,748,False
2023-02-03,P00001,S00001,Hypermarket,21,104.37,104.37,0.0,2191.77,1483.86,707.91,,False,715,False
2023-02-04,P00001,S00001,Hypermarket,112,104.37,104.37,0.0,11689.44,7913.92,3775.52,,False,694,False
2023-02-05,P00001,S00001,Hypermarket,24,104.37,104.37,0.0,2504.88,1695.84,809.04,,False,582,False
2023-02-06,P00001,S00001,Hypermarket,22,104.37,104.37,0.0,2296.14,1554.52,741.62,,False,558,False
2023-02-07,P00001,S00001,Hypermarket,11,104.37,104.37,0.0,1148.07,777.26,370.81,,False,536,False
2023-02-08,P00001,S00001,Hypermarket,49,104.37,104.37,0.0,5114.13,3462.34,1651.79,,False,525,False
2023-02-09,P00001,S00001,Hypermarket,22,104.37,104.37,0.0,2296.14,1554.52,741.62,,False,476,False
2023-02-10,P00001,S00001,Hypermarket,20,104.37,104.37,0.0,2087.4,1413.2,674.2,,False,454,False
2023-02-11,P00001,S00001,Hypermarket,39,104.37,104.37,0.0,4070.43,2755.74,1314.69,,False,434,False
2023-02-12,P00001,S00001,Hypermarket,21,104.37,104.37,0.0,2191.77,1483.86,707.91,,False,395,False
2023-02-13,P00001,S00001,Hypermarket,16,104.37,104.37,0.0,1669.92,1130.56,539.36,,False,374,False
2023-02-14,P00001,S00001,Hypermarket,47,104.37,104.37,0.0,4905.39,3321.02,1584.37,,False,358,False
2023-02-15,P00001,S00001,Hypermarket,54,104.37,104.37,0.0,5635.98,3815.64,1820.34,,False,311,False
2023-02-16,P00001,S00001,Hypermarket,24,104.37,104.37,0.0,2504.88,1695.84,809.04,,False,257,False
2023-02-17,P00001,S00001,Hypermarket,30,104.37,104.37,0.0,3131.1,2119.8,1011.3,,False,233,False
2023-02-18,P00001,S00001,Hypermarket,142,104.37,104.37,0.0,14820.54,10033.72,4786.82,,False,203,False
2023-02-19,P00001,S00001,Hypermarket,27,104.37,104.37,0.0,2817.99,1907.82,910.17,,False,61,False
2023-02-20,P00001,S00001,Hypermarket,34,104.37,104.37,0.0,3548.58,2402.44,1146.14,,False,34,True
2023-02-21,P00001,S00001,Hypermarket,36,104.37,104.37,0.0,3757.32,2543.76,1213.56,,False,955,False
2023-02-22,P00001,S00001,Hypermarket,67,104.37,104.37,0.0,6992.79,4734.22,2258.57,,False,919,False
2023-02-23,P00001,S00001,Hypermarket,26,104.37,104.37,0.0,2713.62,1837.16,876.46,,False,852,False
2023-02-24,P00001,S00001,Hypermarket,40,104.37,104.37,0.0,4174.8,2826.4,1348.4,,False,826,False
2023-02-25,P00001,S00001,Hypermarket,18,104.37,104.37,0.0,1878.66,1271.88,606.78,,False,786,False
2023-02-26,P00001,S00001,Hypermarket,74,104.37,104.37,0.0,7723.38,5228.84,2494.54,,False,768,False
2023-02-27,P00001,S00001,Hypermarket,18,104.37,104.37,0.0,1878.66,1271.88,606.78,,False,694,False
2023-02-28,P00001,S00001,Hypermarket,27,104.37,104.37,0.0,2817.99,1907.82,910.17,,False,676,False
2023-03-01,P00001,S00001,Hypermarket,12,104.37,104.37,0.0,1252.44,847.92,404.52,,False,649,False
2023-03-02,P00001,S00001,Hypermarket,70,104.37,104.37,0.0,7305.9,4946.2,2359.7,,False,637,False
2023-03-03,P00001,S00001,Hypermarket,88,104.37,104.37,0.0,9184.56,6218.08,2966.48,,False,567,False
2023-03-04,P00001,S00001,Hypermarket,79,104.37,104.37,0.0,8245.23,5582.14,2663.09,,False,479,False
2023-03-05,P00001,S00001,Hypermarket,52,104.37,104.37,0.0,5427.24,3674.32,1752.92,,False,400,False
2023-03-06,P00001,S00001,Hypermarket,67,104.37,104.37,0.0,6992.79,4734.22,2258.57,,False,348,False
2023-03-07,P00001,S00001,Hypermarket,24,104.37,104.37,0.0,2504.88,1695.84,809.04,,False,281,False
2023-03-08,P00001,S00001,Hypermarket,113,104.37,104.37,0.0,11793.81,7984.58,3809.23,,False,257,False
2023-03-09,P00001,S00001,Hypermarket,29,104.37,104.37,0.0,3026.73,2049.14,977.59,,False,144,False
2023-03-10,P00001,S00001,Hypermarket,109,104.37,104.37,0.0,11376.33,7701.94,3674.39,,False,115,False
2023-03-11,P00001,S00001,Hypermarket,60,104.37,104.37,0.0,6262.2,4239.6,2022.6,,False,1101,False
2023-03-12,P00001,S00001,Hypermarket,65,104.37,104.37,0.0,6784.05,4592.9,2191.15,,False,1041,False
2023-03-13,P00001,S00001,Hypermarket,77,106.1,106.1,0.0,8169.7,5440.82,2728.88,,False,976,False
2023-03-14,P00001,S00001,Hypermarket,51,106.1,106.1,0.0,5411.1,3603.66,1807.44,,False,899,False
2023-03-15,P00001,S00001,Hypermarket,16,106.1,106.1,0.0,1697.6,1130.56,567.04,,False,848,False
2023-03-16,P00001,S00001,Hypermarket,94,106.1,106.1,0.0,9973.4,6642.04,3331.36,,False,832,False
2023-03-17,P00001,S00001,Hypermarket,92,106.1,106.1,0.0,9761.2,6500.72,3260.48,,False,738,False
2023-03-18,P00001,S00001,Hypermarket,64,106.1,106.1,0.0,6790.4,4522.24,2268.16,,False,646,False
2023-03-19,P00001,S00001,Hypermarket,24,106.1,106.1,0.0,2546.4,1695.84,850.56,,False,582,False
2023-03-20,P00001,S00001,Hypermarket,94,106.1,106.1,0.0,9973.4,6642.04,3331.36,,False,558,False
2023-03-21,P00001,S00001,Hypermarket,54,106.1,106.1,0.0,5729.4,3815.64,1913.76,,False,464,False
2023-03-22,P00001,S00001,Hypermarket,85,106.1,106.1,0.0,9018.5,6006.1,3012.4,,False,410,False
2023-03-23,P00001,S00001,Hypermarket,18,106.1,106.1,0.0,1909.8,1271.88,637.92,,False,325,False
2023-03-24,P00001,S00001,Hypermarket,69,106.1,106.1,0.0,7320.9,4875.54,2445.36,,False,307,False
2023-03-25,P00001,S00001,Hypermarket,70,106.1,106.1,0.0,7427.0,4946.2,2480.8,,False,238,False
2023-03-26,P00001,S00001,Hypermarket,21,106.1,106.1,0.0,2228.1,1483.86,744.24,,False,168,False
2023-03-27,P00001,S00001,Hypermarket,28,106.1,106.1,0.0,2970.8,1978.48,992.32,,False,1277,False
2023-03-28,P00001,S00001,Hypermarket,30,106.1,106.1,0.0,3183.0,2119.8,1063.2,,False,1249,False
2023-03-29,P00001,S00001,Hypermarket,91,106.1,106.1,0.0,9655.1,6430.06,3225.04,,False,1219,False
2023-03-30,P00001,S00001,Hypermarket,38,106.1,106.1,0.0,4031.8,2685.08,1346.72,,False,1128,False
2023-03-31,P00001,S00001,Hypermarket,47,111.76,111.76,0.0,5252.72,3321.02,1931.7,,False,1090,False
2023-01-01,P00001,S00117,E-commerce,47,99.58,99.58,0.0,4680.26,3321.02,1359.24,,False,631,False
2023-01-02,P00001,S00117,E-commerce,85,99.58,69.78,29.93,5931.3,6006.1,-74.8,PR0000024,True,584,False
2023-01-03,P00001,S00117,E-commerce,32,99.58,69.78,29.93,2232.96,2261.12,-28.16,PR0000024,True,499,False
2023-01-04,P00001,S00117,E-commerce,150,99.58,69.78,29.93,10467.0,10599.0,-132.0,PR0000024,True,467,False
2023-01-05,P00001,S00117,E-commerce,207,99.58,69.78,29.93,14444.46,14626.62,-182.16,PR0000024,True,1660,False
2023-01-06,P00001,S00117,E-commerce,52,99.58,69.78,29.93,3628.56,3674.32,-45.76,PR0000024,True,1453,False
2023-01-07,P00001,S00117,E-commerce,176,99.58,69.78,29.93,12281.28,12436.16,-154.88,PR0000024,True,1401,False
2023-01-08,P00001,S00117,E-commerce,98,99.58,69.78,29.93,6838.44,6924.68,-86.24,PR0000024,True,1225,False
2023-01-09,P00001,S00117,E-commerce,124,99.58,69.78,29.93,8652.72,8761.84,-109.12,PR0000024,True,1127,False
2023-01-10,P00001,S00117,E-commerce,125,99.58,69.78,29.93,8722.5,8832.5,-110.0,PR0000024,True,1003,False
2023-01-11,P00001,S00117,E-commerce,35,99.58,99.58,0.0,3485.3,2473.1,1012.2,,False,878,False
2023-01-12,P00001,S00117,E-commerce,106,99.58,72.69,27.0,7705.14,7489.96,215.18,PR0000025,True,843,False
2023-01-13,P00001,S00117,E-commerce,41,99.58,72.69,27.0,2980.29,2897.06,83.23,PR0000025,True,737,False
2023-01-14,P00001,S00117,E-commerce,29,99.58,72.69,27.0,2108.01,2049.14,58.87,PR0000025,True,696,False
2023-01-15,P00001,S00117,E-commerce,77,99.58,72.69,27.0,5597.13,5440.82,156.31,PR0000025,True,667,False
2023-01-16,P00001,S00117,E-commerce,26,99.58,72.69,27.0,1889.94,1837.16,52.78,PR0000025,True,590,False
2023-01-17,P00001,S00117,E-commerce,67,99.58,72.69,27.0,4870.23,4734.22,136.01,PR0000025,True,564,False
2023-01-18,P00001,S00117,E-commerce,38,99.58,99.58,0.0,3784.04,2685.08,1098.96,,False,497,False
2023-01-19,P00001,S00117,E-commerce,12,99.58,99.58,0.0,1194.96,847.92,347.04,,False,459,False
2023-01-20,P00001,S00117,E-commerce,46,99.58,99.58,0.0,4580.68,3250.36,1330.32,,False,447,False
2023-01-21,P00001,S00117,E-commerce,22,99.58,99.58,0.0,2190.76,1554.52,636.24,,False,1634,False
2023-01-22,P00001,S00117,E-commerce,57,99.58,99.58,0.0,5676.06,4027.62,1648.44,,False,1612,False
2023-01-23,P00001,S00117,E-commerce,51,99.58,99.58,0.0,5078.58,3603.66,1474.92,,False,1555,False
2023-01-24,P00001,S00117,E-commerce,20,99.58,99.58,0.0,1991.6,1413.2,578.4,,False,1504,False
2023-01-25,P00001,S00117,E-commerce,38,99.58,99.58,0.0,3784.04,2685.08,1098.96,,False,1484,False
2023-01-26,P00001,S00117,E-commerce,39,99.58,99.58,0.0,3883.62,2755.74,1127.88,,False,1446,False
2023-01-27,P00001,S00117,E-commerce,80,99.58,99.58,0.0,7966.4,5652.8,2313.6,,False,1407,False
2023-01-28,P00001,S00117,E-commerce,26,99.58,99.58,0.0,2589.08,1837.16,751.92,,False,1327,False
2023-01-29,P00001,S00117,E-commerce,53,99.58,99.58,0.0,5277.74,3744.98,1532.76,,False,1301,False
2023-01-30,P00001,S00117,E-commerce,24,99.58,99.58,0.0,2389.92,1695.84,694.08,,False,1248,False
2023-01-31,P00001,S00117,E-commerce,54,99.58,99.58,0.0,5377.32,3815.64,1561.68,,False,1224,False
2023-02-01,P00001,S00117,E-commerce,91,99.58,99.58,0.0,9061.78,6430.06,2631.72,,False,1170,False
2023-02-02,P00001,S00117,E-commerce,32,99.58,99.58,0.0,3186.56,2261.12,925.44,,False,1079,False
2023-02-03,P00001,S00117,E-commerce,47,99.58,99.58,0.0,4680.26,3321.02,1359.24,,False,1047,False
2023-02-04,P00001,S00117,E-commerce,49,99.58,99.58,0.0,4879.42,3462.34,1417.08,,False,1000,False
2023-02-05,P00001,S00117,E-commerce,66,99.58,99.58,0.0,6572.28,4663.56,1908.72,,False,951,False
2023-02-06,P00001,S00117,E-commerce,47,99.58,99.58,0.0,4680.26,3321.02,1359.24,,False,885,False
2023-02-07,P00001,S00117,E-commerce,24,99.58,99.58,0.0,2389.92,1695.84,694.08,,False,838,False
2023-02-08,P00001,S00117,E-commerce,43,99.58,99.58,0.0,4281.94,3038.38,1243.56,,False,814,False
2023-02-09,P00001,S00117,E-commerce,92,99.58,99.58,0.0,9161.36,6500.72,2660.64,,False,771,False
2023-02-10,P00001,S00117,E-commerce,39,99.58,99.58,0.0,3883.62,2755.74,1127.88,,False,679,False
2023-02-11,P00001,S00117,E-commerce,43,99.58,99.58,0.0,4281.94,3038.38,1243.56,,False,640,False
2023-02-12,P00001,S00117,E-commerce,26,99.58,99.58,0.0,2589.08,1837.16,751.92,,False,597,False
2023-02-13,P00001,S00117,E-commerce,45,99.58,99.58,0.0,4481.1,3179.7,1301.4,,False,571,False
2023-02-14,P00001,S00117,E-commerce,49,99.58,99.58,0.0,4879.42,3462.34,1417.08,,False,526,False
2023-02-15,P00001,S00117,E-commerce,33,99.58,99.58,0.0,3286.14,2331.78,954.36,,False,477,False
2023-02-16,P00001,S00117,E-commerce,26,99.58,99.58,0.0,2589.08,1837.16,751.92,,False,444,False
2023-02-17,P00001,S00117,E-commerce,63,99.58,99.58,0.0,6273.54,4451.58,1821.96,,False,418,False
2023-02-18,P00001,S00117,E-commerce,62,99.58,99.58,0.0,6173.96,4380.92,1793.04,,False,355,False
2023-02-19,P00001,S00117,E-commerce,28,99.58,99.58,0.0,2788.24,1978.48,809.76,,False,293,False
2023-02-20,P00001,S00117,E-commerce,67,99.58,99.58,0.0,6671.86,4734.22,1937.64,,False,265,False
2023-02-21,P00001,S00117,E-commerce,76,99.58,99.58,0.0,7568.08,5370.16,2197.92,,False,198,False
2023-02-22,P00001,S00117,E-commerce,20,99.58,99.58,0.0,1991.6,1413.2,578.4,,False,870,False
2023-02-23,P00001,S00117,E-commerce,38,99.58,99.58,0.0,3784.04,2685.08,1098.96,,False,850,False
2023-02-24,P00001,S00117,E-commerce,38,99.58,99.58,0.0,3784.04,2685.08,1098.96,,False,812,False
2023-02-25,P00001,S00117,E-commerce,51,99.58,99.58,0.0,5078.58,3603.66,1474.92,,False,774,False
2023-02-26,P00001,S00117,E-commerce,104,99.58,99.58,0.0,10356.32,7348.64,3007.68,,False,723,False
2023-02-27,P00001,S00117,E-commerce,94,99.58,99.58,0.0,9360.52,6642.04,2718.48,,False,619,False
2023-02-28,P00001,S00117,E-commerce,41,99.58,99.58,0.0,4082.78,2897.06,1185.72,,False,525,False
2023-03-01,P00001,S00117,E-commerce,76,99.58,99.58,0.0,7568.08,5370.16,2197.92,,False,484,False
2023-03-02,P00001,S00117,E-commerce,141,99.58,99.58,0.0,14040.78,9963.06,4077.72,,False,408,False
2023-03-03,P00001,S00117,E-commerce,67,99.58,99.58,0.0,6671.86,4734.22,1937.64,,False,267,False
2023-03-04,P00001,S00117,E-commerce,166,99.58,99.58,0.0,16530.28,11729.56,4800.72,,False,200,False
2023-03-05,P00001,S00117,E-commerce,34,99.58,99.58,0.0,3385.72,2402.44,983.28,,False,34,True
2023-03-06,P00001,S00117,E-commerce,27,99.58,99.58,0.0,2688.66,1907.82,780.84,,False,1152,False
2023-03-07,P00001,S00117,E-commerce,240,99.58,99.58,0.0,23899.2,16958.4,6940.8,,False,1125,False
2023-03-08,P00001,S00117,E-commerce,18,99.58,99.58,0.0,1792.44,1271.88,520.56,,False,885,False
2023-03-09,P00001,S00117,E-commerce,29,99.58,99.58,0.0,2887.82,2049.14,838.68,,False,867,False
2023-03-10,P00001,S00117,E-commerce,17,99.58,99.58,0.0,1692.86,1201.22,491.64,,False,838,False
2023-03-11,P00001,S00117,E-commerce,246,99.58,99.58,0.0,24496.68,17382.36,7114.32,,False,821,False
2023-03-12,P00001,S00117,E-commerce,33,99.58,99.58,0.0,3286.14,2331.78,954.36,,False,575,False
2023-03-13,P00001,S00117,E-commerce,26,99.58,99.58,0.0,2589.08,1837.16,751.92,,False,542,False
2023-03-14,P00001,S00117,E-commerce,28,99.58,99.58,0.0,2788.24,1978.48,809.76,,False,516,False
2023-03-15,P00001,S00117,E-commerce,34,99.58,99.58,0.0,3385.72,2402.44,983.28,,False,1866,False
2023-03-16,P00001,S00117,E-commerce,47,99.58,65.68,34.04,3086.96,3321.02,-234.06,PR0000026,True,1832,False
2023-03-17,P00001,S00117,E-commerce,100,99.58,65.68,34.04,6568.0,7066.0,-498.0,PR0000026,True,1785,False
2023-03-18,P00001,S00117,E-commerce,110,99.58,65.68,34.04,7224.8,7772.6,-547.8,PR0000026,True,1685,False
2023-03-19,P00001,S00117,E-commerce,106,99.58,65.68,34.04,6962.08,7489.96,-527.88,PR0000026,True,1575,False
2023-03-20,P00001,S00117,E-commerce,93,99.58,65.68,34.04,6108.24,6571.38,-463.14,PR0000026,True,1469,False
2023-03-21,P00001,S00117,E-commerce,70,99.58,65.68,34.04,4597.6,4946.2,-348.6,PR0000026,True,1376,False
2023-03-22,P00001,S00117,E-commerce,115,99.58,65.68,34.04,7553.2,8125.9,-572.7,PR0000026,True,1306,False
2023-03-23,P00001,S00117,E-commerce,226,99.58,65.68,34.04,14843.68,15969.16,-1125.48,PR0000026,True,1191,False
2023-03-24,P00001,S00117,E-commerce,89,99.58,65.68,34.04,5845.52,6288.74,-443.22,PR0000026,True,965,False
2023-03-25,P00001,S00117,E-commerce,193,99.58,65.68,34.04,12676.24,13637.38,-961.14,PR0000026,True,876,False
2023-03-26,P00001,S00117,E-commerce,185,99.58,65.68,34.04,12150.8,13072.1,-921.3,PR0000026,True,683,False
2023-03-27,P00001,S00117,E-commerce,60,99.58,65.68,34.04,3940.8,4239.6,-298.8,PR0000026,True,498,False
2023-03-28,P00001,S00117,E-commerce,89,99.58,65.68,34.04,5845.52,6288.74,-443.22,PR0000026,True,438,False
2023-03-29,P00001,S00117,E-commerce,104,99.58,65.68,34.04,6830.72,7348.64,-517.92,PR0000026,True,1953,False
2023-03-30,P00001,S00117,E-commerce,84,99.58,99.58,0.0,8364.72,5935.44,2429.28,,False,1849,False
2023-03-31,P00001,S00117,E-commerce,11,99.58,99.58,0.0,1095.38,777.26,318.12,,False,1765,False
2023-01-01,P00001,S00181,Hypermarket,46,104.98,104.98,0.0,4829.08,3250.36,1578.72,,False,590,False
2023-01-02,P00001,S00181,Hypermarket,30,104.98,104.98,0.0,3149.4,2119.8,1029.6,,False,544,False
2023-01-03,P00001,S00181,Hypermarket,74,104.98,104.98,0.0,7768.52,5228.84,2539.68,,False,514,False
2023-01-04,P00001,S00181,Hypermarket,35,104.98,104.98,0.0,3674.3,2473.1,1201.2,,False,440,False
2023-01-05,P00001,S00181,Hypermarket,25,104.98,104.98,0.0,2624.5,1766.5,858.0,,False,405,False
2023-01-06,P00001,S00181,Hypermarket,43,104.98,104.98,0.0,4514.14,3038.38,1475.76,,False,380,False
2023-01-07,P00001,S00181,Hypermarket,63,104.98,104.98,0.0,6613.74,4451.58,2162.16,,False,337,False
2023-01-08,P00001,S00181,Hypermarket,40,104.98,104.98,0.0,4199.2,2826.4,1372.8,,False,274,False
2023-01-09,P00001,S00181,Hypermarket,42,104.98,104.98,0.0,4409.16,2967.72,1441.44,,False,234,False
2023-01-10,P00001,S00181,Hypermarket,81,104.98,104.98,0.0,8503.38,5723.46,2779.92,,False,192,False
2023-01-11,P00001,S00181,Hypermarket,34,104.98,104.98,0.0,3569.32,2402.44,1166.88,,False,111,False
2023-01-12,P00001,S00181,Hypermarket,74,104.98,104.98,0.0,7768.52,5228.84,2539.68,,False,707,False
2023-01-13,P00001,S00181,Hypermarket,45,104.98,104.98,0.0,4724.1,3179.7,1544.4,,False,633,False
2023-01-14,P00001,S00181,Hypermarket,84,104.98,104.98,0.0,8818.32,5935.44,2882.88,,False,588,False
2023-01-15,P00001,S00181,Hypermarket,93,104.98,104.98,0.0,9763.14,6571.38,3191.76,,False,504,False
2023-01-16,P00001,S00181,Hypermarket,30,104.98,104.98,0.0,3149.4,2119.8,1029.6,,False,411,False
2023-01-17,P00001,S00181,Hypermarket,133,104.98,104.98,0.0,13962.34,9397.78,4564.56,,False,381,False
2023-01-18,P00001,S00181,Hypermarket,47,104.98,104.98,0.0,4934.06,3321.02,1613.04,,False,248,False
2023-01-19,P00001,S00181,Hypermarket,23,104.98,104.98,0.0,2414.54,1625.18,789.36,,False,201,False
2023-01-20,P00001,S00181,Hypermarket,23,104.98,104.98,0.0,2414.54,1625.18,789.36,,False,178,False
2023-01-21,P00001,S00181,Hypermarket,53,104.98,104.98,0.0,5563.94,3744.98,1818.96,,False,155,False
2023-01-22,P00001,S00181,Hypermarket,59,104.98,104.98,0.0,6193.82,4168.94,2024.88,,False,1031,False
2023-01-23,P00001,S00181,Hypermarket,24,104.98,104.98,0.0,2519.52,1695.84,823.68,,False,972,False
2023-01-24,P00001,S00181,Hypermarket,30,104.98,104.98,0.0,3149.4,2119.8,1029.6,,False,948,False
2023-01-25,P00001,S00181,Hypermarket,90,104.98,104.98,0.0,9448.2,6359.4,3088.8,,False,918,False
2023-01-26,P00001,S00181,Hypermarket,106,104.98,104.98,0.0,11127.88,7489.96,3637.92,,False,828,False
2023-01-27,P00001,S00181,Hypermarket,38,104.98,104.98,0.0,3989.24,2685.08,1304.16,,False,722,False
2023-01-28,P00001,S00181,Hypermarket,23,104.98,104.98,0.0,2414.54,1625.18,789.36,,False,684,False
2023-01-29,P00001,S00181,Hypermarket,27,104.98,104.98,0.0,2834.46,1907.82,926.64,,False,661,False
2023-01-30,P00001,S00181,Hypermarket,71,104.98,104.98,0.0,7453.58,5016.86,2436.72,,False,634,False
2023-01-31,P00001,S00181,Hypermarket,10,104.98,104.98,0.0,1049.8,706.6,343.2,,False,563,False
2023-02-01,P00001,S00181,Hypermarket,44,104.98,104.98,0.0,4619.12,3109.04,1510.08,,False,553,False
2023-02-02,P00001,S00181,Hypermarket,25,104.98,104.98,0.0,2624.5,1766.5,858.0,,False,509,False
2023-02-03,P00001,S00181,Hypermarket,65,104.98,104.98,0.0,6823.7,4592.9,2230.8,,False,484,False
2023-02-04,P00001,S00181,Hypermarket,46,104.98,104.98,0.0,4829.08,3250.36,1578.72,,False,419,False
2023-02-05,P00001,S00181,Hypermarket,81,104.98,104.98,0.0,8503.38,5723.46,2779.92,,False,373,False
2023-02-06,P00001,S00181,Hypermarket,27,104.98,104.98,0.0,2834.46,1907.82,926.64,,False,292,False
2023-02-07,P00001,S00181,Hypermarket,49,104.98,104.98,0.0,5144.02,3462.34,1681.68,,False,265,False
2023-02-08,P00001,S00181,Hypermarket,71,104.98,104.98,0.0,7453.58,5016.86,2436.72,,False,216,False
2023-02-09,P00001,S00181,Hypermarket,28,104.98,104.98,0.0,2939.44,1978.48,960.96,,False,145,False
2023-02-10,P00001,S00181,Hypermarket,62,104.98,104.98,0.0,6508.76,4380.92,2127.84,,False,775,False
2023-02-11,P00001,S00181,Hypermarket,93,104.98,104.98,0.0,9763.14,6571.38,3191.76,,False,713,False
2023-02-12,P00001,S00181,Hypermarket,101,104.98,104.98,0.0,10602.98,7136.66,3466.32,,False,620,False
2023-02-13,P00001,S00181,Hypermarket,57,104.98,104.98,0.0,5983.86,4027.62,1956.24,,False,519,False
2023-02-14,P00001,S00181,Hypermarket,32,104.98,104.98,0.0,3359.36,2261.12,1098.24,,False,462,False
2023-02-15,P00001,S00181,Hypermarket,100,104.98,104.98,0.0,10498.0,7066.0,3432.0,,False,430,False
2023-02-16,P00001,S00181,Hypermarket,100,104.98,104.98,0.0,10498.0,7066.0,3432.0,,False,330,False
2023-02-17,P00001,S00181,Hypermarket,82,104.98,104.98,0.0,8608.36,5794.12,2814.24,,False,230,False
2023-02-18,P00001,S00181,Hypermarket,99,104.98,104.98,0.0,10393.02,6995.34,3397.68,,False,148,False
2023-02-19,P00001,S00181,Hypermarket,49,104.98,104.98,0.0,5144.02,3462.34,1681.68,,False,49,True
2023-02-20,P00001,S00181,Hypermarket,27,104.98,104.98,0.0,2834.46,1907.82,926.64,,False,800,False
2023-02-21,P00001,S00181,Hypermarket,127,104.98,87.83,16.34,11154.41,8973.82,2180.59,PR0000042,True,773,False
2023-02-22,P00001,S00181,Hypermarket,84,104.98,87.83,16.34,7377.72,5935.44,1442.28,PR0000042,True,646,False
2023-02-23,P00001,S00181,Hypermarket,71,104.98,87.83,16.34,6235.93,5016.86,1219.07,PR0000042,True,562,False
2023-02-24,P00001,S00181,Hypermarket,221,104.98,87.83,16.34,19410.43,15615.86,3794.57,PR0000042,True,491,False
2023-02-25,P00001,S00181,Hypermarket,112,104.98,87.83,16.34,9836.96,7913.92,1923.04,PR0000042,True,270,False
2023-02-26,P00001,S00181,Hypermarket,46,104.98,87.83,16.34,4040.18,3250.36,789.82,PR0000042,True,158,False
2023-02-27,P00001,S00181,Hypermarket,101,104.98,87.83,16.34,8870.83,7136.66,1734.17,PR0000042,True,112,False
2023-02-28,P00001,S00181,Hypermarket,11,104.98,87.83,16.34,966.13,777.26,188.87,PR0000042,True,11,True
2023-03-01,P00001,S00181,Hypermarket,113,104.98,87.83,16.34,9924.79,7984.58,1940.21,PR0000042,True,1372,False
2023-03-02,P00001,S00181,Hypermarket,227,104.98,87.83,16.34,19937.41,16039.82,3897.59,PR0000042,True,1259,False
2023-03-03,P00001,S00181,Hypermarket,137,104.98,87.83,16.34,12032.71,9680.42,2352.29,PR0000042,True,1032,False
2023-03-04,P00001,S00181,Hypermarket,219,104.98,87.83,16.34,19234.77,15474.54,3760.23,PR0000042,True,895,False
2023-03-05,P00001,S00181,Hypermarket,238,104.98,87.83,16.34,20903.54,16817.08,4086.46,PR0000042,True,676,False
2023-03-06,P00001,S00181,Hypermarket,218,104.98,87.83,16.34,19146.94,15403.88,3743.06,PR0000042,True,438,False
2023-03-07,P00001,S00181,Hypermarket,146,104.98,87.83,16.34,12823.18,10316.36,2506.82,PR0000042,True,220,False
2023-03-08,P00001,S00181,Hypermarket,74,109.1,91.27,16.34,6753.98,5228.84,1525.14,PR0000042,True,74,True
2023-03-09,P00001,S00181,Hypermarket,123,109.1,91.27,16.34,11226.21,8691.18,2535.03,PR0000042,True,1542,False
2023-03-10,P00001,S00181,Hypermarket,224,109.1,91.27,16.34,20444.48,15827.84,4616.64,PR0000042,True,1419,False
2023-03-11,P00001,S00181,Hypermarket,83,109.1,109.1,0.0,9055.3,5864.78,3190.52,,False,1195,False
2023-03-12,P00001,S00181,Hypermarket,125,109.1,109.1,0.0,13637.5,8832.5,4805.0,,False,1112,False
2023-03-13,P00001,S00181,Hypermarket,109,109.1,109.1,0.0,11891.9,7701.94,4189.96,,False,987,False
2023-03-14,P00001,S00181,Hypermarket,43,109.1,109.1,0.0,4691.3,3038.38,1652.92,,False,878,False
2023-03-15,P00001,S00181,Hypermarket,58,109.1,109.1,0.0,6327.8,4098.28,2229.52,,False,835,False
2023-03-16,P00001,S00181,Hypermarket,52,109.1,109.1,0.0,5673.2,3674.32,1998.88,,False,777,False
2023-03-17,P00001,S00181,Hypermarket,100,109.1,109.1,0.0,10910.0,7066.0,3844.0,,False,725,False
2023-03-18,P00001,S00181,Hypermarket,116,109.1,109.1,0.0,12655.6,8196.56,4459.04,,False,2231,False
2023-03-19,P00001,S00181,Hypermarket,59,109.1,109.1,0.0,6436.9,4168.94,2267.96,,False,2115,False
2023-03-20,P00001,S00181,Hypermarket,49,109.1,109.1,0.0,5345.9,3462.34,1883.56,,False,2056,False
2023-03-21,P00001,S00181,Hypermarket,24,104.76,104.76,0.0,2514.24,1695.84,818.4,,False,2007,False
2023-03-22,P00001,S00181,Hypermarket,104,104.76,104.76,0.0,10895.04,7348.64,3546.4,,False,1983,False
2023-03-23,P00001,S00181,Hypermarket,56,104.76,104.76,0.0,5866.56,3956.96,1909.6,,False,1879,False
2023-03-24,P00001,S00181,Hypermarket,90,104.76,104.76,0.0,9428.4,6359.4,3069.0,,False,1823,False
2023-03-25,P00001,S00181,Hypermarket,119,104.76,104.76,0.0,12466.44,8408.54,4057.9,,False,1733,False
2023-03-26,P00001,S00181,Hypermarket,45,104.76,104.76,0.0,4714.2,3179.7,1534.5,,False,1614,False
2023-03-27,P00001,S00181,Hypermarket,108,104.76,104.76,0.0,11314.08,7631.28,3682.8,,False,1569,False
2023-03-28,P00001,S00181,Hypermarket,67,104.76,104.76,0.0,7018.92,4734.22,2284.7,,False,1461,False
2023-03-29,P00001,S00181,Hypermarket,97,104.76,104.76,0.0,10161.72,6854.02,3307.7,,False,1394,False
2023-03-30,P00001,S00181,Hypermarket,18,104.76,104.76,0.0,1885.68,1271.88,613.8,,False,1297,False
2023-03-31,P00001,S00181,Hypermarket,40,104.76,104.76,0.0,4190.4,2826.4,1364.0,,False,1279,False
2023-01-01,P00001,S00059,Convenience,29,101.15,62.22,38.49,1804.38,2049.14,-244.76,PR0000058,True,156,False
2023-01-02,P00001,S00059,Convenience,20,101.15,62.22,38.49,1244.4,1413.2,-168.8,PR0000058,True,127,False
2023-01-03,P00001,S00059,Convenience,25,101.15,62.22,38.49,1555.5,1766.5,-211.0,PR0000058,True,107,False
2023-01-04,P00001,S00059,Convenience,34,101.15,62.22,38.49,2115.48,2402.44,-286.96,PR0000058,True,82,False
2023-01-05,P00001,S00059,Convenience,15,101.15,62.22,38.49,933.3,1059.9,-126.6,PR0000058,True,299,False
2023-01-06,P00001,S00059,Convenience,29,101.15,62.22,38.49,1804.38,2049.14,-244.76,PR0000058,True,284,False
2023-01-07,P00001,S00059,Convenience,44,101.15,62.22,38.49,2737.68,3109.04,-371.36,PR0000058,True,255,False
2023-01-08,P00001,S00059,Convenience,15,101.15,62.22,38.49,933.3,1059.9,-126.6,PR0000058,True,211,False
2023-01-09,P00001,S00059,Convenience,37,101.15,62.22,38.49,2302.14,2614.42,-312.28,PR0000058,True,196,False
2023-01-10,P00001,S00059,Convenience,38,101.15,62.22,38.49,2364.36,2685.08,-320.72,PR0000058,True,159,False
2023-01-11,P00001,S00059,Convenience,19,101.15,62.22,38.49,1182.18,1342.54,-160.36,PR0000058,True,121,False
2023-01-12,P00001,S00059,Convenience,42,101.15,62.22,38.49,2613.24,2967.72,-354.48,PR0000058,True,102,False
2023-01-13,P00001,S00059,Convenience,39,101.15,62.22,38.49,2426.58,2755.74,-329.16,PR0000058,True,274,False
2023-01-14,P00001,S00059,Convenience,17,101.15,62.22,38.49,1057.74,1201.22,-143.48,PR0000058,True,235,False
2023-01-15,P00001,S00059,Convenience,41,101.15,62.22,38.49,2551.02,2897.06,-346.04,PR0000058,True,218,False
2023-01-16,P00001,S00059,Convenience,7,101.15,101.15,0.0,708.05,494.62,213.43,,False,177,False
2023-01-17,P00001,S00059,Convenience,8,101.15,101.15,0.0,809.2,565.28,243.92,,False,170,False
2023-01-18,P00001,S00059,Convenience,3,101.15,101.15,0.0,303.45,211.98,91.47,,False,162,False
2023-01-19,P00001,S00059,Convenience,17,101.15,101.15,0.0,1719.55,1201.22,518.33,,False,382,False
2023-01-20,P00001,S00059,Convenience,10,101.15,101.15,0.0,1011.5,706.6,304.9,,False,365,False
2023-01-21,P00001,S00059,Convenience,15,101.15,101.15,0.0,1517.25,1059.9,457.35,,False,355,False
2023-01-22,P00001,S00059,Convenience,9,101.15,101.15,0.0,910.35,635.94,274.41,,False,340,False
2023-01-23,P00001,S00059,Convenience,12,101.15,101.15,0.0,1213.8,847.92,365.88,,False,331,False
2023-01-24,P00001,S00059,Convenience,6,101.15,101.15,0.0,606.9,423.96,182.94,,False,319,False
2023-01-25,P00001,S00059,Convenience,6,101.15,101.15,0.0,606.9,423.96,182.94,,False,313,False
2023-01-26,P00001,S00059,Convenience,12,101.15,101.15,0.0,1213.8,847.92,365.88,,False,307,False
2023-01-27,P00001,S00059,Convenience,4,101.15,101.15,0.0,404.6,282.64,121.96,,False,295,False
2023-01-28,P00001,S00059,Convenience,3,101.15,101.15,0.0,303.45,211.98,91.47,,False,291,False
2023-01-29,P00001,S00059,Convenience,11,101.15,101.15,0.0,1112.65,777.26,335.39,,False,288,False
2023-01-30,P00001,S00059,Convenience,11,101.15,101.15,0.0,1112.65,777.26,335.39,,False,277,False
2023-01-31,P00001,S00059,Convenience,0,101.15,101.15,0.0,0.0,0.0,0.0,,False,266,False
2023-02-01,P00001,S00059,Convenience,10,101.15,101.15,0.0,1011.5,706.6,304.9,,False,266,False
2023-02-02,P00001,S00059,Convenience,8,101.15,101.15,0.0,809.2,565.28,243.92,,False,256,False
2023-02-03,P00001,S00059,Convenience,8,101.15,101.15,0.0,809.2,565.28,243.92,,False,248,False
2023-02-04,P00001,S00059,Convenience,7,101.15,101.15,0.0,708.05,494.62,213.43,,False,240,False
2023-02-05,P00001,S00059,Convenience,10,101.15,101.15,0.0,1011.5,706.6,304.9,,False,233,False
2023-02-06,P00001,S00059,Convenience,3,101.15,101.15,0.0,303.45,211.98,91.47,,False,223,False
2023-02-07,P00001,S00059,Convenience,12,101.15,101.15,0.0,1213.8,847.92,365.88,,False,220,False
2023-02-08,P00001,S00059,Convenience,18,101.15,101.15,0.0,1820.7,1271.88,548.82,,False,208,False
2023-02-09,P00001,S00059,Convenience,9,101.15,101.15,0.0,910.35,635.94,274.41,,False,190,False
2023-02-10,P00001,S00059,Convenience,14,101.15,101.15,0.0,1416.1,989.24,426.86,,False,181,False
2023-02-11,P00001,S00059,Convenience,5,101.15,101.15,0.0,505.75,353.3,152.45,,False,167,False
2023-02-12,P00001,S00059,Convenience,15,101.15,101.15,0.0,1517.25,1059.9,457.35,,False,162,False
2023-02-13,P00001,S00059,Convenience,9,101.15,101.15,0.0,910.35,635.94,274.41,,False,147,False
2023-02-14,P00001,S00059,Convenience,16,101.15,101.15,0.0,1618.4,1130.56,487.84,,False,138,False
2023-02-15,P00001,S00059,Convenience,2,101.15,101.15,0.0,202.3,141.32,60.98,,False,122,False
2023-02-16,P00001,S00059,Convenience,2,101.15,101.15,0.0,202.3,141.32,60.98,,False,120,False
2023-02-17,P00001,S00059,Convenience,2,101.15,101.15,0.0,202.3,141.32,60.98,,False,118,False
2023-02-18,P00001,S00059,Convenience,27,101.15,101.15,0.0,2731.05,1907.82,823.23,,False,116,False
2023-02-19,P00001,S00059,Convenience,14,101.15,101.15,0.0,1416.1,989.24,426.86,,False,89,False
2023-02-20,P00001,S00059,Convenience,1,101.15,101.15,0.0,101.15,70.66,30.49,,False,75,False
2023-02-21,P00001,S00059,Convenience,2,101.15,101.15,0.0,202.3,141.32,60.98,,False,74,False
2023-02-22,P00001,S00059,Convenience,7,101.15,101.15,0.0,708.05,494.62,213.43,,False,72,False
2023-02-23,P00001,S00059,Convenience,7,101.1,101.1,0.0,707.7,494.62,213.08,,False,65,False
2023-02-24,P00001,S00059,Convenience,25,101.1,101.1,0.0,2527.5,1766.5,761.0,,False,58,False
2023-02-25,P00001,S00059,Convenience,10,101.1,101.1,0.0,1011.0,706.6,304.4,,False,33,False
2023-02-26,P00001,S00059,Convenience,13,101.1,101.1,0.0,1314.3,918.58,395.72,,False,23,False
2023-02-27,P00001,S00059,Convenience,1,101.1,101.1,0.0,101.1,70.66,30.44,,False,10,False
2023-02-28,P00001,S00059,Convenience,13,101.1,101.1,0.0,1314.3,918.58,395.72,,False,111,False
2023-03-01,P00001,S00059,Convenience,4,101.1,101.1,0.0,404.4,282.64,121.76,,False,98,False
2023-03-02,P00001,S00059,Convenience,10,101.1,101.1,0.0,1011.0,706.6,304.4,,False,94,False
2023-03-03,P00001,S00059,Convenience,15,101.1,101.1,0.0,1516.5,1059.9,456.6,,False,84,False
2023-03-04,P00001,S00059,Convenience,38,101.1,101.1,0.0,3841.8,2685.08,1156.72,,False,69,False
2023-03-05,P00001,S00059,Convenience,15,101.1,101.1,0.0,1516.5,1059.9,456.6,,False,31,False
2023-03-06,P00001,S00059,Convenience,10,101.1,101.1,0.0,1011.0,706.6,304.4,,False,16,False
2023-03-07,P00001,S00059,Convenience,6,101.1,101.1,0.0,606.6,423.96,182.64,,False,6,True
2023-03-08,P00001,S00059,Convenience,18,101.1,101.1,0.0,1819.8,1271.88,547.92,,False,137,False
2023-03-09,P00001,S00059,Convenience,8,101.1,101.1,0.0,808.8,565.28,243.52,,False,119,False
2023-03-10,P00001,S00059,Convenience,5,101.1,101.1,0.0,505.5,353.3,152.2,,False,111,False
2023-03-11,P00001,S00059,Convenience,15,101.1,101.1,0.0,1516.5,1059.9,456.6,,False,106,False
2023-03-12,P00001,S00059,Convenience,26,101.1,101.1,0.0,2628.6,1837.16,791.44,,False,91,False
2023-03-13,P00001,S00059,Convenience,5,101.1,101.1,0.0,505.5,353.3,152.2,,False,65,False
2023-03-14,P00001,S00059,Convenience,16,101.1,101.1,0.0,1617.6,1130.56,487.04,,False,60,False
2023-03-15,P00001,S00059,Convenience,5,101.1,101.1,0.0,505.5,353.3,152.2,,False,44,False
2023-03-16,P00001,S00059,Convenience,5,101.1,101.1,0.0,505.5,353.3,152.2,,False,154,False
2023-03-17,P00001,S00059,Convenience,19,101.1,101.1,0.0,1920.9,1342.54,578.36,,False,149,False
2023-03-18,P00001,S00059,Convenience,17,101.1,101.1,0.0,1718.7,1201.22,517.48,,False,130,False
2023-03-19,P00001,S00059,Convenience,8,101.1,101.1,0.0,808.8,565.28,243.52,,False,113,False
2023-03-20,P00001,S00059,Convenience,11,101.1,101.1,0.0,1112.1,777.26,334.84,,False,105,False
2023-03-21,P00001,S00059,Convenience,6,101.1,101.1,0.0,606.6,423.96,182.64,,False,94,False
2023-03-22,P00001,S00059,Convenience,8,101.1,101.1,0.0,808.8,565.28,243.52,,False,88,False
2023-03-23,P00001,S00059,Convenience,3,101.1,101.1,0.0,303.3,211.98,91.32,,False,80,False
2023-03-24,P00001,S00059,Convenience,8,101.1,101.1,0.0,808.8,565.28,243.52,,False,77,False
2023-03-25,P00001,S00059,Convenience,14,101.1,101.1,0.0,1415.4,989.24,426.16,,False,69,False
2023-03-26,P00001,S00059,Convenience,7,101.1,101.1,0.0,707.7,494.62,213.08,,False,55,False
2023-03-27,P00001,S00059,Convenience,8,101.1,101.1,0.0,808.8,565.28,243.52,,False,48,False
2023-03-28,P00001,S00059,Convenience,15,101.1,101.1,0.0,1516.5,1059.9,456.6,,False,40,False
2023-03-29,P00001,S00059,Convenience,12,101.1,101.1,0.0,1213.2,847.92,365.28,,False,108,False
2023-03-30,P00001,S00059,Convenience,10,101.1,101.1,0.0,1011.0,706.6,304.4,,False,96,False
2023-03-31,P00001,S00059,Convenience,15,101.1,101.1,0.0,1516.5,1059.9,456.6,,False,86,False
2023-01-01,P00001,S00180,Convenience,16,103.6,97.11,6.26,1553.76,1130.56,423.2,PR0000074,True,468,False
2023-01-02,P00001,S00180,Convenience,68,103.6,97.11,6.26,6603.48,4804.88,1798.6,PR0000074,True,452,False
2023-01-03,P00001,S00180,Convenience,26,103.6,97.11,6.26,2524.86,1837.16,687.7,PR0000074,True,384,False
2023-01-04,P00001,S00180,Convenience,21,103.6,97.11,6.26,2039.31,1483.86,555.45,PR0000074,True,358,False
2023-01-05,P00001,S00180,Convenience,11,103.6,97.11,6.26,1068.21,777.26,290.95,PR0000074,True,337,False
2023-01-06,P00001,S00180,Convenience,35,103.6,97.11,6.26,3398.85,2473.1,925.75,PR0000074,True,326,False
2023-01-07,P00001,S00180,Convenience,60,103.6,97.11,6.26,5826.6,4239.6,1587.0,PR0000074,True,291,False
2023-01-08,P00001,S00180,Convenience,15,103.6,97.11,6.26,1456.65,1059.9,396.75,PR0000074,True,231,False
2023-01-09,P00001,S00180,Convenience,41,103.6,97.11,6.26,3981.51,2897.06,1084.45,PR0000074,True,216,False
2023-01-10,P00001,S00180,Convenience,39,103.6,97.11,6.26,3787.29,2755.74,1031.55,PR0000074,True,175,False
2023-01-11,P00001,S00180,Convenience,38,103.6,97.11,6.26,3690.18,2685.08,1005.1,PR0000074,True,136,False
2023-01-12,P00001,S00180,Convenience,35,103.6,97.11,6.26,3398.85,2473.1,925.75,PR0000074,True,98,False
2023-01-13,P00001,S00180,Convenience,31,103.6,97.11,6.26,3010.41,2190.46,819.95,PR0000074,True,305,False
2023-01-14,P00001,S00180,Convenience,27,103.6,97.11,6.26,2621.97,1907.82,714.15,PR0000074,True,274,False
2023-01-15,P00001,S00180,Convenience,40,103.6,97.11,6.26,3884.4,2826.4,1058.0,PR0000074,True,247,False
2023-01-16,P00001,S00180,Convenience,50,103.6,103.6,0.0,5180.0,3533.0,1647.0,,False,207,False
2023-01-17,P00001,S00180,Convenience,27,103.6,103.6,0.0,2797.2,1907.82,889.38,,False,157,False
2023-01-18,P00001,S00180,Convenience,37,103.6,103.6,0.0,3833.2,2614.42,1218.78,,False,130,False
2023-01-19,P00001,S00180,Convenience,25,103.6,103.6,0.0,2590.0,1766.5,823.5,,False,132,False
2023-01-20,P00001,S00180,Convenience,26,103.6,103.6,0.0,2693.6,1837.16,856.44,,False,107,False
2023-01-21,P00001,S00180,Convenience,33,103.6,103.6,0.0,3418.8,2331.78,1087.02,,False,81,False
2023-01-22,P00001,S00180,Convenience,48,103.6,103.6,0.0,4972.8,3391.68,1581.12,,False,48,True
2023-01-23,P00001,S00180,Convenience,0,103.6,103.6,0.0,0.0,0.0,0.0,,False,0,True
2023-01-24,P00001,S00180,Convenience,14,103.6,103.6,0.0,1450.4,989.24,461.16,,False,39,False
2023-01-25,P00001,S00180,Convenience,25,103.6,103.6,0.0,2590.0,1766.5,823.5,,False,25,True
2023-01-26,P00001,S00180,Convenience,11,103.6,103.6,0.0,1139.6,777.26,362.34,,False,183,False
2023-01-27,P00001,S00180,Convenience,54,103.6,103.6,0.0,5594.4,3815.64,1778.76,,False,172,False
2023-01-28,P00001,S00180,Convenience,38,103.6,103.6,0.0,3936.8,2685.08,1251.72,,False,118,False
2023-01-29,P00001,S00180,Convenience,54,103.6,103.6,0.0,5594.4,3815.64,1778.76,,False,80,False
2023-01-30,P00001,S00180,Convenience,30,103.6,103.6,0.0,3108.0,2119.8,988.2,,False,263,False
2023-01-31,P00001,S00180,Convenience,12,103.6,103.6,0.0,1243.2,847.92,395.28,,False,233,False
2023-02-01,P00001,S00180,Convenience,17,103.6,103.6,0.0,1761.2,1201.22,559.98,,False,221,False
2023-02-02,P00001,S00180,Convenience,9,103.6,103.6,0.0,932.4,635.94,296.46,,False,204,False
2023-02-03,P00001,S00180,Convenience,25,103.6,103.6,0.0,2590.0,1766.5,823.5,,False,195,False
2023-02-04,P00001,S00180,Convenience,20,103.6,103.6,0.0,2072.0,1413.2,658.8,,False,393,False
2023-02-05,P00001,S00180,Convenience,36,103.6,103.6,0.0,3729.6,2543.76,1185.84,,False,373,False
2023-02-06,P00001,S00180,Convenience,11,103.6,103.6,0.0,1139.6,777.26,362.34,,False,337,False
2023-02-07,P00001,S00180,Convenience,19,103.6,103.6,0.0,1968.4,1342.54,625.86,,False,326,False
2023-02-08,P00001,S00180,Convenience,22,103.6,103.6,0.0,2279.2,1554.52,724.68,,False,307,False
2023-02-09,P00001,S00180,Convenience,54,103.6,103.6,0.0,5594.4,3815.64,1778.76,,False,285,False
2023-02-10,P00001,S00180,Convenience,17,103.6,103.6,0.0,1761.2,1201.22,559.98,,False,231,False
2023-02-11,P00001,S00180,Convenience,24,103.6,103.6,0.0,2486.4,1695.84,790.56,,False,214,False
2023-02-12,P00001,S00180,Convenience,13,103.6,103.6,0.0,1346.8,918.58,428.22,,False,190,False
2023-02-13,P00001,S00180,Convenience,13,103.6,103.6,0.0,1346.8,918.58,428.22,,False,177,False
2023-02-14,P00001,S00180,Convenience,9,103.6,103.6,0.0,932.4,635.94,296.46,,False,164,False
2023-02-15,P00001,S00180,Convenience,15,103.6,103.6,0.0,1554.0,1059.9,494.1,,False,317,False
2023-02-16,P00001,S00180,Convenience,23,103.6,103.6,0.0,2382.8,1625.18,757.62,,False,302,False
2023-02-17,P00001,S00180,Convenience,37,103.6,103.6,0.0,3833.2,2614.42,1218.78,,False,279,False
2023-02-18,P00001,S00180,Convenience,25,103.6,103.6,0.0,2590.0,1766.5,823.5,,False,242,False
2023-02-19,P00001,S00180,Convenience,38,103.6,103.6,0.0,3936.8,2685.08,1251.72,,False,217,False
2023-02-20,P00001,S00180,Convenience,27,103.6,103.6,0.0,2797.2,1907.82,889.38,,False,179,False
2023-02-21,P00001,S00180,Convenience,22,103.6,103.6,0.0,2279.2,1554.52,724.68,,False,152,False
2023-02-22,P00001,S00180,Convenience,23,103.6,103.6,0.0,2382.8,1625.18,757.62,,False,130,False
2023-02-23,P00001,S00180,Convenience,36,103.6,103.6,0.0,3729.6,2543.76,1185.84,,False,107,False
2023-02-24,P00001,S00180,Convenience,7,103.6,103.6,0.0,725.2,494.62,230.58,,False,71,False
2023-02-25,P00001,S00180,Convenience,39,103.6,103.6,0.0,4040.4,2755.74,1284.66,,False,234,False
2023-02-26,P00001,S00180,Convenience,19,103.6,103.6,0.0,1968.4,1342.54,625.86,,False,195,False
2023-02-27,P00001,S00180,Convenience,53,103.6,103.6,0.0,5490.8,3744.98,1745.82,,False,176,False
2023-02-28,P00001,S00180,Convenience,13,103.6,103.6,0.0,1346.8,918.58,428.22,,False,123,False
2023-03-01,P00001,S00180,Convenience,13,103.6,103.6,0.0,1346.8,918.58,428.22,,False,110,False
2023-03-02,P00001,S00180,Convenience,67,103.6,103.6,0.0,6941.2,4734.22,2206.98,,False,97,False
2023-03-03,P00001,S00180,Convenience,36,103.6,103.6,0.0,3729.6,2543.76,1185.84,,False,190,False
2023-03-04,P00001,S00180,Convenience,153,103.6,103.6,0.0,15850.8,10810.98,5039.82,,False,154,False
2023-03-05,P00001,S00180,Convenience,1,103.6,103.6,0.0,103.6,70.66,32.94,,False,1,True
2023-03-06,P00001,S00180,Convenience,0,103.6,103.6,0.0,0.0,0.0,0.0,,False,0,True
2023-03-07,P00001,S00180,Convenience,0,103.6,103.6,0.0,0.0,0.0,0.0,,False,0,True
2023-03-08,P00001,S00180,Convenience,43,103.6,103.6,0.0,4454.8,3038.38,1416.42,,False,215,False
2023-03-09,P00001,S00180,Convenience,21,103.6,103.6,0.0,2175.6,1483.86,691.74,,False,172,False
2023-03-10,P00001,S00180,Convenience,35,103.6,103.6,0.0,3626.0,2473.1,1152.9,,False,521,False
2023-03-11,P00001,S00180,Convenience,52,103.6,103.6,0.0,5387.2,3674.32,1712.88,,False,486,False
2023-03-12,P00001,S00180,Convenience,38,103.6,103.6,0.0,3936.8,2685.08,1251.72,,False,434,False
2023-03-13,P00001,S00180,Convenience,13,103.6,103.6,0.0,1346.8,918.58,428.22,,False,396,False
2023-03-14,P00001,S00180,Convenience,15,103.6,103.6,0.0,1554.0,1059.9,494.1,,False,383,False
2023-03-15,P00001,S00180,Convenience,27,103.6,103.6,0.0,2797.2,1907.82,889.38,,False,368,False
2023-03-16,P00001,S00180,Convenience,25,103.6,103.6,0.0,2590.0,1766.5,823.5,,False,341,False
2023-03-17,P00001,S00180,Convenience,56,103.6,103.6,0.0,5801.6,3956.96,1844.64,,False,316,False
2023-03-18,P00001,S00180,Convenience,60,103.6,103.6,0.0,6216.0,4239.6,1976.4,,False,260,False
2023-03-19,P00001,S00180,Convenience,31,103.6,103.6,0.0,3211.6,2190.46,1021.14,,False,200,False
2023-03-20,P00001,S00180,Convenience,15,103.6,103.6,0.0,1554.0,1059.9,494.1,,False,169,False
2023-03-21,P00001,S00180,Convenience,12,103.6,103.6,0.0,1243.2,847.92,395.28,,False,154,False
2023-03-22,P00001,S00180,Convenience,27,103.6,103.6,0.0,2797.2,1907.82,889.38,,False,142,False
2023-03-23,P00001,S00180,Convenience,30,103.6,103.6,0.0,3108.0,2119.8,988.2,,False,345,False
2023-03-24,P00001,S00180,Convenience,30,103.6,103.6,0.0,3108.0,2119.8,988.2,,False,315,False
2023-03-25,P00001,S00180,Convenience,12,103.6,103.6,0.0,1243.2,847.92,395.28,,False,285,False
2023-03-26,P00001,S00180,Convenience,62,103.6,103.6,0.0,6423.2,4380.92,2042.28,,False,273,False
2023-03-27,P00001,S00180,Convenience,22,103.6,103.6,0.0,2279.2,1554.52,724.68,,False,211,False
2023-03-28,P00001,S00180,Convenience,16,103.6,103.6,0.0,1657.6,1130.56,527.04,,False,189,False
2023-03-29,P00001,S00180,Convenience,32,103.6,103.6,0.0,3315.2,2261.12,1054.08,,False,173,False
2023-03-30,P00001,S00180,Convenience,19,103.6,103.6,0.0,1968.4,1342.54,625.86,,False,141,False
2023-03-31,P00001,S00180,Convenience,74,103.6,103.6,0.0,7666.4,5228.84,2437.56,,False,122,False
2023-01-01,P00001,S00046,Supermarket,41,101.78,101.78,0.0,4172.98,2897.06,1275.92,,False,676,False
2023-01-02,P00001,S00046,Supermarket,10,101.78,101.78,0.0,1017.8,706.6,311.2,,False,635,False
2023-01-03,P00001,S00046,Supermarket,23,101.78,101.78,0.0,2340.94,1625.18,715.76,,False,625,False
2023-01-04,P00001,S00046,Supermarket,48,101.78,101.78,0.0,4885.44,3391.68,1493.76,,False,602,False
2023-01-05,P00001,S00046,Supermarket,122,101.78,101.78,0.0,12417.16,8620.52,3796.64,,False,554,False
2023-01-06,P00001,S00046,Supermarket,29,101.78,101.78,0.0,2951.62,2049.14,902.48,,False,432,False
2023-01-07,P00001,S00046,Supermarket,45,101.78,101.78,0.0,4580.1,3179.7,1400.4,,False,403,False
2023-01-08,P00001,S00046,Supermarket,29,101.78,101.78,0.0,2951.62,2049.14,902.48,,False,358,False
2023-01-09,P00001,S00046,Supermarket,39,101.78,101.78,0.0,3969.42,2755.74,1213.68,,False,329,False
2023-01-10,P00001,S00046,Supermarket,61,101.78,101.78,0.0,6208.58,4310.26,1898.32,,False,290,False
2023-01-11,P00001,S00046,Supermarket,29,101.78,101.78,0.0,2951.62,2049.14,902.48,,False,229,False
2023-01-12,P00001,S00046,Supermarket,72,101.78,101.78,0.0,7328.16,5087.52,2240.64,,False,555,False
2023-01-13,P00001,S00046,Supermarket,55,101.78,101.78,0.0,5597.9,3886.3,1711.6,,False,483,False
2023-01-14,P00001,S00046,Supermarket,34,101.78,101.78,0.0,3460.52,2402.44,1058.08,,False,428,False
2023-01-15,P00001,S00046,Supermarket,30,101.78,101.78,0.0,3053.4,2119.8,933.6,,False,394,False
2023-01-16,P00001,S00046,Supermarket,8,101.78,101.78,0.0,814.24,565.28,248.96,,False,364,False
2023-01-17,P00001,S00046,Supermarket,28,101.78,101.78,0.0,2849.84,1978.48,871.36,,False,356,False
2023-01-18,P00001,S00046,Supermarket,49,101.78,101.78,0.0,4987.22,3462.34,1524.88,,False,328,False
2023-01-19,P00001,S00046,Supermarket,29,101.78,101.78,0.0,2951.62,2049.14,902.48,,False,279,False
2023-01-20,P00001,S00046,Supermarket,89,101.78,101.78,0.0,9058.42,6288.74,2769.68,,False,250,False
2023-01-21,P00001,S00046,Supermarket,36,101.78,101.78,0.0,3664.08,2543.76,1120.32,,False,161,False
2023-01-22,P00001,S00046,Supermarket,55,101.78,101.78,0.0,5597.9,3886.3,1711.6,,False,468,False
2023-01-23,P00001,S00046,Supermarket,34,101.78,101.78,0.0,3460.52,2402.44,1058.08,,False,413,False
2023-01-24,P00001,S00046,Supermarket,25,101.78,101.78,0.0,2544.5,1766.5,778.0,,False,379,False
2023-01-25,P00001,S00046,Supermarket,46,101.78,101.78,0.0,4681.88,3250.36,1431.52,,False,354,False
2023-01-26,P00001,S00046,Supermarket,65,101.78,101.78,0.0,6615.7,4592.9,2022.8,,False,308,False
2023-01-27,P00001,S00046,Supermarket,47,101.78,101.78,0.0,4783.66,3321.02,1462.64,,False,243,False
2023-01-28,P00001,S00046,Supermarket,46,101.78,101.78,0.0,4681.88,3250.36,1431.52,,False,196,False
2023-01-29,P00001,S00046,Supermarket,54,101.78,101.78,0.0,5496.12,3815.64,1680.48,,False,487,False
2023-01-30,P00001,S00046,Supermarket,42,101.78,101.78,0.0,4274.76,2967.72,1307.04,,False,433,False
2023-01-31,P00001,S00046,Supermarket,7,101.78,101.78,0.0,712.46,494.62,217.84,,False,391,False
2023-02-01,P00001,S00046,Supermarket,63,101.78,101.78,0.0,6412.14,4451.58,1960.56,,False,384,False
2023-02-02,P00001,S00046,Supermarket,39,101.78,101.78,0.0,3969.42,2755.74,1213.68,,False,321,False
2023-02-03,P00001,S00046,Supermarket,57,101.78,101.78,0.0,5801.46,4027.62,1773.84,,False,282,False
2023-02-04,P00001,S00046,Supermarket,65,101.78,101.78,0.0,6615.7,4592.9,2022.8,,False,225,False
2023-02-05,P00001,S00046,Supermarket,44,101.78,101.78,0.0,4478.32,3109.04,1369.28,,False,507,False
2023-02-06,P00001,S00046,Supermarket,15,101.78,101.78,0.0,1526.7,1059.9,466.8,,False,463,False
2023-02-07,P00001,S00046,Supermarket,61,101.78,101.78,0.0,6208.58,4310.26,1898.32,,False,448,False
2023-02-08,P00001,S00046,Supermarket,21,101.78,101.78,0.0,2137.38,1483.86,653.52,,False,387,False
2023-02-09,P00001,S00046,Supermarket,19,101.78,101.78,0.0,1933.82,1342.54,591.28,,False,366,False
2023-02-10,P00001,S00046,Supermarket,71,101.78,101.78,0.0,7226.38,5016.86,2209.52,,False,347,False
2023-02-11,P00001,S00046,Supermarket,27,101.78,101.78,0.0,2748.06,1907.82,840.24,,False,276,False
2023-02-12,P00001,S00046,Supermarket,58,101.78,101.78,0.0,5903.24,4098.28,1804.96,,False,249,False
2023-02-13,P00001,S00046,Supermarket,21,101.78,101.78,0.0,2137.38,1483.86,653.52,,False,191,False
2023-02-14,P00001,S00046,Supermarket,41,101.78,101.78,0.0,4172.98,2897.06,1275.92,,False,556,False
2023-02-15,P00001,S00046,Supermarket,47,101.78,101.78,0.0,4783.66,3321.02,1462.64,,False,515,False
2023-02-16,P00001,S00046,Supermarket,63,101.78,101.78,0.0,6412.14,4451.58,1960.56,,False,468,False
2023-02-17,P00001,S00046,Supermarket,44,101.78,101.78,0.0,4478.32,3109.04,1369.28,,False,405,False
2023-02-18,P00001,S00046,Supermarket,25,101.78,101.78,0.0,2544.5,1766.5,778.0,,False,361,False
2023-02-19,P00001,S00046,Supermarket,46,101.78,101.78,0.0,4681.88,3250.36,1431.52,,False,336,False
2023-02-20,P00001,S00046,Supermarket,42,101.78,101.78,0.0,4274.76,2967.72,1307.04,,False,290,False
2023-02-21,P00001,S00046,Supermarket,43,101.78,73.11,28.17,3143.73,3038.38,105.35,PR0000095,True,248,False
2023-02-22,P00001,S00046,Supermarket,96,101.78,73.11,28.17,7018.56,6783.36,235.2,PR0000095,True,205,False
2023-02-23,P00001,S00046,Supermarket,88,101.78,73.11,28.17,6433.68,6218.08,215.6,PR0000095,True,466,False
2023-02-24,P00001,S00046,Supermarket,63,101.78,73.11,28.17,4605.93,4451.58,154.35,PR0000095,True,378,False
2023-02-25,P00001,S00046,Supermarket,133,101.78,73.11,28.17,9723.63,9397.78,325.85,PR0000095,True,315,False
2023-02-26,P00001,S00046,Supermarket,102,101.78,73.11,28.17,7457.22,7207.32,249.9,PR0000095,True,182,False
2023-02-27,P00001,S00046,Supermarket,82,101.78,73.11,28.17,5995.02,5794.12,200.9,PR0000095,True,493,False
2023-02-28,P00001,S00046,Supermarket,41,101.78,73.11,28.17,2997.51,2897.06,100.45,PR0000095,True,411,False
2023-03-01,P00001,S00046,Supermarket,76,101.78,73.11,28.17,5556.36,5370.16,186.2,PR0000095,True,370,False
2023-03-02,P00001,S00046,Supermarket,131,101.78,73.11,28.17,9577.41,9256.46,320.95,PR0000095,True,794,False
2023-03-03,P00001,S00046,Supermarket,290,101.78,73.11,28.17,21201.9,20491.4,710.5,PR0000095,True,663,False
2023-03-04,P00001,S00046,Supermarket,215,101.78,73.11,28.17,15718.65,15191.9,526.75,PR0000095,True,373,False
2023-03-05,P00001,S00046,Supermarket,158,101.78,73.11,28.17,11551.38,11164.28,387.1,PR0000095,True,158,True
2023-03-06,P00001,S00046,Supermarket,0,101.78,73.11,28.17,0.0,0.0,0.0,PR0000095,True,0,True
2023-03-07,P00001,S00046,Supermarket,131,101.78,73.11,28.17,9577.41,9256.46,320.95,PR0000095,True,1059,False
2023-03-08,P00001,S00046,Supermarket,116,101.78,73.11,28.17,8480.76,8196.56,284.2,PR0000095,True,928,False
2023-03-09,P00001,S00046,Supermarket,50,101.78,101.78,0.0,5089.0,3533.0,1556.0,,False,812,False
2023-03-10,P00001,S00046,Supermarket,34,101.78,101.78,0.0,3460.52,2402.44,1058.08,,False,762,False
2023-03-11,P00001,S00046,Supermarket,39,101.78,101.78,0.0,3969.42,2755.74,1213.68,,False,1789,False
2023-03-12,P00001,S00046,Supermarket,34,101.78,101.78,0.0,3460.52,2402.44,1058.08,,False,1750,False
2023-03-13,P00001,S00046,Supermarket,27,101.78,101.78,0.0,2748.06,1907.82,840.24,,False,1716,False
2023-03-14,P00001,S00046,Supermarket,58,101.78,101.78,0.0,5903.24,4098.28,1804.96,,False,1689,False
2023-03-15,P00001,S00046,Supermarket,50,101.78,101.78,0.0,5089.0,3533.0,1556.0,,False,1631,False
2023-03-16,P00001,S00046,Supermarket,20,101.78,101.78,0.0,2035.6,1413.2,622.4,,False,1581,False
2023-03-17,P00001,S00046,Supermarket,59,101.78,101.78,0.0,6005.02,4168.94,1836.08,,False,1561,False
2023-03-18,P00001,S00046,Supermarket,49,101.78,101.78,0.0,4987.22,3462.34,1524.88,,False,1502,False
2023-03-19,P00001,S00046,Supermarket,64,101.78,101.78,0.0,6513.92,4522.24,1991.68,,False,1453,False
2023-03-20,P00001,S00046,Supermarket,85,101.78,101.78,0.0,8651.3,6006.1,2645.2,,False,1389,False
2023-03-21,P00001,S00046,Supermarket,60,101.78,101.78,0.0,6106.8,4239.6,1867.2,,False,1304,False
2023-03-22,P00001,S00046,Supermarket,65,101.78,101.78,0.0,6615.7,4592.9,2022.8,,False,1244,False
2023-03-23,P00001,S00046,Supermarket,56,101.78,101.78,0.0,5699.68,3956.96,1742.72,,False,1179,False
2023-03-24,P00001,S00046,Supermarket,36,101.78,101.78,0.0,3664.08,2543.76,1120.32,,False,1123,False
2023-03-25,P00001,S00046,Supermarket,128,100.45,100.45,0.0,12857.6,9044.48,3813.12,,False,1087,False
2023-03-26,P00001,S00046,Supermarket,74,100.45,100.45,0.0,7433.3,5228.84,2204.46,,False,959,False
2023-03-27,P00001,S00046,Supermarket,51,100.45,100.45,0.0,5122.95,3603.66,1519.29,,False,885,False
2023-03-28,P00001,S00046,Supermarket,83,100.45,100.45,0.0,8337.35,5864.78,2472.57,,False,834,False
2023-03-29,P00001,S00046,Supermarket,47,100.45,100.45,0.0,4721.15,3321.02,1400.13,,False,751,False
2023-03-30,P00001,S00046,Supermarket,78,100.45,100.45,0.0,7835.1,5511.48,2323.62,,False,704,False
2023-03-31,P00001,S00046,Supermarket,78,100.45,100.45,0.0,7835.1,5511.48,2323.62,,False,626,False
2023-01-01,P00001,S00030,Wholesale,31,99.72,99.72,0.0,3091.32,2190.46,900.86,,False,959,False
2023-01-02,P00001,S00030,Wholesale,22,99.72,99.72,0.0,2193.84,1554.52,639.32,,False,928,False
2023-01-03,P00001,S00030,Wholesale,57,99.72,99.72,0.0,5684.04,4027.62,1656.42,,False,906,False
2023-01-04,P00001,S00030,Wholesale,46,99.72,99.72,0.0,4587.12,3250.36,1336.76,,False,849,False
2023-01-05,P00001,S00030,Wholesale,106,99.72,99.72,0.0,10570.32,7489.96,3080.36,,False,803,False
2023-01-06,P00001,S00030,Wholesale,65,99.72,99.72,0.0,6481.8,4592.9,1888.9,,False,697,False
2023-01-07,P00001,S00030,Wholesale,165,99.72,99.72,0.0,16453.8,11658.9,4794.9,,False,632,False
2023-01-08,P00001,S00030,Wholesale,69,99.72,99.72,0.0,6880.68,4875.54,2005.14,,False,467,False
2023-01-09,P00001,S00030,Wholesale,24,99.72,99.72,0.0,2393.28,1695.84,697.44,,False,398,False
2023-01-10,P00001,S00030,Wholesale,93,99.72,99.72,0.0,9273.96,6571.38,2702.58,,False,374,False
2023-01-11,P00001,S00030,Wholesale,109,99.72,99.72,0.0,10869.48,7701.94,3167.54,,False,281,False
2023-01-12,P00001,S00030,Wholesale,73,99.72,99.72,0.0,7279.56,5158.18,2121.38,,False,172,False
2023-01-13,P00001,S00030,Wholesale,61,99.72,99.72,0.0,6082.92,4310.26,1772.66,,False,99,False
2023-01-14,P00001,S00030,Wholesale,38,99.72,99.72,0.0,3789.36,2685.08,1104.28,,False,38,True
2023-01-15,P00001,S00030,Wholesale,0,99.72,99.72,0.0,0.0,0.0,0.0,,False,0,True
2023-01-16,P00001,S00030,Wholesale,0,99.72,99.72,0.0,0.0,0.0,0.0,,False,0,True
2023-01-17,P00001,S00030,Wholesale,56,99.72,99.72,0.0,5584.32,3956.96,1627.36,,False,978,False
2023-01-18,P00001,S00030,Wholesale,51,99.72,99.72,0.0,5085.72,3603.66,1482.06,,False,922,False
2023-01-19,P00001,S00030,Wholesale,124,99.72,99.72,0.0,12365.28,8761.84,3603.44,,False,871,False
2023-01-20,P00001,S00030,Wholesale,44,99.72,99.72,0.0,4387.68,3109.04,1278.64,,False,747,False
2023-01-21,P00001,S00030,Wholesale,68,99.72,99.72,0.0,6780.96,4804.88,1976.08,,False,703,False
2023-01-22,P00001,S00030,Wholesale,53,99.72,99.72,0.0,5285.16,3744.98,1540.18,,False,635,False
2023-01-23,P00001,S00030,Wholesale,78,99.72,99.72,0.0,7778.16,5511.48,2266.68,,False,582,False
2023-01-24,P00001,S00030,Wholesale,34,99.72,99.72,0.0,3390.48,2402.44,988.04,,False,504,False
2023-01-25,P00001,S00030,Wholesale,39,99.72,99.72,0.0,3889.08,2755.74,1133.34,,False,470,False
2023-01-26,P00001,S00030,Wholesale,124,99.72,99.72,0.0,12365.28,8761.84,3603.44,,False,431,False
2023-01-27,P00001,S00030,Wholesale,48,99.72,99.72,0.0,4786.56,3391.68,1394.88,,False,307,False
2023-01-28,P00001,S00030,Wholesale,148,99.72,99.72,0.0,14758.56,10457.68,4300.88,,False,259,False
2023-01-29,P00001,S00030,Wholesale,43,99.72,99.72,0.0,4287.96,3038.38,1249.58,,False,111,False
2023-01-30,P00001,S00030,Wholesale,58,99.72,99.72,0.0,5783.76,4098.28,1685.48,,False,68,False
2023-01-31,P00001,S00030,Wholesale,10,99.72,99.72,0.0,997.2,706.6,290.6,,False,10,True
2023-02-01,P00001,S00030,Wholesale,0,99.72,99.72,0.0,0.0,0.0,0.0,,False,0,True
2023-02-02,P00001,S00030,Wholesale,121,99.72,99.72,0.0,12066.12,8549.86,3516.26,,False,978,False
2023-02-03,P00001,S00030,Wholesale,59,99.72,99.72,0.0,5883.48,4168.94,1714.54,,False,857,False
2023-02-04,P00001,S00030,Wholesale,42,99.72,99.72,0.0,4188.24,2967.72,1220.52,,False,798,False
2023-02-05,P00001,S00030,Wholesale,68,99.72,99.72,0.0,6780.96,4804.88,1976.08,,False,756,False
2023-02-06,P00001,S00030,Wholesale,99,99.72,99.72,0.0,9872.28,6995.34,2876.94,,False,688,False
2023-02-07,P00001,S00030,Wholesale,75,99.72,99.72,0.0,7479.0,5299.5,2179.5,,False,589,False
2023-02-08,P00001,S00030,Wholesale,57,99.72,99.72,0.0,5684.04,4027.62,1656.42,,False,514,False
2023-02-09,P00001,S00030,Wholesale,176,99.72,99.72,0.0,17550.72,12436.16,5114.56,,False,457,False
2023-02-10,P00001,S00030,Wholesale,113,99.72,99.72,0.0,11268.36,7984.58,3283.78,,False,281,False
2023-02-11,P00001,S00030,Wholesale,88,99.72,99.72,0.0,8775.36,6218.08,2557.28,,False,168,False
2023-02-12,P00001,S00030,Wholesale,63,99.72,99.72,0.0,6282.36,4451.58,1830.78,,False,80,False
2023-02-13,P00001,S00030,Wholesale,17,99.72,99.72,0.0,1695.24,1201.22,494.02,,False,17,True
2023-02-14,P00001,S00030,Wholesale,0,99.72,99.72,0.0,0.0,0.0,0.0,,False,0,True
2023-02-15,P00001,S00030,Wholesale,0,99.72,99.72,0.0,0.0,0.0,0.0,,False,0,True
2023-02-16,P00001,S00030,Wholesale,107,99.72,99.72,0.0,10670.04,7560.62,3109.42,,False,1132,False
2023-02-17,P00001,S00030,Wholesale,116,99.72,99.72,0.0,11567.52,8196.56,3370.96,,False,1025,False
2023-02-18,P00001,S00030,Wholesale,100,99.72,99.72,0.0,9972.0,7066.0,2906.0,,False,909,False
2023-02-19,P00001,S00030,Wholesale,105,99.72,99.72,0.0,10470.6,7419.3,3051.3,,False,809,False
2023-02-20,P00001,S00030,Wholesale,98,99.72,99.72,0.0,9772.56,6924.68,2847.88,,False,704,False
2023-02-21,P00001,S00030,Wholesale,42,99.72,99.72,0.0,4188.24,2967.72,1220.52,,False,606,False
2023-02-22,P00001,S00030,Wholesale,100,99.72,99.72,0.0,9972.0,7066.0,2906.0,,False,564,False
2023-02-23,P00001,S00030,Wholesale,143,99.72,99.72,0.0,14259.96,10104.38,4155.58,,False,464,False
2023-02-24,P00001,S00030,Wholesale,35,99.72,99.72,0.0,3490.2,2473.1,1017.1,,False,321,False
2023-02-25,P00001,S00030,Wholesale,96,99.72,99.72,0.0,9573.12,6783.36,2789.76,,False,286,False
2023-02-26,P00001,S00030,Wholesale,155,99.72,99.72,0.0,15456.6,10952.3,4504.3,,False,190,False
2023-02-27,P00001,S00030,Wholesale,35,99.72,90.28,9.47,3159.8,2473.1,686.7,PR0000107,True,35,True
2023-02-28,P00001,S00030,Wholesale,0,99.72,90.28,9.47,0.0,0.0,0.0,PR0000107,True,0,True
2023-03-01,P00001,S00030,Wholesale,0,99.72,90.28,9.47,0.0,0.0,0.0,PR0000107,True,0,True
2023-03-02,P00001,S00030,Wholesale,160,99.72,90.28,9.47,14444.8,11305.6,3139.2,PR0000107,True,1309,False
2023-03-03,P00001,S00030,Wholesale,223,99.72,90.28,9.47,20132.44,15757.18,4375.26,PR0000107,True,1149,False
2023-03-04,P00001,S00030,Wholesale,327,99.72,90.28,9.47,29521.56,23105.82,6415.74,PR0000107,True,926,False
2023-03-05,P00001,S00030,Wholesale,131,99.72,90.28,9.47,11826.68,9256.46,2570.22,PR0000107,True,599,False
2023-03-06,P00001,S00030,Wholesale,162,99.72,90.28,9.47,14625.36,11446.92,3178.44,PR0000107,True,468,False
2023-03-07,P00001,S00030,Wholesale,171,99.72,90.28,9.47,15437.88,12082.86,3355.02,PR0000107,True,306,False
2023-03-08,P00001,S00030,Wholesale,135,99.72,90.28,9.47,12187.8,9539.1,2648.7,PR0000107,True,135,True
2023-03-09,P00001,S00030,Wholesale,0,99.72,90.28,9.47,0.0,0.0,0.0,PR0000107,True,0,True
2023-03-10,P00001,S00030,Wholesale,0,99.72,90.28,9.47,0.0,0.0,0.0,PR0000107,True,0,True
2023-03-11,P00001,S00030,Wholesale,0,99.72,90.28,9.47,0.0,0.0,0.0,PR0000107,True,0,True
2023-03-12,P00001,S00030,Wholesale,372,99.72,90.28,9.47,33584.16,26285.52,7298.64,PR0000107,True,1920,False
2023-03-13,P00001,S00030,Wholesale,114,99.72,90.28,9.47,10291.92,8055.24,2236.68,PR0000107,True,1548,False
2023-03-14,P00001,S00030,Wholesale,84,99.72,90.28,9.47,7583.52,5935.44,1648.08,PR0000107,True,1434,False
2023-03-15,P00001,S00030,Wholesale,125,99.72,90.28,9.47,11285.0,8832.5,2452.5,PR0000107,True,1350,False
2023-03-16,P00001,S00030,Wholesale,94,99.72,90.28,9.47,8486.32,6642.04,1844.28,PR0000107,True,1225,False
2023-03-17,P00001,S00030,Wholesale,196,99.72,99.72,0.0,19545.12,13849.36,5695.76,,False,1131,False
2023-03-18,P00001,S00030,Wholesale,79,99.72,99.72,0.0,7877.88,5582.14,2295.74,,False,935,False
2023-03-19,P00001,S00030,Wholesale,32,99.72,99.72,0.0,3191.04,2261.12,929.92,,False,856,False
2023-03-20,P00001,S00030,Wholesale,30,99.72,99.72,0.0,2991.6,2119.8,871.8,,False,824,False
2023-03-21,P00001,S00030,Wholesale,170,99.72,99.72,0.0,16952.4,12012.2,4940.2,,False,794,False
2023-03-22,P00001,S00030,Wholesale,86,99.72,99.72,0.0,8575.92,6076.76,2499.16,,False,624,False
2023-03-23,P00001,S00030,Wholesale,101,99.72,99.72,0.0,10071.72,7136.66,2935.06,,False,538,False
2023-03-24,P00001,S00030,Wholesale,180,99.72,99.72,0.0,17949.6,12718.8,5230.8,,False,437,False
2023-03-25,P00001,S00030,Wholesale,110,99.72,99.72,0.0,10969.2,7772.6,3196.6,,False,257,False
2023-03-26,P00001,S00030,Wholesale,95,99.72,99.72,0.0,9473.4,6712.7,2760.7,,False,147,False
2023-03-27,P00001,S00030,Wholesale,52,99.72,99.72,0.0,5185.44,3674.32,1511.12,,False,52,True
2023-03-28,P00001,S00030,Wholesale,0,99.72,99.72,0.0,0.0,0.0,0.0,,False,0,True
2023-03-29,P00001,S00030,Wholesale,0,99.72,99.72,0.0,0.0,0.0,0.0,,False,0,True
2023-03-30,P00001,S00030,Wholesale,109,99.72,99.72,0.0,10869.48,7701.94,3167.54,,False,1657,False
2023-03-31,P00001,S00030,Wholesale,55,99.72,99.72,0.0,5484.6,3886.3,1598.3,,False,1548,False
2023-01-01,P00002,S00053,Wholesale,0,68.15,68.15,0.0,0.0,0.0,0.0,,False,570,False
2023-01-02,P00002,S00053,Wholesale,0,68.15,68.15,0.0,0.0,0.0,0.0,,False,570,False
2023-01-03,P00002,S00053,Wholesale,0,68.15,68.15,0.0,0.0,0.0,0.0,,False,570,False
2023-01-04,P00002,S00053,Wholesale,0,68.15,68.15,0.0,0.0,0.0,0.0,,False,570,False
2023-01-05,P00002,S00053,Wholesale,0,68.15,68.15,0.0,0.0,0.0,0.0,,False,570,False
2023-01-06,P00002,S00053,Wholesale,0,68.15,68.15,0.0,0.0,0.0,0.0,,False,570,False
2023-01-07,P00002,S00053,Wholesale,0,68.15,68.15,0.0,0.0,0.0,0.0,,False,570,False
2023-01-08,P00002,S00053,Wholesale,0,68.15,68.15,0.0,0.0,0.0,0.0,,False,570,False
2023-01-09,P00002,S00053,Wholesale,0,68.15,68.15,0.0,0.0,0.0,0.0,,False,570,False
2023-01-10,P00002,S00053,Wholesale,0,68.15,68.15,0.0,0.0,0.0,0.0,,False,570,False
2023-01-11,P00002,S00053,Wholesale,0,68.15,68.15,0.0,0.0,0.0,0.0,,False,570,False
2023-01-12,P00002,S00053,Wholesale,0,68.15,68.15,0.0,0.0,0.0,0.0,,False,570,False
2023-01-13,P00002,S00053,Wholesale,0,68.15,68.15,0.0,0.0,0.0,0.0,,False,570,False
2023-01-14,P00002,S00053,Wholesale,0,68.15,68.15,0.0,0.0,0.0,0.0,,False,570,False
2023-01-15,P00002,S00053,Wholesale,0,68.15,68.15,0.0,0.0,0.0,0.0,,False,570,False
2023-01-16,P00002,S00053,Wholesale,0,68.15,68.15,0.0,0.0,0.0,0.0,,False,570,False
2023-01-17,P00002,S00053,Wholesale,0,68.15,68.15,0.0,0.0,0.0,0.0,,False,570,False
2023-01-18,P00002,S00053,Wholesale,0,68.15,68.15,0.0,0.0,0.0,0.0,,False,570,False
2023-01-19,P00002,S00053,Wholesale,0,68.15,68.15,0.0,0.0,0.0,0.0,,False,570,False
2023-01-20,P00002,S00053,Wholesale,0,68.15,68.15,0.0,0.0,0.0,0.0,,False,570,False
2023-01-21,P00002,S00053,Wholesale,0,68.15,68.15,0.0,0.0,0.0,0.0,,False,570,False
2023-01-22,P00002,S00053,Wholesale,0,68.15,68.15,0.0,0.0,0.0,0.0,,False,570,False
2023-01-23,P00002,S00053,Wholesale,0,68.15,68.15,0.0,0.0,0.0,0.0,,False,570,False
2023-01-24,P00002,S00053,Wholesale,0,68.15,68.15,0.0,0.0,0.0,0.0,,False,570,False
2023-01-25,P00002,S00053,Wholesale,0,68.15,53.65,21.27,0.0,0.0,0.0,PR0000117,True,570,False
2023-01-26,P00002,S00053,Wholesale,0,68.15,53.65,21.27,0.0,0.0,0.0,PR0000117,True,570,False
2023-01-27,P00002,S00053,Wholesale,0,68.15,53.65,21.27,0.0,0.0,0.0,PR0000117,True,570,False
2023-01-28,P00002,S00053,Wholesale,0,68.15,53.65,21.27,0.0,0.0,0.0,PR0000117,True,570,False
2023-01-29,P00002,S00053,Wholesale,0,68.15,53.65,21.27,0.0,0.0,0.0,PR0000117,True,570,False
2023-01-30,P00002,S00053,Wholesale,0,68.15,53.65,21.27,0.0,0.0,0.0,PR0000117,True,570,False
2023-01-31,P00002,S00053,Wholesale,0,68.15,53.65,21.27,0.0,0.0,0.0,PR0000117,True,570,False
2023-02-01,P00002,S00053,Wholesale,0,68.15,53.65,21.27,0.0,0.0,0.0,PR0000117,True,570,False
2023-02-02,P00002,S00053,Wholesale,0,68.15,53.65,21.27,0.0,0.0,0.0,PR0000117,True,570,False
2023-02-03,P00002,S00053,Wholesale,0,68.15,53.65,21.27,0.0,0.0,0.0,PR0000117,True,570,False
2023-02-04,P00002,S00053,Wholesale,0,68.15,53.65,21.27,0.0,0.0,0.0,PR0000117,True,570,False
2023-02-05,P00002,S00053,Wholesale,0,68.15,53.65,21.27,0.0,0.0,0.0,PR0000117,True,570,False
2023-02-06,P00002,S00053,Wholesale,0,68.15,68.15,0.0,0.0,0.0,0.0,,False,570,False
2023-02-07,P00002,S00053,Wholesale,0,68.15,68.15,0.0,0.0,0.0,0.0,,False,570,False
2023-02-08,P00002,S00053,Wholesale,0,68.15,68.15,0.0,0.0,0.0,0.0,,False,570,False
2023-02-09,P00002,S00053,Wholesale,0,68.15,68.15,0.0,0.0,0.0,0.0,,False,570,False
2023-02-10,P00002,S00053,Wholesale,0,68.15,68.15,0.0,0.0,0.0,0.0,,False,570,False
2023-02-11,P00002,S00053,Wholesale,0,68.15,68.15,0.0,0.0,0.0,0.0,,False,570,False
2023-02-12,P00002,S00053,Wholesale,0,68.15,68.15,0.0,0.0,0.0,0.0,,False,570,False
2023-02-13,P00002,S00053,Wholesale,0,68.15,68.15,0.0,0.0,0.0,0.0,,False,570,False
2023-02-14,P00002,S00053,Wholesale,0,68.15,68.15,0.0,0.0,0.0,0.0,,False,570,False
2023-02-15,P00002,S00053,Wholesale,0,68.15,68.15,0.0,0.0,0.0,0.0,,False,570,False
2023-02-16,P00002,S00053,Wholesale,0,68.15,68.15,0.0,0.0,0.0,0.0,,False,570,False
2023-02-17,P00002,S00053,Wholesale,0,68.15,68.15,0.0,0.0,0.0,0.0,,False,570,False
2023-02-18,P00002,S00053,Wholesale,0,68.15,68.15,0.0,0.0,0.0,0.0,,False,570,False
2023-02-19,P00002,S00053,Wholesale,0,68.15,68.15,0.0,0.0,0.0,0.0,,False,570,False
2023-02-20,P00002,S00053,Wholesale,0,68.15,68.15,0.0,0.0,0.0,0.0,,False,570,False
2023-02-21,P00002,S00053,Wholesale,0,68.15,68.15,0.0,0.0,0.0,0.0,,False,570,False
2023-02-22,P00002,S00053,Wholesale,0,68.15,68.15,0.0,0.0,0.0,0.0,,False,570,False
2023-02-23,P00002,S00053,Wholesale,0,68.15,68.15,0.0,0.0,0.0,0.0,,False,570,False
2023-02-24,P00002,S00053,Wholesale,0,68.15,68.15,0.0,0.0,0.0,0.0,,False,570,False
2023-02-25,P00002,S00053,Wholesale,0,68.15,68.15,0.0,0.0,0.0,0.0,,False,570,False
2023-02-26,P00002,S00053,Wholesale,0,68.15,68.15,0.0,0.0,0.0,0.0,,False,570,False
2023-02-27,P00002,S00053,Wholesale,0,68.15,68.15,0.0,0.0,0.0,0.0,,False,570,False
2023-02-28,P00002,S00053,Wholesale,0,68.15,68.15,0.0,0.0,0.0,0.0,,False,570,False
2023-03-01,P00002,S00053,Wholesale,0,68.15,68.15,0.0,0.0,0.0,0.0,,False,570,False
2023-03-02,P00002,S00053,Wholesale,0,68.15,68.15,0.0,0.0,0.0,0.0,,False,570,False
2023-03-03,P00002,S00053,Wholesale,0,68.15,68.15,0.0,0.0,0.0,0.0,,False,570,False
2023-03-04,P00002,S00053,Wholesale,0,68.15,68.15,0.0,0.0,0.0,0.0,,False,570,False
2023-03-05,P00002,S00053,Wholesale,0,72.39,72.39,0.0,0.0,0.0,0.0,,False,570,False
2023-03-06,P00002,S00053,Wholesale,0,72.39,72.39,0.0,0.0,0.0,0.0,,False,570,False
2023-03-07,P00002,S00053,Wholesale,0,72.39,72.39,0.0,0.0,0.0,0.0,,False,570,False
2023-03-08,P00002,S00053,Wholesale,0,72.39,72.39,0.0,0.0,0.0,0.0,,False,570,False
2023-03-09,P00002,S00053,Wholesale,0,72.39,72.39,0.0,0.0,0.0,0.0,,False,570,False
2023-03-10,P00002,S00053,Wholesale,0,72.39,72.39,0.0,0.0,0.0,0.0,,False,570,False
2023-03-11,P00002,S00053,Wholesale,0,72.39,72.39,0.0,0.0,0.0,0.0,,False,570,False
2023-03-12,P00002,S00053,Wholesale,0,72.39,72.39,0.0,0.0,0.0,0.0,,False,570,False
2023-03-13,P00002,S00053,Wholesale,0,72.39,72.39,0.0,0.0,0.0,0.0,,False,570,False
2023-03-14,P00002,S00053,Wholesale,0,72.39,72.39,0.0,0.0,0.0,0.0,,False,570,False
2023-03-15,P00002,S00053,Wholesale,0,72.39,72.39,0.0,0.0,0.0,0.0,,False,570,False
2023-03-16,P00002,S00053,Wholesale,0,72.39,72.39,0.0,0.0,0.0,0.0,,False,570,False
2023-03-17,P00002,S00053,Wholesale,0,72.39,46.35,35.97,0.0,0.0,0.0,PR0000118,True,570,False
2023-03-18,P00002,S00053,Wholesale,0,72.39,46.35,35.97,0.0,0.0,0.0,PR0000118,True,570,False
2023-03-19,P00002,S00053,Wholesale,0,72.39,46.35,35.97,0.0,0.0,0.0,PR0000118,True,570,False
2023-03-20,P00002,S00053,Wholesale,0,72.39,46.35,35.97,0.0,0.0,0.0,PR0000118,True,570,False
2023-03-21,P00002,S00053,Wholesale,0,72.39,46.35,35.97,0.0,0.0,0.0,PR0000118,True,570,False
2023-03-22,P00002,S00053,Wholesale,0,72.39,46.35,35.97,0.0,0.0,0.0,PR0000118,True,570,False
2023-03-23,P00002,S00053,Wholesale,0,72.39,46.35,35.97,0.0,0.0,0.0,PR0000118,True,570,False
2023-03-24,P00002,S00053,Wholesale,0,72.39,46.35,35.97,0.0,0.0,0.0,PR0000118,True,570,False
2023-03-25,P00002,S00053,Wholesale,0,72.39,72.39,0.0,0.0,0.0,0.0,,False,570,False
2023-03-26,P00002,S00053,Wholesale,0,72.39,72.39,0.0,0.0,0.0,0.0,,False,570,False
2023-03-27,P00002,S00053,Wholesale,0,72.39,72.39,0.0,0.0,0.0,0.0,,False,570,False
2023-03-28,P00002,S00053,Wholesale,0,72.39,72.39,0.0,0.0,0.0,0.0,,False,570,False
2023-03-29,P00002,S00053,Wholesale,0,72.39,72.39,0.0,0.0,0.0,0.0,,False,570,False
2023-03-30,P00002,S00053,Wholesale,0,72.39,72.39,0.0,0.0,0.0,0.0,,False,570,False
2023-03-31,P00002,S00053,Wholesale,0,72.39,72.39,0.0,0.0,0.0,0.0,,False,570,False
2023-01-01,P00002,S00177,Supermarket,0,66.5,66.5,0.0,0.0,0.0,0.0,,False,400,False
2023-01-02,P00002,S00177,Supermarket,0,66.5,66.5,0.0,0.0,0.0,0.0,,False,400,False
2023-01-03,P00002,S00177,Supermarket,0,66.5,66.5,0.0,0.0,0.0,0.0,,False,400,False
2023-01-04,P00002,S00177,Supermarket,0,66.5,66.5,0.0,0.0,0.0,0.0,,False,400,False
2023-01-05,P00002,S00177,Supermarket,0,66.5,66.5,0.0,0.0,0.0,0.0,,False,400,False
2023-01-06,P00002,S00177,Supermarket,0,66.5,66.5,0.0,0.0,0.0,0.0,,False,400,False
2023-01-07,P00002,S00177,Supermarket,0,66.5,66.5,0.0,0.0,0.0,0.0,,False,400,False
2023-01-08,P00002,S00177,Supermarket,0,66.5,66.5,0.0,0.0,0.0,0.0,,False,400,False
2023-01-09,P00002,S00177,Supermarket,0,66.5,66.5,0.0,0.0,0.0,0.0,,False,400,False
2023-01-10,P00002,S00177,Supermarket,0,66.5,66.5,0.0,0.0,0.0,0.0,,False,400,False
2023-01-11,P00002,S00177,Supermarket,0,66.5,66.5,0.0,0.0,0.0,0.0,,False,400,False
2023-01-12,P00002,S00177,Supermarket,0,66.5,66.5,0.0,0.0,0.0,0.0,,False,400,False
2023-01-13,P00002,S00177,Supermarket,0,66.5,66.5,0.0,0.0,0.0,0.0,,False,400,False
2023-01-14,P00002,S00177,Supermarket,0,66.5,66.5,0.0,0.0,0.0,0.0,,False,400,False
2023-01-15,P00002,S00177,Supermarket,0,66.5,66.5,0.0,0.0,0.0,0.0,,False,400,False
2023-01-16,P00002,S00177,Supermarket,0,66.5,66.5,0.0,0.0,0.0,0.0,,False,400,False
2023-01-17,P00002,S00177,Supermarket,0,66.5,66.5,0.0,0.0,0.0,0.0,,False,400,False
2023-01-18,P00002,S00177,Supermarket,0,66.5,66.5,0.0,0.0,0.0,0.0,,False,400,False
2023-01-19,P00002,S00177,Supermarket,0,66.5,66.5,0.0,0.0,0.0,0.0,,False,400,False
2023-01-20,P00002,S00177,Supermarket,0,66.5,66.5,0.0,0.0,0.0,0.0,,False,400,False
2023-01-21,P00002,S00177,Supermarket,0,66.5,66.5,0.0,0.0,0.0,0.0,,False,400,False
2023-01-22,P00002,S00177,Supermarket,0,66.5,66.5,0.0,0.0,0.0,0.0,,False,400,False
2023-01-23,P00002,S00177,Supermarket,0,66.5,66.5,0.0,0.0,0.0,0.0,,False,400,False
2023-01-24,P00002,S00177,Supermarket,0,66.5,66.5,0.0,0.0,0.0,0.0,,False,400,False
2023-01-25,P00002,S00177,Supermarket,0,66.5,66.5,0.0,0.0,0.0,0.0,,False,400,False
2023-01-26,P00002,S00177,Supermarket,0,66.5,66.5,0.0,0.0,0.0,0.0,,False,400,False
2023-01-27,P00002,S00177,Supermarket,0,66.5,66.5,0.0,0.0,0.0,0.0,,False,400,False
2023-01-28,P00002,S00177,Supermarket,0,66.5,66.5,0.0,0.0,0.0,0.0,,False,400,False
2023-01-29,P00002,S00177,Supermarket,0,66.5,66.5,0.0,0.0,0.0,0.0,,False,400,False
2023-01-30,P00002,S00177,Supermarket,0,66.5,66.5,0.0,0.0,0.0,0.0,,False,400,False
2023-01-31,P00002,S00177,Supermarket,0,66.5,66.5,0.0,0.0,0.0,0.0,,False,400,False
2023-02-01,P00002,S00177,Supermarket,0,66.5,66.5,0.0,0.0,0.0,0.0,,False,400,False
2023-02-02,P00002,S00177,Supermarket,0,66.5,66.5,0.0,0.0,0.0,0.0,,False,400,False
2023-02-03,P00002,S00177,Supermarket,0,66.5,66.5,0.0,0.0,0.0,0.0,,False,400,False
2023-02-04,P00002,S00177,Supermarket,0,66.5,66.5,0.0,0.0,0.0,0.0,,False,400,False
2023-02-05,P00002,S00177,Supermarket,0,66.5,66.5,0.0,0.0,0.0,0.0,,False,400,False
2023-02-06,P00002,S00177,Supermarket,0,66.5,66.5,0.0,0.0,0.0,0.0,,False,400,False
2023-02-07,P00002,S00177,Supermarket,0,66.5,66.5,0.0,0.0,0.0,0.0,,False,400,False
2023-02-08,P00002,S00177,Supermarket,0,66.5,66.5,0.0,0.0,0.0,0.0,,False,400,False
2023-02-09,P00002,S00177,Supermarket,0,66.5,66.5,0.0,0.0,0.0,0.0,,False,400,False
2023-02-10,P00002,S00177,Supermarket,0,66.5,66.5,0.0,0.0,0.0,0.0,,False,400,False
2023-02-11,P00002,S00177,Supermarket,0,66.5,66.5,0.0,0.0,0.0,0.0,,False,400,False
2023-02-12,P00002,S00177,Supermarket,0,66.5,66.5,0.0,0.0,0.0,0.0,,False,400,False
2023-02-13,P00002,S00177,Supermarket,0,66.5,66.5,0.0,0.0,0.0,0.0,,False,400,False
2023-02-14,P00002,S00177,Supermarket,0,66.5,66.5,0.0,0.0,0.0,0.0,,False,400,False
2023-02-15,P00002,S00177,Supermarket,0,66.5,66.5,0.0,0.0,0.0,0.0,,False,400,False
2023-02-16,P00002,S00177,Supermarket,0,66.5,66.5,0.0,0.0,0.0,0.0,,False,400,False
2023-02-17,P00002,S00177,Supermarket,0,66.5,66.5,0.0,0.0,0.0,0.0,,False,400,False
2023-02-18,P00002,S00177,Supermarket,0,66.5,66.5,0.0,0.0,0.0,0.0,,False,400,False
2023-02-19,P00002,S00177,Supermarket,0,66.5,66.5,0.0,0.0,0.0,0.0,,False,400,False
2023-02-20,P00002,S00177,Supermarket,0,66.5,66.5,0.0,0.0,0.0,0.0,,False,400,False
2023-02-21,P00002,S00177,Supermarket,0,66.5,66.5,0.0,0.0,0.0,0.0,,False,400,False
2023-02-22,P00002,S00177,Supermarket,0,66.5,66.5,0.0,0.0,0.0,0.0,,False,400,False
2023-02-23,P00002,S00177,Supermarket,0,66.5,66.5,0.0,0.0,0.0,0.0,,False,400,False
2023-02-24,P00002,S00177,Supermarket,0,66.5,66.5,0.0,0.0,0.0,0.0,,False,400,False
2023-02-25,P00002,S00177,Supermarket,0,66.5,66.5,0.0,0.0,0.0,0.0,,False,400,False
2023-02-26,P00002,S00177,Supermarket,0,66.5,66.5,0.0,0.0,0.0,0.0,,False,400,False
2023-02-27,P00002,S00177,Supermarket,0,66.5,66.5,0.0,0.0,0.0,0.0,,False,400,False
2023-02-28,P00002,S00177,Supermarket,0,66.5,66.5,0.0,0.0,0.0,0.0,,False,400,False
2023-03-01,P00002,S00177,Supermarket,0,66.5,66.5,0.0,0.0,0.0,0.0,,False,400,False
2023-03-02,P00002,S00177,Supermarket,0,66.5,66.5,0.0,0.0,0.0,0.0,,False,400,False
2023-03-03,P00002,S00177,Supermarket,0,66.5,66.5,0.0,0.0,0.0,0.0,,False,400,False
2023-03-04,P00002,S00177,Supermarket,0,66.5,66.5,0.0,0.0,0.0,0.0,,False,400,False
2023-03-05,P00002,S00177,Supermarket,0,66.5,66.5,0.0,0.0,0.0,0.0,,False,400,False
2023-03-06,P00002,S00177,Supermarket,0,66.5,66.5,0.0,0.0,0.0,0.0,,False,400,False
2023-03-07,P00002,S00177,Supermarket,0,66.5,66.5,0.0,0.0,0.0,0.0,,False,400,False
2023-03-08,P00002,S00177,Supermarket,0,66.5,66.5,0.0,0.0,0.0,0.0,,False,400,False
2023-03-09,P00002,S00177,Supermarket,0,66.5,66.5,0.0,0.0,0.0,0.0,,False,400,False
2023-03-10,P00002,S00177,Supermarket,0,66.5,66.5,0.0,0.0,0.0,0.0,,False,400,False
2023-03-11,P00002,S00177,Supermarket,0,66.5,66.5,0.0,0.0,0.0,0.0,,False,400,False
2023-03-12,P00002,S00177,Supermarket,0,66.5,66.5,0.0,0.0,0.0,0.0,,False,400,False
2023-03-13,P00002,S00177,Supermarket,0,66.5,66.5,0.0,0.0,0.0,0.0,,False,400,False
2023-03-14,P00002,S00177,Supermarket,0,66.5,66.5,0.0,0.0,0.0,0.0,,False,400,False
2023-03-15,P00002,S00177,Supermarket,0,66.5,66.5,0.0,0.0,0.0,0.0,,False,400,False
2023-03-16,P00002,S00177,Supermarket,0,66.5,66.5,0.0,0.0,0.0,0.0,,False,400,False
2023-03-17,P00002,S00177,Supermarket,0,66.5,66.5,0.0,0.0,0.0,0.0,,False,400,False
2023-03-18,P00002,S00177,Supermarket,0,66.5,66.5,0.0,0.0,0.0,0.0,,False,400,False
2023-03-19,P00002,S00177,Supermarket,0,66.5,66.5,0.0,0.0,0.0,0.0,,False,400,False
2023-03-20,P00002,S00177,Supermarket,0,66.5,66.5,0.0,0.0,0.0,0.0,,False,400,False
2023-03-21,P00002,S00177,Supermarket,0,66.5,66.5,0.0,0.0,0.0,0.0,,False,400,False
2023-03-22,P00002,S00177,Supermarket,0,66.5,66.5,0.0,0.0,0.0,0.0,,False,400,False
2023-03-23,P00002,S00177,Supermarket,0,66.5,66.5,0.0,0.0,0.0,0.0,,False,400,False
2023-03-24,P00002,S00177,Supermarket,0,66.5,66.5,0.0,0.0,0.0,0.0,,False,400,False
2023-03-25,P00002,S00177,Supermarket,0,66.5,57.04,14.22,0.0,0.0,0.0,PR0000138,True,400,False
2023-03-26,P00002,S00177,Supermarket,0,66.5,57.04,14.22,0.0,0.0,0.0,PR0000138,True,400,False
2023-03-27,P00002,S00177,Supermarket,0,66.5,57.04,14.22,0.0,0.0,0.0,PR0000138,True,400,False
2023-03-28,P00002,S00177,Supermarket,0,66.5,57.04,14.22,0.0,0.0,0.0,PR0000138,True,400,False
2023-03-29,P00002,S00177,Supermarket,0,66.5,57.04,14.22,0.0,0.0,0.0,PR0000138,True,400,False
2023-03-30,P00002,S00177,Supermarket,0,66.5,57.04,14.22,0.0,0.0,0.0,PR0000138,True,400,False
2023-03-31,P00002,S00177,Supermarket,0,66.5,57.04,14.22,0.0,0.0,0.0,PR0000138,True,400,False
2023-01-01,P00002,S00117,E-commerce,0,66.36,66.36,0.0,0.0,0.0,0.0,,False,439,False
2023-01-02,P00002,S00117,E-commerce,0,66.36,66.36,0.0,0.0,0.0,0.0,,False,439,False
2023-01-03,P00002,S00117,E-commerce,0,66.36,66.36,0.0,0.0,0.0,0.0,,False,439,False
2023-01-04,P00002,S00117,E-commerce,0,66.36,66.36,0.0,0.0,0.0,0.0,,False,439,False
2023-01-05,P00002,S00117,E-commerce,0,66.36,66.36,0.0,0.0,0.0,0.0,,False,439,False
2023-01-06,P00002,S00117,E-commerce,0,66.36,66.36,0.0,0.0,0.0,0.0,,False,439,False
2023-01-07,P00002,S00117,E-commerce,0,66.36,66.36,0.0,0.0,0.0,0.0,,False,439,False
2023-01-08,P00002,S00117,E-commerce,0,66.36,66.36,0.0,0.0,0.0,0.0,,False,439,False
2023-01-09,P00002,S00117,E-commerce,0,66.36,66.36,0.0,0.0,0.0,0.0,,False,439,False
2023-01-10,P00002,S00117,E-commerce,0,66.36,66.36,0.0,0.0,0.0,0.0,,False,439,False
2023-01-11,P00002,S00117,E-commerce,0,66.36,66.36,0.0,0.0,0.0,0.0,,False,439,False
2023-01-12,P00002,S00117,E-commerce,0,66.36,66.36,0.0,0.0,0.0,0.0,,False,439,False
2023-01-13,P00002,S00117,E-commerce,0,66.36,66.36,0.0,0.0,0.0,0.0,,False,439,False
2023-01-14,P00002,S00117,E-commerce,0,66.36,66.36,0.0,0.0,0.0,0.0,,False,439,False
2023-01-15,P00002,S00117,E-commerce,0,66.36,66.36,0.0,0.0,0.0,0.0,,False,439,False
2023-01-16,P00002,S00117,E-commerce,0,66.36,66.36,0.0,0.0,0.0,0.0,,False,439,False
2023-01-17,P00002,S00117,E-commerce,0,66.36,66.36,0.0,0.0,0.0,0.0,,False,439,False
2023-01-18,P00002,S00117,E-commerce,0,66.36,66.36,0.0,0.0,0.0,0.0,,False,439,False
2023-01-19,P00002,S00117,E-commerce,0,66.36,66.36,0.0,0.0,0.0,0.0,,False,439,False
2023-01-20,P00002,S00117,E-commerce,0,66.36,66.36,0.0,0.0,0.0,0.0,,False,439,False
2023-01-21,P00002,S00117,E-commerce,0,66.36,66.36,0.0,0.0,0.0,0.0,,False,439,False
2023-01-22,P00002,S00117,E-commerce,0,66.36,66.36,0.0,0.0,0.0,0.0,,False,439,False
2023-01-23,P00002,S00117,E-commerce,0,66.36,66.36,0.0,0.0,0.0,0.0,,False,439,False
2023-01-24,P00002,S00117,E-commerce,0,66.36,66.36,0.0,0.0,0.0,0.0,,False,439,False
2023-01-25,P00002,S00117,E-commerce,0,66.36,66.36,0.0,0.0,0.0,0.0,,False,439,False
2023-01-26,P00002,S00117,E-commerce,0,66.36,66.36,0.0,0.0,0.0,0.0,,False,439,False
2023-01-27,P00002,S00117,E-commerce,0,66.36,66.36,0.0,0.0,0.0,0.0,,False,439,False
2023-01-28,P00002,S00117,E-commerce,0,66.36,66.36,0.0,0.0,0.0,0.0,,False,439,False
2023-01-29,P00002,S00117,E-commerce,0,66.36,66.36,0.0,0.0,0.0,0.0,,False,439,False
2023-01-30,P00002,S00117,E-commerce,0,66.36,66.36,0.0,0.0,0.0,0.0,,False,439,False
2023-01-31,P00002,S00117,E-commerce,0,66.36,66.36,0.0,0.0,0.0,0.0,,False,439,False
2023-02-01,P00002,S00117,E-commerce,0,66.36,66.36,0.0,0.0,0.0,0.0,,False,439,False
2023-02-02,P00002,S00117,E-commerce,0,66.36,66.36,0.0,0.0,0.0,0.0,,False,439,False
2023-02-03,P00002,S00117,E-commerce,0,66.36,66.36,0.0,0.0,0.0,0.0,,False,439,False
2023-02-04,P00002,S00117,E-commerce,0,66.36,66.36,0.0,0.0,0.0,0.0,,False,439,False
2023-02-05,P00002,S00117,E-commerce,0,66.36,66.36,0.0,0.0,0.0,0.0,,False,439,False
2023-02-06,P00002,S00117,E-commerce,0,66.36,66.36,0.0,0.0,0.0,0.0,,False,439,False
2023-02-07,P00002,S00117,E-commerce,0,66.36,66.36,0.0,0.0,0.0,0.0,,False,439,False
2023-02-08,P00002,S00117,E-commerce,0,66.36,66.36,0.0,0.0,0.0,0.0,,False,439,False
2023-02-09,P00002,S00117,E-commerce,0,66.36,66.36,0.0,0.0,0.0,0.0,,False,439,False
2023-02-10,P00002,S00117,E-commerce,0,66.36,66.36,0.0,0.0,0.0,0.0,,False,439,False
2023-02-11,P00002,S00117,E-commerce,0,66.36,66.36,0.0,0.0,0.0,0.0,,False,439,False
2023-02-12,P00002,S00117,E-commerce,0,66.36,66.36,0.0,0.0,0.0,0.0,,False,439,False
2023-02-13,P00002,S00117,E-commerce,0,66.36,66.36,0.0,0.0,0.0,0.0,,False,439,False
2023-02-14,P00002,S00117,E-commerce,0,66.36,66.36,0.0,0.0,0.0,0.0,,False,439,False
2023-02-15,P00002,S00117,E-commerce,0,66.36,66.36,0.0,0.0,0.0,0.0,,False,439,False
2023-02-16,P00002,S00117,E-commerce,0,66.36,66.36,0.0,0.0,0.0,0.0,,False,439,False
2023-02-17,P00002,S00117,E-commerce,0,66.36,66.36,0.0,0.0,0.0,0.0,,False,439,False
2023-02-18,P00002,S00117,E-commerce,0,66.36,66.36,0.0,0.0,0.0,0.0,,False,439,False
2023-02-19,P00002,S00117,E-commerce,0,66.36,66.36,0.0,0.0,0.0,0.0,,False,439,False
2023-02-20,P00002,S00117,E-commerce,0,66.36,66.36,0.0,0.0,0.0,0.0,,False,439,False
2023-02-21,P00002,S00117,E-commerce,0,66.36,66.36,0.0,0.0,0.0,0.0,,False,439,False
2023-02-22,P00002,S00117,E-commerce,0,66.36,66.36,0.0,0.0,0.0,0.0,,False,439,False
2023-02-23,P00002,S00117,E-commerce,0,66.36,66.36,0.0,0.0,0.0,0.0,,False,439,False
2023-02-24,P00002,S00117,E-commerce,0,66.36,66.36,0.0,0.0,0.0,0.0,,False,439,False
2023-02-25,P00002,S00117,E-commerce,0,66.36,66.36,0.0,0.0,0.0,0.0,,False,439,False
2023-02-26,P00002,S00117,E-commerce,0,66.36,66.36,0.0,0.0,0.0,0.0,,False,439,False
2023-02-27,P00002,S00117,E-commerce,0,66.88,66.88,0.0,0.0,0.0,0.0,,False,439,False
2023-02-28,P00002,S00117,E-commerce,0,66.88,66.88,0.0,0.0,0.0,0.0,,False,439,False
2023-03-01,P00002,S00117,E-commerce,0,66.88,66.88,0.0,0.0,0.0,0.0,,False,439,False
2023-03-02,P00002,S00117,E-commerce,0,66.88,66.88,0.0,0.0,0.0,0.0,,False,439,False
2023-03-03,P00002,S00117,E-commerce,0,66.88,66.88,0.0,0.0,0.0,0.0,,False,439,False
2023-03-04,P00002,S00117,E-commerce,0,66.88,66.88,0.0,0.0,0.0,0.0,,False,439,False
2023-03-05,P00002,S00117,E-commerce,0,66.88,66.88,0.0,0.0,0.0,0.0,,False,439,False
2023-03-06,P00002,S00117,E-commerce,0,66.88,66.88,0.0,0.0,0.0,0.0,,False,439,False
2023-03-07,P00002,S00117,E-commerce,0,66.88,66.88,0.0,0.0,0.0,0.0,,False,439,False
2023-03-08,P00002,S00117,E-commerce,0,66.88,66.88,0.0,0.0,0.0,0.0,,False,439,False
2023-03-09,P00002,S00117,E-commerce,0,66.88,66.88,0.0,0.0,0.0,0.0,,False,439,False
2023-03-10,P00002,S00117,E-commerce,0,66.88,66.88,0.0,0.0,0.0,0.0,,False,439,False
2023-03-11,P00002,S00117,E-commerce,0,66.88,66.88,0.0,0.0,0.0,0.0,,False,439,False
2023-03-12,P00002,S00117,E-commerce,0,66.88,66.88,0.0,0.0,0.0,0.0,,False,439,False
2023-03-13,P00002,S00117,E-commerce,0,66.88,66.88,0.0,0.0,0.0,0.0,,False,439,False
2023-03-14,P00002,S00117,E-commerce,0,66.88,66.88,0.0,0.0,0.0,0.0,,False,439,False
2023-03-15,P00002,S00117,E-commerce,0,66.88,66.88,0.0,0.0,0.0,0.0,,False,439,False
2023-03-16,P00002,S00117,E-commerce,0,66.88,66.88,0.0,0.0,0.0,0.0,,False,439,False
2023-03-17,P00002,S00117,E-commerce,0,66.88,66.88,0.0,0.0,0.0,0.0,,False,439,False
2023-03-18,P00002,S00117,E-commerce,0,66.88,66.88,0.0,0.0,0.0,0.0,,False,439,False
2023-03-19,P00002,S00117,E-commerce,0,66.88,66.88,0.0,0.0,0.0,0.0,,False,439,False
2023-03-20,P00002,S00117,E-commerce,0,66.88,66.88,0.0,0.0,0.0,0.0,,False,439,False
2023-03-21,P00002,S00117,E-commerce,0,66.88,66.88,0.0,0.0,0.0,0.0,,False,439,False
2023-03-22,P00002,S00117,E-commerce,0,66.88,66.88,0.0,0.0,0.0,0.0,,False,439,False
2023-03-23,P00002,S00117,E-commerce,0,66.88,66.88,0.0,0.0,0.0,0.0,,False,439,False
2023-03-24,P00002,S00117,E-commerce,0,66.88,66.88,0.0,0.0,0.0,0.0,,False,439,False
2023-03-25,P00002,S00117,E-commerce,0,66.88,66.88,0.0,0.0,0.0,0.0,,False,439,False
2023-03-26,P00002,S00117,E-commerce,0,66.88,66.88,0.0,0.0,0.0,0.0,,False,439,False
2023-03-27,P00002,S00117,E-commerce,0,66.88,66.88,0.0,0.0,0.0,0.0,,False,439,False
2023-03-28,P00002,S00117,E-commerce,0,66.88,66.88,0.0,0.0,0.0,0.0,,False,439,False
2023-03-29,P00002,S00117,E-commerce,0,66.88,66.88,0.0,0.0,0.0,0.0,,False,439,False
2023-03-30,P00002,S00117,E-commerce,0,66.88,66.88,0.0,0.0,0.0,0.0,,False,439,False
2023-03-31,P00002,S00117,E-commerce,0,66.88,66.88,0.0,0.0,0.0,0.0,,False,439,False
2023-01-01,P00002,S00027,E-commerce,0,67.96,67.96,0.0,0.0,0.0,0.0,,False,464,False
2023-01-02,P00002,S00027,E-commerce,0,67.96,67.96,0.0,0.0,0.0,0.0,,False,464,False
2023-01-03,P00002,S00027,E-commerce,0,67.96,67.96,0.0,0.0,0.0,0.0,,False,464,False
2023-01-04,P00002,S00027,E-commerce,0,67.96,67.96,0.0,0.0,0.0,0.0,,False,464,False
2023-01-05,P00002,S00027,E-commerce,0,67.96,67.96,0.0,0.0,0.0,0.0,,False,464,False
2023-01-06,P00002,S00027,E-commerce,0,67.96,67.96,0.0,0.0,0.0,0.0,,False,464,False
2023-01-07,P00002,S00027,E-commerce,0,67.96,67.96,0.0,0.0,0.0,0.0,,False,464,False
2023-01-08,P00002,S00027,E-commerce,0,67.96,67.96,0.0,0.0,0.0,0.0,,False,464,False
2023-01-09,P00002,S00027,E-commerce,0,67.96,67.96,0.0,0.0,0.0,0.0,,False,464,False
2023-01-10,P00002,S00027,E-commerce,0,67.96,44.47,34.57,0.0,0.0,0.0,PR0000161,True,464,False
